source_id,target_id,weight
1,2,1
1,20,1
1,523,4
2,3,1
2,4,1
2,20,4
2,29,3
2,76,1
2,77,1
2,82,2
2,100,1
2,112,1
2,130,1
2,136,1
2,194,1
2,202,1
2,210,1
2,218,1
2,221,2
2,231,1
2,248,6
2,253,1
2,258,1
2,289,1
2,311,1
2,313,1
2,315,1
2,433,1
2,456,1
2,634,1
2,761,1
2,762,2
2,775,1
2,816,1
2,915,1
2,922,3
2,949,1
2,973,1
2,1034,1
2,1111,1
2,1137,1
2,1163,1
2,1812,1
2,1876,1
3,4,2
3,32,3
3,1648,1
3,2045,1
4,5,26
4,16,44
4,39,1
4,68,5
4,395,1
4,514,1
4,671,1
4,897,1
4,962,1
4,965,1
4,1056,2
4,1066,1
4,1085,1
4,1247,1
4,1472,1
4,1477,1
4,1496,1
4,2195,1
4,2327,1
4,3551,1
4,3668,1
5,6,1
5,17,1
5,33,1
5,39,1
5,48,1
5,63,4
5,83,1
5,88,1
5,112,1
5,193,1
5,212,1
5,213,1
5,218,1
5,253,1
5,314,1
5,326,1
5,358,1
5,409,1
5,483,1
5,514,1
5,542,3
5,588,1
5,607,1
5,636,1
5,722,1
5,729,1
5,780,1
5,788,1
5,804,1
5,821,1
5,921,1
5,973,1
5,976,1
5,981,1
5,987,1
5,1000,1
5,1004,1
5,1010,1
5,1017,1
5,1024,2
5,1043,1
5,1068,2
5,1090,1
5,1266,1
5,1273,1
5,1315,1
5,1325,1
5,1340,1
5,1358,1
5,1360,1
5,1378,1
5,1466,1
5,1501,1
5,1725,1
5,1736,1
5,1803,1
5,1902,1
5,1928,1
5,1931,1
5,1950,1
5,1953,1
5,1965,6
5,1977,1
5,1979,1
5,2004,2
5,2020,1
5,2040,1
5,2099,1
5,2133,1
5,2134,1
5,2137,1
5,2138,2
5,2143,2
5,2145,1
5,2157,1
5,2382,1
5,2556,1
5,3076,1
5,3079,1
5,3199,1
5,3242,1
5,3251,1
5,3368,2
5,3489,1
5,3593,1
5,3633,1
6,7,2
6,152,1
7,8,1
7,112,1
7,122,1
7,128,2
7,142,1
7,694,2
7,908,3
7,1211,1
7,1214,1
7,1218,1
7,1342,1
7,1428,2
7,1430,1
7,1509,3
7,1545,1
7,1853,4
7,1968,1
7,2513,1
7,2872,1
7,3039,1
7,3063,1
7,3176,1
7,3185,1
7,3190,1
7,3211,1
7,3708,1
7,3717,1
7,3745,1
7,3764,1
8,9,1
9,10,1
10,1,1
10,7,7
10,11,1
10,77,4
10,139,1
10,908,5
10,1257,4
10,1273,2
10,1406,1
10,1412,1
10,1539,1
10,1547,1
10,1683,1
10,1744,2
10,1745,1
10,1791,1
10,1851,1
10,1870,1
10,1914,1
10,1939,1
10,1967,23
10,2810,1
10,3037,1
10,3058,1
10,3151,1
10,3272,1
10,3712,1
10,3744,1
11,12,1
12,13,1
12,364,1
13,14,3
13,73,2
13,220,1
13,262,1
13,292,1
13,824,1
13,936,1
13,1092,1
13,1112,1
13,2279,1
13,2691,1
13,2705,1
13,2758,1
13,3042,1
13,3233,1
13,3596,1
14,15,1
14,112,3
14,198,1
14,199,2
14,213,1
14,354,1
14,599,1
14,626,1
14,628,2
14,1132,1
14,1488,1
14,2194,1
15,4,1
15,168,2
15,1280,1
16,10,2
16,14,3
16,17,7
16,20,2
16,29,1
16,74,1
16,130,1
16,167,3
16,172,1
16,248,1
16,287,1
16,354,3
16,400,1
16,403,1
16,412,1
16,418,1
16,525,11
16,528,1
16,555,2
16,572,1
16,709,1
16,722,1
16,918,1
16,976,1
16,1006,1
16,1037,1
16,1146,1
16,1150,3
16,1249,1
16,1250,1
16,1292,1
16,1480,1
16,1538,3
16,1672,1
16,1796,3
16,1928,2
16,1941,1
16,1942,1
16,1945,1
16,1957,6
16,1958,1
16,1964,1
16,1966,4
16,1993,5
16,2015,1
16,2128,1
16,2156,1
16,2160,1
16,2174,1
16,2196,1
16,2209,2
16,2216,1
16,2226,1
16,2366,2
16,2383,1
16,2385,1
16,2389,1
16,2528,1
16,2559,1
16,2601,1
16,2603,1
16,2615,1
16,2900,1
16,2903,1
16,3674,2
17,18,36
17,77,2
17,525,2
17,564,4
17,594,1
17,1292,1
17,1396,1
17,1974,1
17,1978,1
17,2023,1
17,2119,1
17,2209,2
17,2362,1
17,2411,2
17,2598,1
17,3076,1
18,10,1
18,15,1
18,19,1
18,20,1
18,29,1
18,39,2
18,167,2
18,201,1
18,208,1
18,246,1
18,248,1
18,294,1
18,299,1
18,318,1
18,347,1
18,354,2
18,409,1
18,525,3
18,531,1
18,542,2
18,600,1
18,692,1
18,709,1
18,770,1
18,804,1
18,806,1
18,822,1
18,925,1
18,976,2
18,1036,1
18,1250,3
18,1257,4
18,1269,2
18,1273,3
18,1289,1
18,1292,1
18,1392,1
18,1475,1
18,1485,1
18,1531,1
18,1538,1
18,1659,1
18,1928,1
18,1940,1
18,1941,2
18,1945,1
18,1957,2
18,1993,1
18,2100,1
18,2107,1
18,2111,1
18,2162,1
18,2209,1
18,2366,1
18,2980,1
18,2987,1
19,2,3
19,39,1
19,661,1
20,5,1
20,14,1
20,15,1
20,17,1
20,21,1
20,29,1
20,39,2
20,77,1
20,112,1
20,130,1
20,136,1
20,143,2
20,168,1
20,179,7
20,284,1
20,362,1
20,378,1
20,421,3
20,473,3
20,512,1
20,709,3
20,765,1
20,796,2
20,880,1
20,887,1
20,910,2
20,1250,1
20,1484,1
20,1485,1
20,1538,1
20,1640,3
20,1644,1
20,1647,1
20,1754,1
20,1963,1
20,1975,1
20,1976,1
20,2180,1
20,2198,1
20,2209,2
20,2236,1
20,2297,1
20,2336,1
20,2392,1
20,2539,1
20,2587,1
20,2852,1
20,3116,1
20,3229,1
21,22,1
22,23,8
22,25,7
22,27,4
22,970,1
22,1241,1
23,2,3
23,24,3
23,77,1
23,248,1
23,667,1
23,700,1
23,908,1
23,3247,1
23,3718,1
24,25,1
24,73,1
24,242,1
24,245,1
25,26,2
25,248,2
25,254,1
25,281,1
25,488,1
25,713,1
26,27,1
26,257,1
26,487,2
27,2,1
27,28,1
27,126,1
27,259,1
27,291,1
27,717,1
28,29,1
28,189,1
28,593,1
29,17,2
29,30,3
29,58,2
29,59,1
29,95,1
29,328,1
29,378,1
29,429,1
29,478,1
29,524,2
29,569,1
29,595,2
29,675,2
29,775,1
29,1203,1
29,1434,5
29,1491,1
29,1972,4
29,1985,1
29,2194,1
29,2210,5
29,2254,1
29,2260,2
29,2307,1
29,2328,2
29,2329,1
29,2381,1
29,2389,6
29,2600,1
30,31,1
30,179,1
30,340,1
30,342,1
30,1282,1
30,1985,1
31,32,1
31,42,1
31,418,1
31,927,1
31,1375,1
31,1773,1
32,17,4
32,33,1
32,77,1
32,121,3
32,136,1
32,199,1
32,483,1
32,656,1
32,1160,1
32,1242,1
32,1269,2
32,1317,1
32,1395,1
32,1776,1
33,34,1
33,71,1
33,926,1
34,35,2
34,81,1
34,224,1
34,626,1
34,2118,1
35,13,1
35,36,1
35,670,1
36,37,1
36,359,1
36,474,1
37,4,2
37,38,1
37,135,1
37,417,1
37,811,1
37,983,1
37,1450,1
38,19,1
38,443,1
38,472,1
38,482,1
38,576,1
38,659,1
38,689,1
38,930,1
38,995,1
38,1160,1
38,1177,1
38,1359,1
38,1588,1
38,1724,1
39,40,1
39,60,1
39,61,2
39,78,2
39,136,2
39,201,2
39,284,2
39,294,1
39,326,1
39,428,1
39,495,1
39,572,1
39,580,1
39,676,1
39,727,1
39,734,1
39,763,1
39,778,2
39,955,1
39,966,1
39,1048,2
39,1069,1
39,1082,2
39,1144,1
39,1379,1
39,1453,1
39,1480,1
39,1499,1
39,1908,1
39,1999,1
39,2524,1
39,2613,1
39,2655,1
39,2703,1
39,3475,1
40,41,1
41,42,2
41,474,1
42,43,4
43,32,1
43,39,1
43,44,2
43,239,1
43,635,1
43,758,1
43,821,1
43,1365,1
43,1594,1
44,45,1
44,68,1
44,136,1
44,626,3
44,678,1
44,2102,1
45,46,1
45,77,1
45,91,1
45,168,1
45,174,1
45,247,1
45,520,1
45,654,1
45,695,1
45,1421,1
46,47,1
47,4,1
47,48,1
47,53,1
47,68,4
47,96,1
47,938,1
47,975,1
47,990,1
47,1375,1
47,2179,3
47,2785,2
48,39,1
48,49,1
48,67,1
48,922,1
48,1928,1
48,2169,1
48,2178,1
48,2499,1
49,47,1
49,50,1
49,218,1
49,791,1
49,1375,1
49,1448,1
49,2423,1
49,2424,1
49,2566,1
50,2,1
50,51,1
51,52,1
51,210,1
52,53,1
53,2,1
53,54,1
53,89,1
53,220,2
53,1152,1
54,32,1
54,55,1
54,1089,1
55,56,2
55,68,2
55,1166,1
55,1709,1
56,57,1
56,67,1
56,235,1
56,795,1
56,823,1
56,988,1
56,1030,1
56,1221,1
56,1315,1
56,1454,1
57,29,1
57,762,1
58,59,1
58,601,1
58,602,1
59,39,1
59,75,1
59,345,1
60,61,1
60,1135,1
61,62,1
61,923,1
61,1118,1
61,1321,3
61,1650,1
61,2113,1
61,2147,1
61,2190,1
61,2295,1
61,2352,1
61,2395,1
61,2694,1
61,3148,1
62,63,1
62,537,2
63,64,1
63,67,1
63,68,2
63,786,1
63,812,1
63,919,1
63,1757,1
64,65,1
65,66,1
66,67,1
67,4,1
67,39,2
67,68,9
67,253,1
67,377,3
67,433,1
67,691,1
67,876,1
67,1006,2
67,1580,1
67,1777,1
67,1908,1
67,2143,1
67,2180,1
67,2308,1
67,2580,1
67,3658,1
68,16,1
68,49,1
68,69,1
68,87,3
68,216,2
68,309,1
68,379,3
68,559,1
68,579,1
68,625,1
68,635,2
68,724,1
68,782,1
68,786,1
68,787,1
68,801,1
68,810,1
68,818,1
68,891,1
68,919,1
68,934,1
68,965,2
68,999,1
68,1030,1
68,1031,1
68,1035,1
68,1040,1
68,1071,1
68,1220,1
68,1266,1
68,1451,1
68,1482,1
68,1691,1
68,1750,1
68,1751,2
68,1752,1
68,3564,1
68,3565,1
69,70,1
69,3010,1
70,33,1
70,1273,1
70,1761,1
71,72,1
71,336,1
71,515,1
72,32,1
72,73,1
72,112,1
72,377,2
72,626,1
72,819,1
72,1002,1
72,1054,1
72,1334,1
72,1569,1
72,1638,1
72,1928,1
72,1964,1
72,2143,1
73,74,18
73,292,2
73,3172,1
74,20,11
74,29,2
74,218,1
74,244,4
74,245,1
74,246,1
74,248,5
74,280,1
74,283,1
74,296,1
74,396,1
74,400,1
74,464,2
74,524,1
74,709,1
74,744,1
74,2370,2
74,2427,1
74,2439,1
74,2473,1
74,3206,1
74,3218,1
75,2,1
75,1465,1
76,5,1
76,77,1
76,525,2
76,542,2
76,1281,2
76,1288,2
76,1297,1
76,1416,1
76,1540,1
76,1864,2
76,1965,3
76,1982,1
76,2050,1
76,2109,1
76,2136,1
77,7,1
77,18,36
77,19,1
77,75,1
77,121,1
77,170,1
77,216,1
77,263,1
77,564,2
77,671,1
77,682,1
77,696,1
77,814,1
77,908,4
77,1313,1
77,1332,1
77,1523,1
77,1536,1
77,1614,2
77,1621,1
77,1623,1
77,1686,1
77,1718,1
77,1834,1
77,1840,1
77,1896,1
77,1915,1
77,2201,1
77,2210,2
77,2214,1
77,2303,1
77,2406,2
77,2588,2
77,2754,1
77,2898,2
77,3026,1
77,3044,1
77,3073,1
77,3087,1
77,3125,1
77,3135,1
77,3136,1
77,3153,1
77,3167,1
77,3184,1
77,3268,1
77,3297,2
77,3639,1
77,3709,1
77,3711,1
77,3725,1
77,3746,1
78,79,2
79,39,1
79,53,1
79,80,1
79,83,1
80,81,1
80,286,1
80,615,1
81,2,1
81,5,7
81,16,1
81,136,5
81,367,1
81,542,1
81,922,1
81,931,1
81,946,1
81,1297,1
81,1540,5
81,1976,1
81,2025,1
81,2052,1
81,2674,1
81,3036,1
82,4,1
82,39,1
82,83,1
82,168,1
82,264,1
82,921,1
82,1524,1
82,2608,1
83,10,1
83,67,1
83,81,1
83,84,2
83,231,1
83,249,1
83,301,1
83,340,1
83,416,1
83,786,1
83,1138,1
83,1299,1
83,1415,1
83,1478,1
83,2222,1
83,2652,1
84,85,1
84,959,1
85,86,1
86,68,2
86,130,1
86,493,1
87,39,1
87,86,1
87,88,1
87,960,1
88,31,1
88,89,2
88,336,1
88,635,1
88,677,1
88,1101,1
88,1146,2
88,1246,1
88,1292,1
88,1364,1
88,2017,1
88,2034,1
88,2198,1
88,2535,1
88,2651,1
88,2706,1
88,2777,1
88,3459,1
88,3581,1
88,3590,1
88,3650,1
88,3759,1
89,90,3
89,1025,1
89,1031,1
89,1732,1
89,3514,1
90,4,1
90,5,1
90,22,1
90,67,2
90,68,1
90,91,1
90,201,1
90,400,1
90,983,1
91,26,1
91,87,1
91,92,1
91,809,1
91,927,1
92,93,1
92,1134,1
93,68,1
93,94,1
93,1238,1
93,1812,1
94,95,1
94,1165,1
94,1889,1
95,14,1
95,77,1
95,96,1
95,418,1
95,444,1
95,967,1
95,1356,1
95,1538,1
95,1928,1
95,1945,1
95,1993,1
95,2062,1
95,2125,2
95,2550,1
95,3161,1
96,97,1
96,778,1
97,98,1
98,99,1
98,401,1
98,594,1
99,2,1
99,968,1
100,101,1
101,102,1
101,105,1
101,2077,3
101,2091,4
101,3091,3
101,3529,1
102,103,1
103,104,1
103,109,1
104,105,1
105,106,2
105,2086,1
106,107,1
106,115,1
107,7,1
107,10,2
107,77,4
107,108,1
107,112,2
107,261,4
107,688,1
107,804,16
107,908,2
107,1143,1
107,1214,2
107,1217,1
107,1256,2
107,1257,1
107,1263,2
107,1273,2
107,1541,2
107,1545,1
107,1547,1
107,1566,1
107,1618,1
107,1675,2
107,1676,1
107,1746,1
107,1810,1
107,1853,1
107,1872,1
107,3023,1
107,3146,1
107,3152,1
107,3273,1
107,3302,1
108,103,1
109,110,1
110,111,2
111,112,1
111,119,1
112,4,1
112,16,1
112,17,1
112,29,2
112,95,1
112,113,1
112,135,1
112,150,1
112,164,1
112,167,4
112,310,1
112,332,1
112,336,1
112,344,1
112,449,1
112,583,1
112,605,1
112,625,1
112,628,1
112,635,1
112,668,1
112,754,2
112,770,1
112,800,1
112,888,1
112,906,1
112,911,1
112,979,1
112,993,1
112,1161,1
112,1285,1
112,1321,3
112,1332,1
112,1452,1
112,1530,1
112,1580,1
112,1584,1
112,1650,1
112,1787,1
112,1904,1
112,1918,1
112,1957,2
112,1969,1
112,1972,1
112,1976,1
112,1981,1
112,1993,1
112,2034,1
112,2099,1
112,2113,1
112,2169,1
112,2182,1
112,2184,1
112,2194,1
112,2211,1
112,2225,1
112,2251,1
112,2263,1
112,2272,1
112,2380,1
112,2555,1
112,2822,2
112,2861,1
112,3108,1
112,3191,1
112,3197,1
112,3230,1
112,3339,1
112,3346,1
112,3421,1
112,3592,1
112,3613,1
112,3657,1
113,114,1
114,101,1
114,2744,1
115,116,1
116,117,1
117,118,1
118,110,1
119,120,1
120,121,1
120,1448,1
121,6,1
121,10,3
121,694,3
121,1216,9
122,123,1
123,124,1
123,2096,1
123,3537,1
124,125,1
125,126,1
126,127,10
127,128,10
128,73,2
128,129,11
128,487,1
128,953,1
128,1244,1
128,1313,2
128,1317,2
128,1324,2
128,1325,2
128,1335,1
128,1344,4
128,3245,1
129,12,1
129,13,1
129,101,1
129,130,1
129,360,4
129,640,1
129,721,1
129,1239,1
129,1920,1
129,3050,1
129,3123,1
129,3451,1
129,3706,1
129,3716,1
130,131,1
130,350,1
130,580,1
130,595,1
130,671,1
130,729,1
130,799,1
130,1034,1
130,1367,3
130,1375,3
130,1478,1
130,1492,1
130,1973,1
130,2018,1
130,2191,1
130,2293,1
130,2315,1
130,2352,1
130,2946,1
130,3405,1
130,3588,1
131,132,1
131,1192,1
131,1205,1
132,133,1
133,134,1
134,135,1
135,2,1
135,13,1
135,136,5
135,922,1
135,3181,1
136,29,1
136,126,1
136,128,1
136,137,1
136,199,2
136,252,1
136,266,1
136,280,1
136,302,1
136,307,1
136,337,1
136,508,1
136,514,1
136,668,1
136,973,1
136,1266,1
136,1273,1
136,1297,1
136,1305,1
136,1561,1
136,1789,1
136,2118,1
136,2706,1
136,3031,1
136,3034,1
136,3069,1
137,138,1
137,1338,1
138,10,1
139,140,1
139,1440,1
140,141,1
141,7,4
141,10,2
141,23,1
141,77,1
141,112,1
141,142,2
141,295,1
141,533,1
141,908,1
141,1259,1
141,1265,1
141,1273,1
141,1327,1
141,1429,1
141,1431,1
141,1703,1
141,1888,1
141,2372,2
141,3053,1
141,3278,1
141,3318,1
141,3721,1
141,3724,1
141,3737,2
141,3750,1
142,143,1
142,610,1
142,1413,2
143,10,2
143,77,1
143,144,1
143,692,1
143,1128,1
143,1281,1
143,1538,2
143,2045,1
144,145,1
145,146,1
146,147,1
147,148,1
148,149,1
149,150,2
150,151,1
150,360,1
150,2564,1
150,3449,1
151,6,1
152,153,1
152,360,1
152,2879,1
152,3433,1
153,154,1
154,155,22
155,156,1
155,218,1
155,1397,1
155,1924,13
155,2875,1
155,2879,1
155,2940,1
155,3062,1
155,3119,1
155,3155,1
155,3193,1
155,3201,1
155,3224,2
155,3436,1
156,157,1
157,158,1
158,159,1
158,1340,1
158,3165,1
159,160,1
160,161,1
160,2856,1
161,162,1
162,163,1
163,112,1
163,3467,1
164,165,1
165,166,1
166,167,1
166,1923,1
167,17,1
167,29,1
167,143,1
167,192,1
167,201,1
167,326,1
167,445,1
167,509,1
167,943,1
167,1123,1
167,1125,1
167,1861,1
167,1918,1
167,1973,1
167,2241,1
167,2328,1
167,2503,2
167,2505,1
167,2647,1
167,2833,1
167,2890,1
167,3118,1
168,17,11
168,79,1
168,128,2
168,167,1
168,169,1
168,217,1
168,220,1
168,418,2
168,419,1
168,555,2
168,635,1
168,976,6
168,1146,1
168,1315,1
168,3513,1
169,105,1
169,170,1
169,1117,1
169,3338,1
170,171,1
170,205,1
170,335,1
170,500,1
170,906,1
171,61,1
171,172,1
171,1267,1
171,1612,1
171,1863,1
171,2174,1
172,173,1
172,1965,1
172,2648,1
173,174,1
174,175,1
174,212,1
174,1721,1
175,176,1
176,177,1
177,178,1
177,647,1
178,2,1
178,179,1
179,2,3
179,4,1
179,67,1
179,88,1
179,180,1
179,283,1
179,338,1
179,396,1
179,493,1
179,676,1
179,718,1
179,719,1
179,731,1
179,769,1
179,779,1
179,817,1
179,1107,1
179,1240,1
179,1928,1
179,1950,1
179,1976,1
179,1986,1
179,2018,1
179,2228,1
179,2577,1
180,181,1
180,2225,1
180,2583,1
181,53,1
181,76,1
181,136,1
181,182,1
181,493,1
181,885,1
181,1447,1
181,1947,1
182,183,1
182,336,1
182,3573,1
183,184,1
184,185,1
185,186,1
186,88,1
186,187,1
187,188,1
188,189,1
188,646,2
188,1022,1
189,20,1
189,190,1
189,283,1
189,452,1
189,628,1
189,1640,1
190,191,1
190,1603,1
191,77,1
192,193,1
193,4,1
193,16,1
193,58,1
193,578,1
193,2336,1
194,195,1
195,196,1
196,47,1
196,197,1
196,802,1
197,13,1
198,17,1
198,199,1
199,1,1
199,112,1
199,200,3
199,218,2
199,331,5
199,405,1
199,820,1
199,859,1
199,902,1
199,2239,1
199,2286,1
199,2299,1
199,2342,2
199,2351,1
199,2361,1
199,2399,3
199,3574,1
199,3632,1
200,112,1
200,448,1
200,522,1
201,53,1
201,181,1
201,202,1
201,252,1
201,264,1
201,295,1
201,299,1
201,352,1
201,426,1
201,520,1
201,628,1
201,668,1
201,885,1
201,910,1
201,927,1
201,955,1
201,1091,2
201,1179,2
201,1538,1
201,1787,1
201,1965,1
201,2010,1
201,2313,1
201,2596,1
202,203,1
202,343,1
202,1609,1
202,2502,1
202,2765,1
202,3629,1
203,204,1
204,170,1
205,206,1
205,825,1
205,1466,1
205,2501,1
206,207,1
207,208,1
208,13,1
208,39,1
208,209,1
208,756,1
208,760,1
209,2,1
210,4,1
210,211,3
210,216,2
210,278,1
210,493,1
210,918,1
210,1374,1
210,1927,1
211,45,2
211,310,1
211,493,1
212,213,1
212,756,1
212,1457,1
213,214,1
213,328,1
213,1747,1
213,2276,1
213,2366,1
214,135,1
214,168,1
214,215,1
214,220,1
214,474,1
215,32,1
215,216,1
215,218,1
216,4,2
216,39,1
216,112,1
216,168,1
216,460,1
216,784,1
216,812,2
216,877,1
216,879,1
216,1449,1
216,3628,1
217,218,1
218,22,1
218,29,1
218,48,3
218,128,2
218,168,1
218,219,1
218,404,2
218,410,1
218,498,1
218,532,1
218,563,1
218,739,5
218,779,1
218,809,1
218,1321,1
218,1453,1
218,1949,4
218,2210,2
218,2224,1
218,2619,1
218,2692,1
218,3163,1
218,3554,1
219,220,1
219,3289,1
220,2,7
220,419,1
220,435,2
220,523,1
220,618,1
220,625,1
220,899,2
220,1556,1
221,222,1
221,259,1
222,223,1
223,224,1
223,430,1
223,1443,1
224,225,1
224,592,1
224,2562,1
225,226,1
225,228,1
226,227,1
226,787,1
227,112,1
227,225,1
227,234,1
227,3569,1
228,229,1
229,230,1
230,218,1
230,2563,1
231,232,1
231,380,1
231,425,1
232,233,1
232,2034,1
232,2625,1
233,234,1
234,81,1
234,235,1
234,1580,1
234,3471,1
235,236,1
235,274,1
236,237,1
237,238,1
237,1361,1
238,239,1
239,240,2
240,39,1
240,241,1
240,577,1
240,743,1
240,2630,1
241,24,1
241,762,1
242,243,1
243,73,1
243,288,1
243,620,1
244,2,1
244,251,1
244,260,1
244,1273,1
245,246,2
245,1237,1
246,214,1
246,247,1
246,262,1
246,432,1
246,445,1
246,450,1
246,461,1
246,465,1
247,201,2
247,210,1
247,248,2
247,370,1
247,397,1
248,17,1
248,39,1
248,83,1
248,136,1
248,179,1
248,218,1
248,265,1
248,279,1
248,284,1
248,299,1
248,376,3
248,377,1
248,380,1
248,474,1
248,482,1
248,538,1
248,820,1
248,978,1
248,1011,1
248,1078,1
248,1515,1
248,3682,1
248,3747,1
249,250,1
250,5,1
250,244,2
250,1954,1
250,2454,1
251,201,1
252,2,1
252,22,1
252,253,1
252,287,1
252,948,1
252,1184,1
253,17,1
253,22,6
253,112,2
253,199,1
253,201,1
253,253,61
253,273,1
253,292,1
253,315,2
253,317,1
253,360,1
253,373,4
253,374,4
253,405,1
253,416,3
253,478,1
253,526,1
253,653,1
253,694,1
253,705,1
253,706,1
253,707,1
253,708,1
253,709,1
253,710,1
253,711,1
253,715,2
253,716,1
253,717,1
253,720,1
253,757,1
253,771,1
253,814,1
253,829,5
253,830,1
253,832,2
253,835,2
253,836,1
253,849,2
253,907,2
253,945,1
253,1149,1
253,1206,1
253,1207,1
253,1272,1
253,1340,1
253,1586,1
253,1613,1
253,1712,1
253,1743,1
253,1879,1
254,255,1
255,256,1
255,545,1
256,26,1
257,22,1
257,34,1
258,259,1
259,22,1
259,218,1
259,260,1
259,287,1
259,583,1
260,107,3
261,252,1
261,260,1
261,262,1
261,1225,1
261,1233,1
261,1506,1
262,29,1
262,39,1
262,74,1
262,135,1
262,214,1
262,263,1
262,275,1
262,440,1
262,1335,1
263,22,1
263,1481,1
263,2308,1
263,2436,1
264,22,1
264,253,1
264,484,1
264,1750,1
264,2366,1
264,2610,1
265,22,1
266,267,1
266,956,1
267,268,1
268,269,1
269,270,1
270,271,1
270,1235,1
271,272,1
272,253,1
273,56,1
273,1224,1
274,275,1
275,276,1
275,534,1
275,1322,1
276,277,1
277,247,1
278,248,1
278,391,1
278,461,1
279,136,2
280,22,1
280,264,1
281,282,1
282,4,1
282,28,2
282,88,1
282,255,1
282,336,1
282,377,1
282,594,1
282,784,1
282,877,2
282,2539,1
282,2599,1
282,3459,1
282,3587,1
282,3619,1
282,3623,1
282,3645,1
282,3646,1
283,29,1
283,284,1
283,288,1
283,586,1
283,594,1
283,613,1
283,617,1
283,1985,1
284,2,1
284,61,1
284,220,1
284,285,1
284,303,1
284,403,1
284,454,1
284,817,1
284,1083,1
284,2509,1
284,2511,1
284,3482,1
285,286,1
286,287,2
286,291,1
287,5,1
287,128,1
287,179,3
287,283,2
287,291,1
287,317,1
287,532,1
287,792,1
287,871,1
287,1047,1
287,1993,2
287,2102,1
288,289,2
288,587,1
289,259,1
289,290,1
289,492,1
289,584,1
290,291,1
291,2,1
291,22,2
291,243,1
291,1229,1
291,1557,1
292,2,1
292,17,1
292,20,1
292,83,1
292,284,1
292,293,1
292,383,1
292,434,1
292,536,1
292,643,1
292,736,1
292,2261,1
293,210,1
294,295,1
294,1453,1
295,74,1
295,462,1
295,507,1
295,1052,1
296,297,1
297,298,1
298,248,1
299,22,1
299,300,1
299,305,1
299,2967,1
300,301,1
301,302,1
301,2559,1
302,303,1
302,335,1
302,348,2
303,179,1
303,264,1
303,304,1
303,1985,1
304,305,1
305,306,2
306,2,1
306,435,1
307,308,1
307,2117,1
308,55,2
308,292,1
308,985,1
309,310,1
309,337,1
310,311,1
310,318,1
310,441,1
310,554,1
310,834,1
310,1334,1
311,5,1
311,253,1
311,312,1
311,317,1
312,313,1
313,168,1
313,253,1
313,314,1
313,403,1
313,409,1
313,421,1
313,629,1
313,644,1
313,733,2
313,737,1
313,741,1
313,752,1
313,1432,1
314,83,1
314,253,2
314,315,4
314,387,1
314,414,1
314,470,1
314,740,1
314,747,1
314,831,1
314,832,2
314,833,1
314,835,1
314,848,1
314,1001,1
315,218,1
315,316,1
315,579,1
315,580,1
315,903,1
316,253,1
317,310,1
317,318,3
317,784,1
317,2119,1
317,2642,1
318,136,1
318,168,1
318,313,3
318,319,1
318,532,1
318,703,1
318,733,2
318,753,1
318,869,1
318,1467,1
319,32,1
319,320,1
320,321,2
321,201,1
321,322,1
322,323,1
323,324,1
324,325,1
325,292,1
326,2,1
326,327,1
326,440,1
326,447,1
326,728,1
326,942,1
326,2210,2
326,2229,1
327,328,1
327,1017,1
328,329,1
328,1281,1
328,1354,1
328,2352,1
329,330,1
330,199,1
331,112,1
331,345,1
331,356,1
331,372,1
331,544,1
332,333,1
332,431,3
333,334,1
333,2368,1
333,2371,1
333,2374,1
333,2424,1
334,302,1
335,71,1
335,149,1
335,433,1
335,545,1
335,2023,1
335,2511,1
335,2645,1
335,3171,1
335,3739,1
336,81,1
336,136,1
336,168,1
336,974,1
336,2034,1
336,2533,1
336,3054,1
336,3609,3
337,216,1
337,338,1
338,339,1
338,1306,1
339,292,1
340,341,2
341,30,1
341,547,1
342,220,1
343,112,1
344,59,1
345,20,1
345,335,1
345,346,1
346,77,1
346,1203,1
346,2141,1
346,2602,1
347,58,1
347,95,1
347,181,1
347,347,3
347,377,3
347,418,1
347,812,4
347,815,2
347,824,1
347,1045,1
347,1580,1
347,2178,1
347,2186,1
347,2188,1
347,2270,1
347,3549,2
347,3552,1
347,3594,1
347,3620,1
347,3651,2
348,335,1
348,349,1
349,130,1
349,366,1
350,351,1
350,1979,1
350,3471,2
351,201,1
351,1414,1
352,210,1
352,353,1
353,354,2
353,525,2
354,355,8
354,527,3
355,10,4
355,167,1
355,199,1
355,347,1
355,549,1
355,626,1
355,976,1
355,1273,1
355,1948,1
355,1964,1
355,1965,2
355,1966,1
355,2170,1
355,2174,1
355,2224,2
355,2749,1
355,2755,1
355,2826,1
355,2833,1
355,2981,1
355,2993,1
356,357,1
357,358,1
358,36,1
358,819,1
359,345,1
360,361,9
360,975,11
360,2919,1
360,2923,1
361,362,9
362,126,4
362,220,1
362,363,1
362,409,1
362,440,1
362,609,1
362,742,1
362,983,1
362,1755,1
362,1925,10
362,2805,1
362,2864,1
362,3392,1
363,360,1
364,112,4
364,141,1
364,365,1
364,842,1
364,1387,1
364,2775,1
364,3749,1
364,3765,1
365,366,1
365,532,3
366,81,1
366,1801,1
366,2620,3
366,3740,1
367,368,1
368,369,1
369,80,1
369,362,1
369,370,1
370,20,1
370,248,4
370,346,1
370,371,1
370,595,1
370,2486,1
371,32,1
371,1073,1
372,373,1
373,374,2
373,484,1
373,702,1
373,703,1
373,704,1
374,375,1
374,416,1
374,484,1
374,702,1
374,703,1
374,704,1
374,2424,1
375,376,1
376,313,1
376,377,3
377,309,1
377,313,1
377,378,1
377,382,1
377,435,1
377,575,1
377,643,1
377,671,1
377,804,3
377,1516,1
377,2369,1
377,2578,1
377,2581,1
377,3462,1
377,3478,1
377,3552,1
377,3554,1
377,3559,1
377,3616,2
377,3679,1
378,4,1
378,45,1
378,168,1
378,406,1
378,484,1
378,567,1
378,572,1
378,740,1
379,201,1
379,370,1
379,878,1
379,896,1
379,938,1
379,1095,1
379,1396,1
379,1485,1
380,262,1
380,381,1
380,385,1
380,1054,1
380,1729,1
380,2491,1
381,377,1
381,2629,1
382,13,1
383,384,1
383,469,1
383,746,1
384,179,1
384,380,1
384,453,1
384,1784,1
385,314,1
385,315,1
385,386,1
385,411,1
385,568,1
385,932,1
386,314,3
386,458,1
387,388,1
388,389,1
389,390,1
389,836,1
390,278,1
391,392,1
392,112,1
392,393,1
393,394,1
393,1478,1
394,395,1
395,74,1
395,167,1
395,626,1
395,1285,1
396,378,3
396,447,1
396,922,1
396,1490,1
397,398,1
397,1300,1
397,2243,1
397,2723,1
397,2886,1
397,2895,1
398,399,1
398,1273,1
399,400,1
400,218,1
400,401,1
400,955,1
400,1530,1
400,1765,1
400,3586,1
401,402,1
401,951,1
401,997,1
401,1050,1
402,403,1
402,1355,1
403,2,1
403,4,1
403,20,1
403,396,1
403,404,1
403,1628,1
403,1993,1
404,199,1
404,350,1
404,482,1
404,1354,1
405,378,1
405,702,1
406,407,1
407,408,1
408,409,1
409,29,1
409,112,1
409,317,1
409,377,1
409,385,1
409,410,3
409,469,1
409,635,1
409,729,1
409,828,1
409,988,1
409,1097,1
409,1485,1
409,1633,1
409,2292,1
409,2747,1
409,2857,1
409,2883,1
409,2894,1
409,2934,1
409,2959,1
409,2970,1
410,313,3
410,385,1
410,639,2
410,965,1
410,1057,1
410,1555,1
410,1580,1
410,1591,1
410,3591,1
411,412,1
412,88,1
412,413,1
412,651,1
412,1361,1
413,315,1
414,415,2
415,373,1
415,566,1
416,417,1
416,702,1
416,703,1
416,704,1
416,709,1
417,4,2
417,5,4
417,418,2
417,1580,1
417,2650,1
418,1,1
418,63,2
418,77,1
418,88,1
418,107,1
418,180,1
418,253,1
418,409,1
418,425,1
418,436,1
418,483,1
418,1941,4
418,1942,1
418,1948,1
418,1997,1
418,2033,1
418,2071,1
418,2192,1
418,2382,1
418,2523,1
418,2655,1
418,3662,1
418,3672,1
419,420,3
420,19,1
420,20,1
420,247,1
420,925,1
420,990,1
420,1085,1
420,2645,1
420,2958,1
420,3576,1
421,4,1
421,15,1
421,44,1
421,201,1
421,422,1
421,1641,1
421,1941,1
421,2606,1
421,2643,1
422,423,1
423,424,1
424,314,1
424,425,1
424,736,1
425,29,1
425,45,1
425,88,1
425,168,1
425,201,1
425,215,1
425,266,1
425,417,1
425,797,1
425,811,1
425,1458,1
426,19,1
426,427,1
427,428,1
428,72,1
428,88,1
428,429,1
428,625,1
429,223,2
430,332,1
430,703,1
431,30,1
431,74,1
431,345,2
431,523,1
431,551,1
432,302,1
433,4,1
433,434,1
433,1084,1
434,77,1
434,518,1
435,436,2
435,583,1
435,1001,1
435,1087,1
436,168,1
436,243,1
436,437,1
436,482,1
436,786,1
437,438,1
438,439,1
439,440,1
440,5,1
440,311,1
440,555,1
440,558,1
441,442,1
442,38,1
443,444,1
443,2362,1
444,77,1
444,179,1
445,446,1
445,1304,1
446,326,1
447,5,2
447,13,1
447,136,2
447,722,1
447,2251,1
448,449,1
449,246,1
449,498,1
449,1999,1
449,2308,1
449,2403,1
449,2649,1
450,451,1
451,20,3
451,452,1
451,1945,1
451,1968,1
451,2209,1
452,384,1
452,2051,1
453,2,1
453,262,2
453,284,1
453,487,2
453,518,1
453,565,1
453,2424,1
454,455,1
455,2,1
456,319,1
456,457,1
457,386,1
458,459,1
459,460,1
460,2,1
460,246,1
460,625,1
460,1361,1
461,462,1
461,623,1
461,744,1
462,463,1
462,2336,1
463,464,1
463,703,1
464,2,3
464,435,1
464,465,1
465,466,1
465,472,1
466,467,1
467,468,1
468,383,1
469,68,1
469,386,1
469,2338,1
470,273,1
470,471,1
470,1223,1
471,68,1
471,246,1
472,473,1
472,1455,1
473,68,1
473,246,1
473,521,1
473,676,1
473,741,1
473,912,1
473,1649,1
473,1927,1
473,1970,11
473,1971,1
473,1992,1
473,3017,1
474,37,4
474,287,1
474,425,4
474,475,1
474,483,1
474,625,2
474,690,1
474,726,2
474,762,1
475,476,1
476,477,1
477,29,1
478,463,1
478,479,1
479,480,1
480,481,1
481,29,1
481,49,1
481,112,1
481,214,1
481,370,1
481,1067,1
481,1580,1
482,2,1
482,20,1
482,39,1
482,403,1
482,418,1
482,581,1
482,1645,1
483,313,1
483,484,1
483,493,1
483,555,1
483,1637,1
483,1669,1
484,485,7
484,701,12
484,2945,1
485,486,7
486,4,1
486,199,1
486,253,1
486,263,1
486,797,1
486,812,1
486,831,1
486,876,1
486,1488,1
486,1861,1
486,2339,3
486,2396,1
486,2430,1
487,107,3
487,261,1
487,491,1
488,489,1
489,490,1
490,45,1
491,247,1
492,493,1
493,5,1
493,67,1
493,87,1
493,94,1
493,99,1
493,253,1
493,327,1
493,401,1
493,494,1
493,753,1
493,957,1
493,1020,1
493,1026,1
493,1051,1
493,1153,1
493,1382,1
494,495,1
495,179,1
495,496,1
495,3430,1
495,3667,1
496,77,1
496,497,1
497,449,1
497,474,1
497,2240,1
498,77,1
498,499,1
499,453,1
499,500,1
500,453,1
500,501,1
501,502,1
502,503,1
503,504,1
503,506,1
504,505,1
505,503,1
506,295,1
507,136,1
507,2498,1
508,220,1
508,1080,1
509,510,1
509,784,1
510,511,1
510,1606,1
511,20,1
511,171,1
511,906,1
511,2115,1
511,2500,1
511,2647,1
512,513,1
513,447,1
514,71,1
514,786,1
514,876,1
514,3385,1
514,3556,1
515,516,1
516,517,1
517,453,2
518,77,1
518,519,1
519,45,1
520,473,1
520,783,1
520,1033,1
520,1376,1
520,3589,1
521,262,1
521,493,1
521,511,1
521,1993,1
521,2854,1
521,3071,1
521,3774,1
522,523,1
522,1321,1
522,3121,1
523,3,4
523,248,1
523,335,1
523,524,1
523,936,1
523,1137,1
523,1314,1
524,17,2
524,401,1
524,1122,1
525,5,1
525,30,1
525,39,1
525,77,1
525,112,2
525,181,1
525,201,1
525,253,1
525,326,1
525,328,1
525,354,1
525,409,1
525,431,1
525,526,1
525,596,1
525,1072,1
525,1076,1
525,1082,1
525,1094,1
525,1415,2
525,1920,1
525,1977,4
525,1993,1
525,2006,1
525,2103,1
525,2157,1
525,2159,1
525,2241,1
525,2273,1
525,2314,1
525,2335,1
525,2357,1
525,2412,1
525,2909,1
525,2942,1
526,17,1
526,354,1
526,2978,1
527,528,2
527,542,1
528,529,4
529,530,1
529,531,1
529,1307,1
529,2359,1
530,17,1
530,22,1
530,253,1
531,365,3
532,167,2
532,533,7
532,555,1
532,1202,1
532,1269,1
532,2506,1
532,3160,1
533,73,1
533,74,1
533,202,1
533,530,1
533,546,1
533,1317,1
533,2506,1
533,2725,1
534,535,1
535,292,1
535,536,1
536,62,2
536,2763,1
537,538,7
537,552,1
538,17,1
538,539,3
539,367,4
539,540,2
540,541,2
541,542,2
542,130,1
542,167,2
542,542,6
542,543,2
542,921,4
542,953,1
542,1282,6
542,1283,1
542,2016,1
542,2336,2
543,126,1
543,199,1
544,74,9
544,2468,1
545,546,1
545,3622,1
546,346,1
546,431,2
546,595,2
547,548,1
547,1178,1
547,1257,1
547,1321,1
547,1992,1
547,2045,1
547,2210,1
547,2388,1
547,2863,1
547,3330,1
548,253,1
549,550,2
550,531,1
550,1250,1
551,535,1
551,2435,1
552,553,1
553,539,1
554,380,1
555,10,1
555,556,1
555,643,1
555,722,1
555,1269,2
555,1383,1
555,1636,1
555,1643,1
555,1965,1
555,2040,1
555,2174,1
556,557,1
557,5,1
557,1580,1
558,418,1
558,2657,1
559,560,1
560,561,1
561,562,1
561,729,1
562,262,1
563,168,1
564,517,1
564,564,3
564,577,1
564,1344,1
564,1542,1
565,168,1
565,414,1
566,567,2
566,570,1
567,385,1
567,836,1
568,453,1
569,378,1
569,1452,1
570,571,1
571,218,1
572,20,1
572,38,1
572,67,1
572,168,2
572,499,1
572,573,1
572,1334,1
572,3200,1
572,3488,1
572,3680,1
573,574,1
573,762,2
574,575,1
575,38,1
575,417,1
576,577,1
576,3503,2
577,578,1
577,745,1
577,1548,1
578,81,1
578,315,1
578,675,1
578,1640,1
578,2214,1
578,2279,2
579,580,1
579,1454,1
580,482,1
580,511,1
580,1391,1
580,2210,1
581,582,1
582,453,1
582,2442,1
583,29,1
583,283,1
583,286,1
583,291,3
583,608,1
584,585,1
585,583,1
586,288,1
587,588,1
588,589,1
588,2612,1
589,590,1
590,591,1
591,257,1
592,282,1
593,79,1
593,89,1
593,283,1
593,511,1
593,525,1
593,532,1
593,687,1
593,1285,4
593,2365,1
593,2809,1
594,171,1
594,181,2
594,379,1
594,804,1
594,973,1
594,1081,1
594,1263,1
594,1281,1
594,2159,2
594,2274,1
594,3325,1
594,3650,1
595,39,1
595,136,1
595,596,1
595,1282,1
595,1331,1
595,2486,1
595,2573,1
595,2574,1
595,2588,1
596,597,1
596,2339,1
597,598,1
598,14,1
599,496,1
600,58,1
601,347,1
602,603,1
603,604,1
604,392,1
605,606,1
606,607,1
607,29,1
607,336,3
607,608,1
608,214,1
608,369,1
609,610,1
610,107,3
610,135,1
610,611,1
610,804,1
610,865,1
610,1211,1
610,1406,1
610,1622,1
610,1779,1
610,1857,1
610,1873,1
610,1956,1
610,3013,1
610,3045,1
610,3067,1
610,3072,1
610,3156,1
610,3271,1
610,3656,1
611,612,1
612,369,1
613,614,1
614,80,1
615,616,1
616,43,1
616,287,2
617,13,1
618,619,1
619,436,1
620,621,1
621,622,1
621,1754,1
622,461,1
623,624,1
624,72,1
625,4,1
625,17,1
625,74,1
625,91,2
625,168,1
625,253,1
625,313,1
625,317,1
625,510,1
625,594,1
625,626,1
625,691,1
625,777,1
625,991,1
625,1063,1
625,1595,1
626,16,4
626,525,5
626,627,1
626,687,1
626,825,1
626,1478,1
626,1538,1
626,1928,1
626,1948,1
626,2221,1
626,2223,1
626,2510,1
626,2734,1
626,3654,1
626,3697,1
627,628,1
628,73,1
628,313,1
628,525,1
628,1281,1
628,1308,1
628,1414,2
628,1478,1
628,1948,1
628,1986,2
628,2198,1
628,2234,1
628,2296,1
628,2360,1
628,2784,1
628,3648,1
629,630,1
630,74,1
630,631,1
630,2424,1
631,632,1
632,633,1
633,616,1
633,725,1
633,982,1
633,3507,1
634,635,1
635,5,1
635,925,1
635,944,1
635,957,1
635,1717,1
635,2719,1
635,3460,7
635,3496,1
635,3649,2
635,3754,1
636,637,1
637,638,1
638,409,1
639,640,1
639,930,1
640,641,1
640,1156,1
640,1281,1
640,1571,1
641,642,1
642,555,1
643,625,1
643,1099,1
643,1580,1
644,645,1
645,188,2
646,647,2
647,253,1
647,648,1
647,916,2
647,1385,1
648,649,1
649,2,1
649,650,1
650,412,1
651,652,1
652,653,1
652,1909,1
653,45,1
653,310,1
653,317,1
653,410,3
653,752,1
654,655,1
655,32,1
656,657,1
657,658,1
658,38,1
659,660,1
660,419,1
660,1540,1
660,2843,1
660,2851,1
661,662,1
662,663,1
662,1559,1
663,664,1
663,1219,1
664,10,2
664,44,1
664,107,1
664,665,1
664,1538,1
665,666,1
665,1203,1
665,1485,1
665,2564,1
665,3400,1
666,667,1
667,32,1
667,409,1
667,813,1
667,2413,1
668,669,1
668,979,1
668,1001,1
668,1985,1
669,34,1
670,77,1
671,672,1
671,890,1
671,895,1
671,2048,1
671,2192,1
671,3457,1
672,673,1
673,674,1
674,29,1
675,2,2
675,39,1
675,77,1
675,1308,1
676,677,1
676,1054,1
676,1083,1
676,1381,1
676,1529,1
677,43,1
677,735,1
678,679,1
679,680,1
679,1202,1
680,681,1
681,682,1
681,1927,1
682,683,1
682,2160,1
683,684,1
684,685,1
684,2230,1
685,686,1
686,687,1
687,688,1
687,2716,2
687,2737,1
688,38,1
688,1159,1
688,1172,1
689,497,1
690,691,1
691,692,2
691,1309,3
691,2132,1
691,2177,2
691,2253,2
691,2345,1
692,5,1
692,693,1
692,1485,1
692,1604,1
692,2312,1
693,418,1
694,199,1
694,360,2
694,1212,8
695,696,1
696,697,1
696,1891,1
696,1960,3
696,1972,1
696,2329,1
697,698,1
698,699,1
699,530,1
700,484,1
701,253,12
702,253,7
702,839,1
703,253,9
703,829,1
703,834,1
703,850,1
704,253,3
705,484,1
706,702,1
707,702,1
708,484,1
709,218,1
709,484,1
709,716,1
709,2172,1
709,2366,2
709,2378,1
709,2400,1
709,2428,1
710,702,1
711,712,1
712,484,1
713,714,1
714,484,1
715,484,2
716,199,1
716,703,1
717,287,2
718,484,1
719,484,1
720,430,1
721,555,1
721,729,1
721,2534,1
722,112,1
722,130,1
722,282,1
722,721,2
722,723,2
722,940,1
722,1773,3
722,1993,1
722,2599,1
722,2715,2
722,3512,1
722,3623,1
723,724,2
723,730,1
723,1580,1
724,38,1
724,633,1
725,308,1
725,474,1
726,201,1
726,722,1
726,727,1
726,976,1
726,1071,1
727,326,1
727,2933,1
728,447,1
728,1269,1
729,16,1
729,37,1
729,724,1
729,806,1
729,2207,3
730,731,1
731,732,1
731,1115,1
731,1137,1
731,1140,1
732,74,1
732,733,1
733,39,1
733,703,1
733,734,1
733,750,1
733,854,1
733,860,1
734,220,1
734,735,1
734,1580,1
735,93,1
735,292,1
735,652,1
735,1073,2
735,1903,1
736,313,1
736,318,1
737,738,1
738,732,1
739,385,1
739,386,1
739,1060,1
739,1445,1
739,1602,1
739,2809,1
740,424,2
741,362,1
741,1611,1
741,2325,1
742,43,1
743,74,1
744,240,1
744,748,1
744,2345,2
744,2627,1
745,383,1
745,2395,1
746,315,1
747,744,1
748,749,1
749,733,1
750,751,1
751,313,1
752,318,1
752,753,1
753,38,1
753,201,2
753,754,1
753,1598,1
753,2677,1
754,4,1
754,493,1
754,755,1
755,756,1
756,5,1
756,68,1
756,88,1
756,474,3
756,573,1
756,795,1
756,1532,1
756,2653,1
757,43,1
758,759,1
759,208,1
760,2,1
760,1627,1
761,762,1
762,39,1
762,380,2
762,572,2
762,1006,1
762,1542,1
763,764,1
764,38,1
764,320,1
765,766,1
766,767,1
767,768,1
767,2019,1
768,20,1
768,526,1
768,3093,1
768,3428,1
769,770,1
770,201,1
770,253,1
770,728,1
770,784,1
770,1580,1
770,1777,1
770,1985,1
770,2007,1
770,2611,1
770,2615,1
770,3174,1
770,3458,1
770,3484,1
771,772,1
772,773,1
773,774,1
773,1816,1
774,2,1
774,1651,1
775,776,1
775,2943,1
776,47,1
777,49,1
778,41,1
778,779,1
778,1372,1
778,1905,1
779,335,1
779,474,1
779,1375,1
779,2206,1
779,2694,1
780,781,1
781,196,1
781,628,1
781,1954,1
781,3642,1
782,347,1
782,783,1
783,473,1
783,509,1
783,1286,1
784,182,1
784,189,1
784,561,1
784,635,1
784,785,1
784,1993,1
784,2861,1
784,3460,1
785,5,1
786,47,2
786,61,1
786,72,2
786,77,1
786,95,1
786,881,3
786,1001,1
786,1109,1
786,1592,1
786,2229,1
786,2787,1
786,3477,1
786,3559,1
787,36,1
787,1012,1
788,789,1
789,347,1
789,735,1
789,790,1
789,963,1
789,2424,1
789,2698,1
790,68,1
791,792,1
791,1048,1
791,1753,1
791,1756,1
792,67,1
792,793,1
792,2504,1
792,2513,1
793,794,1
793,1670,1
794,67,1
794,143,1
794,795,1
794,1273,1
795,428,1
795,796,5
795,3366,1
795,3535,1
796,218,1
796,797,1
796,900,1
796,1015,1
796,1027,1
796,2352,1
796,3557,1
797,47,1
797,72,2
797,798,1
797,1065,1
797,2251,1
797,2605,1
797,2654,1
798,130,1
798,806,1
799,67,1
799,800,1
800,67,1
800,313,1
800,786,1
800,936,1
800,1993,1
801,196,1
802,803,1
803,474,1
803,1450,1
803,3269,1
804,88,1
804,216,1
804,347,3
804,417,1
804,626,2
804,784,1
804,805,1
804,883,4
804,957,1
804,2173,1
804,2284,1
804,3553,2
804,3555,1
804,3655,1
805,5,1
806,318,1
806,807,1
806,933,1
807,635,1
807,808,1
807,1298,1
807,1957,1
807,1976,1
807,2725,1
808,5,1
809,5,1
809,418,1
810,216,1
810,1332,1
810,1485,1
810,1598,1
810,1890,1
810,2111,1
810,2204,1
810,2227,1
810,2543,1
811,311,1
811,447,1
812,786,1
812,813,1
812,879,1
812,883,4
812,3563,1
813,253,1
813,1754,1
814,87,1
814,815,1
815,201,1
815,2369,2
816,817,1
816,963,1
817,4,1
817,5,1
817,44,1
817,68,1
817,72,2
817,335,1
817,3631,1
818,179,1
819,262,1
819,871,1
819,964,1
819,1785,1
820,37,1
820,821,1
821,98,1
821,218,1
821,460,1
822,56,1
823,347,1
824,35,1
824,825,1
825,16,2
825,201,1
825,826,1
825,1354,1
825,2027,1
825,2707,1
825,2783,1
826,827,1
827,653,1
828,703,1
829,314,7
830,653,1
830,703,1
831,253,1
831,703,1
832,703,1
832,829,1
832,830,1
832,838,1
833,486,1
834,253,1
834,1517,1
835,836,1
836,837,4
837,838,4
838,253,1
838,838,1
838,839,5
838,855,1
839,840,4
839,862,1
839,863,1
839,866,1
840,841,3
840,843,1
841,842,3
842,843,2
842,845,1
842,894,2
842,1607,1
843,199,1
843,253,3
843,844,1
843,858,1
844,314,1
845,846,1
846,847,1
847,843,1
848,253,1
849,832,2
850,851,1
851,852,1
852,853,1
853,653,1
854,855,1
855,856,1
855,857,1
856,838,1
857,567,1
858,389,1
859,653,1
860,861,1
861,839,1
862,863,1
863,653,1
863,864,1
863,867,1
864,610,1
865,838,1
866,863,1
867,868,1
868,702,1
869,870,1
870,126,1
871,872,1
871,1432,1
872,873,1
873,874,1
874,875,1
874,1067,1
875,51,1
875,1877,1
876,53,1
876,352,1
876,795,1
876,914,1
876,1007,1
876,1494,1
877,4,1
877,49,1
877,68,1
877,347,2
877,786,2
877,965,1
878,812,1
879,370,1
879,396,1
879,403,1
880,73,1
880,248,2
881,882,3
882,68,1
882,883,3
883,39,1
883,112,1
883,201,1
883,347,1
883,877,4
883,883,1
883,884,1
883,1054,1
883,3550,1
883,3551,1
883,3618,1
884,4,1
885,2,1
885,886,1
886,20,1
886,464,1
887,880,1
887,1478,1
887,1948,1
887,1986,1
888,889,1
888,2345,1
889,39,1
889,484,1
890,68,1
891,892,1
892,893,2
893,842,2
894,671,1
894,1484,1
895,379,1
896,282,1
897,898,1
898,220,1
899,3,1
899,74,1
899,292,1
899,370,2
900,901,1
901,481,1
902,484,1
903,201,1
903,904,1
904,905,1
905,511,1
906,179,1
906,253,1
906,1334,1
906,1993,1
906,2663,1
907,908,1
907,1435,2
908,83,1
908,909,40
909,4,2
909,77,1
909,112,5
909,158,1
909,253,1
909,522,1
909,542,1
909,696,1
909,936,1
909,995,1
909,1626,1
909,1726,1
909,1765,2
909,1917,1
909,2335,1
909,2401,1
909,2987,1
909,3000,1
909,3006,1
909,3077,1
909,3092,1
909,3114,1
909,3166,1
909,3168,1
909,3179,1
909,3225,1
909,3227,1
909,3238,1
909,3241,1
909,3250,1
909,3260,1
909,3304,1
909,3455,1
909,3479,1
909,3480,1
909,3485,1
909,3487,1
909,3685,1
910,68,1
910,449,1
910,473,2
910,628,1
910,797,1
910,1580,1
910,2143,1
910,2187,1
910,2220,1
910,2266,1
910,2293,1
910,2382,1
910,2385,1
910,2402,1
911,912,1
912,913,1
912,1154,1
912,1456,1
912,1737,1
913,876,1
914,2,1
915,645,1
916,917,1
916,1495,1
917,210,1
918,4,1
918,879,1
919,216,1
919,920,1
920,135,1
921,578,1
921,1245,3
921,1824,1
921,2247,3
921,2897,1
922,5,1
922,20,1
922,82,1
922,179,1
922,447,1
922,927,1
922,945,1
922,1315,1
923,924,1
924,77,1
925,129,1
925,218,1
925,691,1
925,2141,1
925,2684,1
926,927,1
927,90,1
927,928,1
927,1444,2
927,1731,1
927,1762,1
927,2704,1
928,929,1
929,237,1
929,930,2
930,83,1
930,1077,1
930,1502,1
931,932,1
932,16,1
932,798,1
933,934,1
934,935,1
934,978,1
934,2166,1
935,909,1
936,43,1
936,56,1
936,930,1
936,937,2
936,1054,3
936,1314,3
936,1788,1
936,3472,1
936,3691,1
937,379,1
937,1691,1
938,797,1
938,939,1
939,722,1
940,941,1
941,81,1
942,167,1
943,944,1
944,756,1
944,922,1
944,1658,1
944,1728,1
945,81,1
945,1046,1
946,947,1
947,252,1
948,220,1
949,950,1
950,326,1
951,952,1
951,3350,1
952,953,1
952,2045,1
953,954,1
953,1344,1
953,1671,2
953,1939,1
953,3761,1
954,208,1
955,55,1
955,95,1
955,231,1
955,625,1
955,967,1
956,957,1
956,1291,1
957,5,1
957,174,1
957,400,1
957,958,1
958,959,1
959,493,2
960,961,1
960,1047,1
961,90,1
961,525,1
961,1047,1
962,789,1
963,16,1
963,90,1
963,410,1
963,964,1
963,1088,1
963,1105,1
963,1128,1
964,5,1
964,469,1
965,90,3
965,93,1
965,593,1
965,1001,1
965,1070,1
965,1074,1
965,1098,1
966,955,1
967,4,1
967,55,1
967,67,1
967,493,1
968,969,2
969,90,2
970,971,1
971,972,1
972,220,1
973,112,1
973,696,1
973,1053,1
973,2320,1
973,2326,1
974,975,1
975,49,1
975,168,1
975,362,11
976,101,1
976,112,2
976,179,1
976,199,1
976,287,1
976,307,1
976,347,2
976,483,1
976,594,1
976,610,1
976,804,16
976,817,1
976,977,1
976,1079,1
976,1109,1
976,1273,1
976,1342,1
976,1472,1
976,1819,1
976,1898,1
976,1991,1
976,2224,1
976,2528,1
976,2559,1
976,3309,1
976,3464,1
976,3508,2
976,3511,1
976,3552,1
976,3643,1
976,3653,1
977,67,1
978,744,1
978,979,1
978,1103,1
979,38,1
979,42,1
979,980,1
979,1030,1
979,1203,1
980,525,1
981,633,1
982,983,1
983,47,1
983,493,1
983,572,2
983,984,1
984,985,1
985,5,1
985,168,1
985,986,1
985,988,1
986,987,1
987,218,1
987,308,1
987,990,2
988,989,1
988,1243,1
988,1375,1
988,1485,1
988,2724,1
989,420,1
990,89,1
990,98,1
990,210,1
990,493,1
990,625,1
990,1011,1
991,992,1
991,3396,1
992,993,1
993,186,1
993,994,1
993,3105,1
993,3182,1
993,3445,1
993,3493,1
993,3574,1
994,68,1
995,61,1
995,168,1
995,996,1
996,987,1
997,998,1
998,68,1
999,5,1
1000,282,1
1001,72,1
1001,616,1
1001,625,1
1001,726,2
1001,1142,1
1001,1176,1
1001,1601,1
1001,1627,1
1002,1003,1
1003,5,1
1004,1005,1
1005,218,1
1006,395,1
1006,1993,1
1006,3482,1
1007,1008,1
1008,1009,1
1009,250,1
1010,1011,1
1011,210,1
1011,226,1
1011,2632,1
1012,1013,1
1013,1014,1
1014,56,1
1015,1016,1
1016,5,1
1017,987,1
1017,1018,1
1017,1727,1
1017,2531,1
1018,1019,1
1019,493,1
1020,1021,2
1021,800,2
1021,1022,1
1022,83,1
1022,594,1
1022,1023,1
1022,1717,1
1023,5,1
1023,1035,1
1024,990,2
1025,179,1
1026,944,1
1027,1028,1
1028,1029,1
1029,67,1
1030,791,2
1030,1031,1
1030,1708,1
1031,32,1
1031,1032,1
1031,2658,1
1032,77,1
1033,799,1
1034,136,1
1034,1023,1
1035,1036,2
1036,5,1
1036,16,2
1036,76,1
1036,81,1
1036,1763,1
1036,2024,1
1036,2553,1
1036,2557,1
1036,2685,1
1037,1038,2
1038,1039,1
1038,1285,1
1039,725,1
1040,1041,1
1041,1042,1
1042,1043,1
1043,1044,1
1043,2296,1
1044,5,1
1044,733,1
1044,782,1
1045,961,1
1046,722,1
1046,960,1
1047,38,1
1047,205,1
1047,318,1
1047,791,1
1047,1030,1
1047,1297,1
1047,1930,4
1047,2496,1
1048,60,1
1048,1049,1
1048,1121,1
1049,521,1
1050,112,1
1050,1819,1
1051,4,1
1052,1053,1
1053,68,1
1053,1054,1
1053,1342,1
1053,3466,1
1054,67,8
1054,90,1
1054,202,1
1054,234,1
1054,366,1
1054,377,1
1054,418,1
1054,635,1
1054,792,1
1054,796,1
1054,807,1
1054,1055,1
1054,1450,1
1054,2655,2
1054,3096,1
1054,3478,1
1054,3677,1
1055,967,1
1056,410,1
1056,544,1
1057,1058,1
1058,1059,1
1059,1060,1
1060,1061,2
1060,1064,1
1061,210,1
1061,1062,1
1061,1079,1
1062,4,1
1063,1060,1
1064,486,1
1065,4,1
1066,874,1
1067,819,1
1067,963,1
1067,1106,1
1067,1864,1
1068,362,1
1068,1069,1
1069,436,1
1069,963,1
1070,735,1
1070,1222,1
1071,39,2
1071,508,1
1071,525,2
1071,1822,1
1072,735,1
1073,39,1
1073,965,1
1073,1889,1
1074,1075,1
1075,1071,1
1076,936,1
1077,248,1
1078,876,1
1079,350,1
1079,963,1
1079,1071,1
1079,1122,1
1079,1993,1
1079,2172,1
1079,3729,1
1080,1081,1
1081,39,1
1081,224,1
1082,284,1
1082,995,1
1082,1102,1
1082,1249,1
1082,1627,1
1082,1721,1
1083,2,1
1083,56,1
1083,377,1
1084,1071,1
1085,786,1
1085,1086,1
1086,795,1
1087,1079,1
1088,54,1
1089,5,1
1090,4,1
1091,1092,2
1092,936,1
1092,1093,1
1092,1100,1
1092,3414,1
1093,1094,1
1094,594,1
1094,1754,1
1094,2028,1
1094,2059,1
1094,2198,1
1094,2969,1
1095,1096,1
1096,409,1
1096,1139,2
1096,2341,1
1096,2809,1
1096,3405,1
1097,282,1
1097,1096,1
1098,220,1
1099,764,1
1099,1668,1
1100,1101,1
1101,965,1
1101,1204,1
1102,978,1
1103,1104,1
1104,816,1
1105,481,1
1106,179,1
1107,1108,1
1108,1109,1
1109,1110,1
1109,3456,1
1109,3617,1
1110,50,1
1111,1,1
1112,1113,1
1113,1114,1
1114,20,1
1115,486,5
1115,1116,1
1116,169,1
1116,3767,1
1117,1118,1
1118,1119,1
1118,1979,1
1119,1120,1
1120,2,1
1121,178,1
1121,2235,1
1122,14,1
1122,936,1
1122,1993,1
1123,1124,1
1123,1862,1
1124,1125,1
1125,1126,2
1125,1842,2
1126,1127,2
1127,549,1
1127,1067,1
1127,1123,1
1127,1843,1
1128,1129,1
1128,1993,1
1129,1130,1
1130,1131,1
1131,74,1
1132,628,1
1132,1133,1
1132,1250,1
1132,1847,1
1133,1134,1
1133,2366,1
1134,74,1
1134,1122,1
1134,1250,1
1135,1136,1
1136,464,1
1137,17,1
1137,83,2
1138,1139,1
1139,1140,1
1140,1141,1
1140,2368,1
1140,2504,1
1141,1142,1
1141,1747,1
1142,94,1
1142,384,1
1142,1047,1
1142,1143,1
1143,130,1
1143,733,1
1144,1145,2
1145,16,1
1145,168,1
1145,1167,1
1146,1147,1
1146,1269,1
1146,1654,1
1146,1906,1
1147,1148,1
1148,1001,1
1149,4,1
1150,647,2
1150,1151,1
1151,168,1
1152,968,1
1152,1748,1
1153,912,1
1154,1155,1
1155,1156,1
1156,1157,1
1156,1250,1
1157,1158,1
1158,688,1
1159,1160,1
1160,107,6
1161,67,1
1161,1162,1
1161,1383,1
1162,2,1
1163,1164,1
1164,525,1
1165,88,1
1166,1144,1
1167,1168,1
1168,1169,1
1169,1170,1
1170,1171,1
1171,54,1
1172,1173,1
1173,1174,1
1174,1175,1
1175,1176,1
1176,979,1
1176,1285,1
1176,1723,1
1176,1952,1
1176,2251,1
1176,2595,1
1176,3413,1
1176,3426,2
1177,1178,2
1178,201,2
1178,409,1
1178,1179,3
1178,2255,1
1178,2337,1
1178,3490,1
1179,1180,3
1179,3305,1
1179,3693,1
1180,1181,1
1180,1938,1
1180,3315,1
1180,3317,1
1180,3320,1
1180,3326,1
1180,3332,1
1180,3336,1
1180,3695,1
1181,1182,1
1182,1183,1
1183,1184,1
1184,130,1
1184,1185,1
1184,1187,1
1184,3345,1
1185,1186,1
1186,252,1
1187,1188,1
1188,1189,1
1189,1190,1
1190,1191,1
1191,131,1
1192,1193,1
1192,3701,1
1193,1194,1
1194,1195,1
1195,1196,1
1195,1468,2
1195,1824,2
1196,1197,1
1196,2089,1
1196,3523,1
1196,3703,1
1197,1198,1
1198,1199,1
1198,2999,1
1198,3707,1
1199,1200,1
1200,1201,1
1201,679,1
1202,193,1
1202,253,1
1202,665,1
1202,1208,1
1203,88,2
1203,525,1
1203,546,1
1203,594,1
1203,1204,1
1203,1784,1
1203,2101,1
1203,3561,1
1204,31,1
1204,131,1
1204,635,1
1205,253,1
1206,1202,1
1207,1202,1
1208,1209,2
1209,23,1
1209,77,2
1209,112,1
1209,141,7
1209,364,2
1209,908,1
1209,1209,1
1209,1210,1
1209,1257,7
1209,1263,3
1209,1345,1
1209,1411,1
1209,1438,1
1209,1505,1
1209,1624,1
1209,1806,1
1209,1836,1
1209,1837,1
1209,1852,1
1209,2776,1
1209,3196,1
1209,3710,1
1209,3757,1
1210,1211,1
1211,10,5
1211,77,1
1211,112,1
1211,694,1
1211,908,1
1211,1256,1
1211,1257,2
1211,1259,1
1211,1262,1
1211,1312,3
1211,1313,1
1211,1427,1
1211,1514,1
1211,1523,1
1211,1524,1
1211,1535,2
1211,1536,2
1211,1537,1
1211,1546,1
1211,1808,2
1211,1852,1
1211,3044,1
1211,3053,1
1211,3210,1
1211,3340,1
1211,3343,1
1211,3344,1
1211,3390,1
1211,3756,2
1212,121,2
1212,1213,1
1212,1214,1
1212,1340,1
1212,1341,1
1212,1347,1
1212,1390,1
1212,1472,1
1213,107,1
1214,10,2
1214,1215,6
1215,121,6
1216,456,1
1216,886,1
1216,993,1
1216,1217,1
1216,1342,1
1216,1394,1
1216,1419,1
1216,1469,1
1216,1472,1
1217,7,4
1218,1219,1
1219,77,1
1219,1560,1
1220,56,1
1221,1222,1
1222,470,2
1222,1222,1
1223,1070,1
1224,90,2
1225,1226,1
1226,1227,1
1227,1228,1
1228,583,1
1229,1230,1
1230,1231,1
1231,1232,1
1232,261,1
1233,1234,1
1234,270,1
1235,1236,1
1236,245,1
1237,1224,1
1238,25,2
1238,27,1
1238,1238,2
1239,220,1
1240,22,1
1241,927,1
1241,1976,1
1241,2352,1
1242,955,1
1243,126,1
1243,1741,1
1244,1245,1
1245,121,2
1245,694,1
1245,1217,1
1245,1326,1
1245,1406,1
1245,1585,1
1245,1678,1
1245,1923,2
1245,3004,8
1245,3037,1
1245,3094,1
1245,3237,1
1246,4,1
1247,1248,1
1248,16,1
1249,640,1
1249,2294,1
1250,1251,1
1250,1423,8
1250,1471,1
1251,1252,1
1252,1253,1
1253,1254,1
1253,1694,1
1253,3098,1
1253,3104,1
1254,1255,1
1255,107,1
1256,1209,1
1256,1257,3
1257,23,2
1257,121,1
1257,542,1
1257,908,1
1257,1258,1
1257,1327,3
1257,1348,1
1257,1354,1
1257,1463,1
1257,1614,3
1257,1655,1
1257,1814,2
1257,1839,1
1257,1851,1
1257,1945,1
1257,1992,1
1257,3022,1
1257,3138,1
1257,3280,1
1257,3341,1
1257,3481,1
1257,3719,2
1257,3722,2
1257,3723,1
1257,3762,1
1258,141,1
1259,1260,2
1260,1261,1
1260,1320,1
1261,1211,1
1262,1263,1
1263,23,1
1263,77,1
1263,141,1
1263,182,1
1263,542,1
1263,694,2
1263,908,2
1263,1214,1
1263,1264,1
1263,1402,1
1263,1583,1
1263,1614,1
1263,1835,1
1263,1850,1
1263,3021,1
1263,3147,1
1263,3187,1
1263,3743,1
1264,141,1
1265,250,1
1266,171,1
1266,1653,1
1266,1658,1
1266,1941,1
1266,2636,1
1267,1268,1
1268,1269,1
1269,1270,9
1269,1630,1
1269,1865,2
1270,1271,1
1270,1353,1
1270,1422,1
1270,1558,1
1270,1572,1
1270,1581,1
1270,1593,1
1270,1692,1
1270,3223,1
1271,253,1
1272,1273,1
1272,1538,2
1273,77,1
1273,112,2
1273,128,6
1273,908,1
1273,1211,2
1273,1257,1
1273,1273,2
1273,1274,1
1273,1343,1
1273,1345,1
1273,1409,1
1273,1430,1
1273,1468,4
1273,1470,1
1273,1519,1
1273,1538,1
1273,1547,1
1273,1614,1
1273,1694,1
1273,1696,1
1273,1698,1
1273,1711,1
1273,1838,1
1273,1840,2
1273,1853,1
1273,3004,2
1273,3014,1
1273,3027,3
1273,3028,1
1273,3051,1
1273,3080,1
1273,3095,1
1273,3127,1
1273,3157,1
1273,3186,1
1273,3244,1
1273,3254,1
1273,3267,1
1273,3733,2
1273,3734,1
1273,3752,1
1273,3758,1
1274,1275,1
1275,1276,1
1276,1277,1
1277,1278,1
1278,1279,1
1279,57,1
1280,1,1
1280,640,1
1281,5,4
1281,16,18
1281,2667,1
1282,73,1
1282,218,1
1282,1273,1
1282,1283,1
1282,1325,1
1282,1343,2
1282,1516,1
1282,2359,1
1283,1284,1
1283,1671,1
1283,2088,2
1283,3004,1
1284,593,1
1285,668,1
1285,783,1
1285,1354,1
1285,1476,1
1285,1599,1
1285,1632,1
1285,1764,1
1285,2681,1
1285,3381,1
1286,1287,1
1287,76,1
1287,1295,1
1287,1321,3
1287,1634,1
1287,1956,1
1288,17,1
1288,525,1
1289,1290,1
1290,956,1
1291,426,1
1292,1293,1
1292,1372,1
1292,2150,1
1292,2387,1
1292,2932,1
1292,3509,1
1293,1294,1
1294,1287,1
1295,1296,1
1296,1047,1
1296,2751,1
1297,77,1
1297,1298,2
1297,1847,1
1297,1983,1
1297,2535,1
1297,2558,1
1297,2668,1
1298,32,1
1298,353,1
1298,635,1
1298,1299,1
1299,81,1
1299,397,1
1299,2004,1
1299,2008,1
1300,1301,1
1301,1302,1
1302,1303,1
1303,20,1
1304,664,1
1305,1306,1
1306,48,1
1306,292,1
1306,735,1
1306,1281,1
1306,1485,1
1306,1993,1
1307,2,1
1307,786,1
1307,1970,1
1307,2500,1
1307,3631,1
1308,179,1
1308,1985,1
1309,39,1
1309,484,1
1309,1310,1
1310,1311,1
1311,1211,1
1313,61,1
1313,208,1
1313,1336,2
1313,3204,1
1314,56,1
1314,230,1
1315,1245,1
1315,1316,2
1315,3235,1
1316,128,2
1317,1160,3
1317,1318,1
1317,1340,1
1317,1425,5
1317,1563,1
1317,3231,2
1318,1319,1
1319,1312,1
1320,1287,1
1320,1321,1
1321,4,3
1321,10,1
1321,29,1
1321,77,2
1321,275,1
1321,532,1
1321,626,1
1321,1281,1
1321,1354,3
1321,1441,1
1321,1454,1
1321,1485,1
1321,1488,1
1321,1928,1
1321,1957,1
1321,1964,1
1321,1966,1
1321,1969,1
1321,2209,2
1321,2210,2
1321,2216,1
1321,2218,1
1321,2246,2
1321,2250,1
1321,2251,2
1321,2278,1
1321,2564,1
1322,1323,1
1323,595,1
1324,1325,2
1324,1344,2
1325,1245,8
1325,1865,1
1325,3011,1
1326,1327,1
1327,7,1
1327,107,1
1327,135,1
1327,694,1
1327,907,1
1327,1214,3
1327,1328,1
1327,1417,1
1327,1521,1
1327,1547,3
1327,1655,1
1327,2849,1
1327,2852,1
1327,3038,1
1327,3046,1
1327,3051,1
1327,3203,1
1327,3738,1
1327,3742,1
1328,1329,1
1329,1330,1
1330,7,2
1330,77,3
1330,112,1
1330,1327,1
1330,1386,1
1330,1625,1
1330,3040,1
1330,3124,1
1330,3719,1
1331,1332,1
1332,1287,2
1332,1321,2
1332,1333,3
1332,1375,1
1333,906,1
1333,1375,1
1333,2165,1
1334,259,1
1334,287,1
1334,625,1
1334,1627,1
1334,1638,1
1335,20,1
1335,49,1
1336,1337,1
1336,2083,1
1337,137,1
1338,1257,2
1338,1339,1
1339,158,1
1340,908,1
1340,1327,5
1341,107,1
1342,899,2
1342,2989,1
1342,3442,1
1342,3517,1
1342,3661,1
1343,1324,2
1343,1344,1
1344,77,1
1344,112,1
1344,130,1
1344,253,1
1344,1209,1
1344,1471,1
1344,1538,1
1344,1939,1
1344,3270,1
1345,1346,1
1345,1468,1
1345,1893,1
1345,3219,1
1346,253,1
1347,1257,1
1348,1349,1
1349,1350,1
1350,1351,1
1351,1352,1
1352,1001,1
1353,593,1
1354,29,1
1354,594,1
1354,1355,1
1354,1391,1
1354,1819,2
1354,2173,1
1354,2249,1
1354,2251,1
1354,2271,2
1354,2935,1
1354,3284,1
1355,29,1
1355,88,1
1355,95,1
1355,976,1
1355,2122,1
1355,3129,1
1356,1357,1
1357,417,1
1358,753,1
1359,1044,1
1360,409,1
1361,739,1
1361,1362,1
1361,1787,1
1362,1363,1
1363,1364,1
1364,112,1
1364,1273,1
1365,1366,1
1366,1367,1
1367,951,1
1367,1192,1
1367,1368,1
1367,1652,1
1368,1369,1
1369,1370,1
1370,1371,1
1371,1372,1
1372,1373,1
1372,1722,1
1372,3221,1
1373,1374,1
1374,264,1
1374,1142,1
1375,4,1
1375,141,1
1375,168,1
1375,202,1
1375,425,1
1375,520,2
1375,1036,1
1375,1442,1
1375,1494,1
1375,1712,1
1375,1759,1
1375,1979,1
1375,2122,1
1375,2172,1
1375,2215,1
1375,2517,1
1375,2679,1
1375,2976,1
1376,1377,1
1377,5,1
1378,41,1
1379,1380,1
1380,1381,1
1381,88,1
1381,234,1
1381,483,1
1382,1161,1
1383,284,1
1383,1384,1
1384,4,1
1385,1330,1
1386,364,1
1387,1388,1
1388,1389,1
1389,1212,1
1390,1391,1
1391,625,1
1391,1434,2
1392,1393,1
1393,1394,1
1394,1263,3
1395,379,1
1396,1397,1
1396,1920,1
1397,1398,1
1397,1538,1
1398,1399,1
1399,1400,1
1400,1401,1
1400,1459,1
1401,1263,1
1402,1403,1
1402,2077,1
1402,2925,1
1402,3306,1
1402,3355,1
1402,3364,1
1402,3370,2
1402,3371,2
1402,3372,1
1403,1404,1
1404,1405,1
1405,610,1
1406,1209,3
1406,1407,1
1406,3257,1
1407,1408,1
1408,1273,1
1409,1410,1
1410,1411,1
1411,10,2
1411,1938,1
1412,1413,1
1413,908,1
1413,1429,1
1413,1687,1
1413,1693,1
1414,353,2
1414,1845,1
1414,1993,1
1414,2649,1
1414,3049,1
1415,76,3
1416,921,1
1417,1418,1
1418,1394,1
1419,1420,1
1420,45,1
1420,3417,1
1421,73,1
1421,944,1
1421,1022,1
1422,1340,1
1423,1424,8
1424,1317,8
1425,135,1
1425,253,1
1425,1273,1
1425,1426,1
1425,1472,1
1425,1513,1
1426,1211,1
1427,7,1
1429,1273,1
1429,1567,2
1430,141,3
1431,473,1
1431,800,1
1432,1433,1
1432,2056,1
1433,29,1
1434,4,2
1434,72,2
1434,396,1
1434,1321,1
1434,2295,1
1434,2511,1
1434,2673,1
1434,3162,1
1434,3220,1
1435,1436,1
1435,1563,1
1435,1695,1
1435,1707,1
1436,1437,1
1437,1438,1
1438,10,2
1438,1273,1
1438,1439,3
1439,139,1
1439,1565,1
1439,1587,1
1440,522,1
1440,1576,1
1441,474,1
1442,756,1
1443,425,1
1444,215,1
1444,417,1
1445,1446,1
1446,5,1
1446,1447,1
1446,3595,1
1447,20,1
1447,47,1
1447,1054,1
1448,216,1
1448,3419,1
1449,474,1
1450,91,1
1450,497,1
1450,2606,1
1450,3096,1
1450,3552,1
1451,425,1
1452,756,2
1453,68,1
1453,625,1
1453,1141,1
1453,1281,1
1453,2693,1
1454,141,1
1454,473,1
1454,482,1
1454,1047,1
1454,1307,2
1454,1957,1
1454,3510,1
1455,473,1
1456,1457,1
1457,70,1
1457,129,1
1457,474,1
1457,876,1
1458,1400,1
1458,1461,1
1459,1460,1
1460,1458,1
1461,1462,1
1461,1666,1
1461,1716,1
1462,1273,1
1463,1464,1
1464,77,1
1465,205,1
1466,67,1
1466,983,1
1467,1345,1
1468,253,1
1468,694,1
1468,1671,4
1468,1824,1
1468,3730,1
1469,310,1
1470,1471,1
1471,253,1
1471,1253,1
1471,1533,1
1471,1674,1
1471,3032,1
1471,3043,1
1471,3052,1
1471,3730,1
1472,5,1
1472,16,2
1472,181,1
1472,993,1
1472,1079,1
1472,1473,1
1472,2744,1
1473,4,1
1473,379,1
1473,1474,1
1474,2,1
1475,1473,1
1476,4,1
1477,395,1
1478,76,10
1478,421,1
1478,1479,1
1478,1992,1
1478,2551,1
1479,889,1
1479,1487,1
1479,2105,2
1479,3676,1
1480,67,1
1480,1980,1
1481,16,1
1481,68,1
1482,1483,1
1482,2231,1
1483,892,1
1484,38,1
1484,626,1
1484,1473,1
1484,1990,1
1484,2192,1
1484,2223,1
1485,1296,1
1485,1486,17
1485,1635,3
1485,2768,1
1485,2779,1
1486,547,4
1486,1454,1
1486,1479,1
1486,1956,1
1486,2162,6
1486,2179,1
1486,2262,1
1486,2801,1
1486,3284,1
1487,484,1
1488,20,4
1488,370,1
1488,1489,1
1488,1969,1
1488,2216,1
1488,2504,1
1489,1481,1
1490,453,1
1491,396,1
1492,1493,1
1493,264,1
1494,177,1
1494,676,1
1494,1414,1
1495,4,1
1496,899,1
1496,1497,1
1497,1498,1
1498,83,1
1499,1500,1
1500,5,1
1501,38,1
1502,1503,1
1503,1504,1
1503,1882,1
1504,1209,1
1505,1273,1
1506,1507,1
1507,1508,1
1508,1471,4
1508,1509,1
1509,141,1
1509,1510,1
1510,1511,1
1511,1512,1
1512,1513,1
1513,1211,1
1513,1786,1
1514,2,1
1514,1528,1
1515,1297,1
1516,211,1
1516,976,1
1517,1518,1
1518,1519,1
1519,1520,1
1519,1671,1
1520,1327,1
1521,1522,1
1522,1273,1
1523,1524,2
1523,1537,2
1524,107,2
1524,398,1
1524,908,2
1524,1524,1
1524,1525,2
1524,1526,2
1524,1527,1
1524,1534,1
1524,1765,1
1524,1837,1
1524,2929,1
1524,3286,1
1524,3763,1
1527,1514,1
1528,1529,1
1529,287,1
1529,400,1
1530,248,1
1530,3604,1
1531,1532,1
1532,1245,1
1532,1471,1
1533,1534,1
1534,1211,2
1536,1263,1
1536,1273,2
1536,3446,1
1537,1272,2
1537,1809,1
1537,3615,1
1537,3735,2
1537,3736,1
1538,7,1
1538,10,2
1538,77,2
1538,112,1
1538,355,20
1538,364,1
1538,610,2
1538,908,1
1538,1257,1
1538,1539,1
1538,2729,2
1538,2899,1
1538,3016,1
1538,3027,1
1538,3068,1
1538,3139,1
1538,3158,1
1538,3279,1
1538,3748,1
1539,349,1
1539,660,1
1540,136,1
1540,168,1
1540,573,1
1540,767,1
1540,921,1
1540,1772,1
1540,2192,1
1541,29,1
1541,565,1
1542,1313,1
1542,1543,2
1543,1544,2
1544,1545,1
1544,1549,1
1545,1263,1
1545,1524,2
1545,3694,1
1546,1327,1
1547,1209,2
1547,1257,1
1547,1524,1
1548,569,1
1549,1550,1
1550,1551,1
1551,1552,1
1552,1553,1
1553,1554,1
1554,218,1
1555,39,1
1556,291,1
1557,32,1
1558,662,1
1559,663,1
1559,1887,1
1560,17,1
1561,1562,1
1562,1317,1
1563,1209,1
1563,1564,2
1564,908,1
1564,1438,2
1565,107,1
1566,7,1
1567,1568,1
1567,1697,1
1567,1706,1
1568,72,1
1568,967,1
1568,3441,1
1569,1570,1
1570,1280,1
1571,1145,1
1572,1573,1
1573,1574,1
1574,1575,1
1575,1440,1
1576,1577,1
1577,1578,1
1578,1579,1
1579,756,1
1580,4,1
1580,5,8
1580,16,2
1580,168,1
1580,287,1
1580,722,1
1580,1006,1
1580,1299,1
1580,1580,1
1580,1992,1
1580,2007,1
1580,2015,1
1580,2128,1
1580,2130,1
1580,2166,2
1580,2705,1
1580,2785,1
1580,3086,1
1581,1582,1
1582,1263,1
1583,1273,1
1584,45,1
1585,253,1
1586,1327,1
1587,1484,1
1588,1589,1
1588,1596,1
1589,1590,2
1590,364,1
1590,410,1
1590,2778,1
1591,786,1
1592,625,1
1593,31,1
1594,1595,1
1595,1588,1
1595,1600,1
1596,1597,1
1597,1044,1
1598,665,1
1598,1285,1
1598,2792,1
1599,43,1
1599,473,1
1600,385,1
1601,460,1
1602,112,1
1602,190,1
1603,1604,1
1604,1605,1
1604,2782,1
1605,625,1
1606,1589,1
1607,1608,1
1608,1375,1
1609,1610,1
1610,473,1
1611,37,1
1612,4,1
1613,1614,1
1614,7,1
1614,10,1
1614,142,1
1614,364,3
1614,1211,4
1614,1615,1
1614,1657,1
1614,1853,1
1614,2392,1
1614,3084,1
1614,3110,1
1614,3137,1
1614,3189,1
1614,3232,1
1614,3243,1
1614,3266,1
1614,3287,1
1614,3718,1
1614,3720,1
1614,3766,1
1615,1616,1
1616,1617,1
1617,107,1
1618,1619,1
1619,1620,1
1620,77,1
1621,610,1
1622,77,1
1623,1209,1
1624,1330,1
1625,1564,1
1626,425,1
1627,232,1
1627,773,1
1627,1099,1
1627,1628,1
1628,731,1
1628,1629,1
1629,168,1
1630,39,1
1630,1631,1
1631,593,1
1632,409,1
1633,1287,1
1634,29,1
1634,547,1
1634,1485,3
1634,2252,1
1634,2788,1
1634,2794,1
1634,2822,1
1635,555,1
1635,2803,1
1635,3142,1
1636,29,1
1637,227,1
1637,797,1
1638,317,2
1638,1325,1
1638,1639,1
1638,2514,1
1638,3230,1
1639,409,1
1640,421,7
1640,451,2
1641,1642,1
1642,474,1
1643,482,1
1644,2,1
1644,2369,1
1645,1094,1
1645,1646,1
1646,20,1
1647,1496,1
1648,473,1
1649,1650,1
1650,3,1
1650,774,1
1650,927,1
1650,1955,1
1650,2745,1
1650,3093,1
1651,474,1
1652,1266,1
1653,212,1
1654,1655,1
1655,1211,1
1655,1656,1
1655,1939,1
1655,3713,1
1656,1614,1
1657,68,1
1658,168,1
1658,474,1
1659,1660,1
1660,1661,1
1661,1662,1
1662,1663,1
1663,1664,1
1664,1665,1
1665,1461,2
1666,1667,1
1667,760,1
1668,32,1
1669,793,1
1670,1671,2
1671,130,1
1671,694,1
1671,3004,2
1671,3056,2
1671,3188,1
1671,3547,1
1671,3636,1
1671,3741,1
1672,1673,1
1673,1508,1
1674,107,1
1676,1677,1
1677,610,1
1678,1679,1
1679,1680,1
1680,1681,1
1681,1682,1
1682,10,1
1683,1684,1
1684,1685,1
1685,77,1
1686,1413,1
1687,1688,1
1688,171,1
1688,1689,1
1688,2027,1
1689,925,1
1689,1690,1
1689,1980,1
1690,936,1
1691,32,1
1691,350,1
1692,1430,1
1693,1563,1
1694,141,2
1694,1435,1
1695,1273,1
1696,1429,1
1697,68,1
1698,1699,1
1699,1700,1
1700,1701,1
1701,1702,1
1702,141,1
1703,1704,1
1704,1705,1
1705,1567,1
1706,1435,1
1707,56,1
1708,55,1
1709,1710,1
1710,83,1
1710,1457,1
1711,1195,1
1712,908,1
1712,1713,1
1713,1714,1
1714,1715,1
1715,1665,1
1716,1421,1
1717,168,2
1718,1719,1
1719,1720,1
1720,953,1
1721,778,1
1721,2143,1
1721,2151,1
1722,1176,1
1723,38,1
1724,67,1
1725,1017,1
1726,4,1
1727,1421,1
1728,1022,1
1729,1730,1
1730,31,1
1731,188,1
1732,1733,1
1733,1734,1
1734,1735,1
1735,4,1
1736,912,1
1737,1738,1
1738,1739,1
1739,1740,1
1740,1243,1
1740,2436,1
1741,1742,1
1742,493,1
1743,10,1
1745,107,1
1746,77,1
1747,44,1
1747,81,1
1747,1152,1
1747,1472,1
1747,1485,1
1747,1983,1
1748,1749,1
1749,68,1
1750,1273,1
1750,1830,1
1751,308,1
1751,1765,1
1752,471,1
1753,621,1
1754,5,1
1754,112,1
1754,2224,2
1754,2660,1
1754,2948,1
1755,961,1
1756,63,1
1757,1758,1
1758,49,1
1759,1760,1
1759,2695,1
1759,3048,1
1760,70,1
1761,625,1
1762,31,1
1762,2143,2
1763,1037,1
1764,68,1
1765,908,3
1765,1178,1
1765,1765,2
1765,1766,1
1765,1840,2
1765,2995,1
1765,3464,1
1765,3656,1
1766,1767,1
1767,1768,1
1768,1769,1
1769,1770,1
1770,1771,1
1771,1772,1
1772,1773,1
1772,2559,1
1773,218,1
1773,976,1
1773,1774,2
1773,2224,1
1774,16,1
1774,1775,1
1775,32,1
1776,1054,1
1777,1614,1
1777,1778,1
1778,610,1
1779,1780,1
1780,1781,1
1781,1782,2
1782,112,1
1782,1783,1
1783,979,1
1784,819,1
1784,2057,1
1785,4,1
1786,1781,1
1787,32,1
1787,92,1
1787,726,1
1787,1001,1
1788,279,1
1789,1790,1
1789,3526,1
1790,10,2
1791,1792,1
1792,1793,1
1793,1794,1
1794,1795,1
1795,68,1
1795,1804,1
1796,810,1
1796,976,1
1796,1797,1
1797,1798,1
1798,1799,1
1799,1800,1
1800,1790,1
1801,1802,1
1802,179,1
1803,1795,1
1804,1805,1
1805,1211,2
1805,1273,1
1806,1807,1
1807,1273,1
1808,1828,1
1809,7,1
1810,1811,1
1811,93,1
1811,1630,1
1812,1813,2
1813,1257,2
1814,1815,1
1814,1819,1
1815,1816,1
1816,4,1
1816,16,1
1816,1817,1
1816,2037,1
1817,1818,1
1818,649,1
1819,347,1
1819,628,1
1819,1820,1
1819,1954,1
1819,2243,1
1819,2344,1
1819,2392,1
1819,2543,1
1819,2802,1
1819,2829,1
1819,2865,1
1819,2872,1
1819,2915,1
1819,2922,1
1820,1821,1
1821,1071,1
1822,1823,1
1823,1195,1
1824,1345,1
1824,1825,1
1824,1849,1
1824,3081,1
1824,3134,1
1824,3294,1
1824,3776,1
1825,1826,1
1825,1834,1
1826,1559,2
1826,1827,1
1827,1808,1
1828,1829,1
1829,1061,1
1830,1831,1
1831,1832,1
1832,1833,1
1833,1825,1
1834,107,2
1835,10,2
1836,1524,1
1837,1211,2
1838,1257,1
1839,1840,1
1840,1257,2
1840,1263,2
1840,1431,1
1840,1537,1
1840,1568,1
1840,1841,1
1840,2171,1
1840,3065,1
1840,3099,1
1840,3209,1
1840,3731,1
1840,3732,1
1841,10,1
1842,1127,1
1842,1132,1
1843,1844,1
1844,1494,1
1845,1846,1
1846,81,1
1847,1848,1
1847,1878,1
1848,921,1
1849,1263,1
1850,1209,1
1851,1209,2
1852,1853,2
1853,77,1
1853,1854,1
1853,1856,1
1853,1860,1
1853,1916,1
1853,2648,1
1853,3015,1
1853,3059,1
1853,3085,1
1853,3089,1
1853,3501,1
1854,1855,1
1855,1853,1
1856,610,1
1857,1858,1
1858,1859,1
1859,1853,1
1860,77,1
1861,143,1
1861,1125,1
1861,2179,1
1861,3221,1
1862,1688,1
1863,1067,1
1864,402,1
1864,1269,1
1864,1958,1
1865,1866,1
1865,2088,1
1865,3303,1
1866,1867,1
1867,1868,1
1868,1869,1
1869,1835,1
1870,1871,1
1871,77,1
1872,610,1
1873,1874,1
1874,1875,1
1875,2,1
1876,875,1
1877,1125,1
1878,1134,1
1879,1880,1
1880,1881,1
1881,1503,1
1882,1883,1
1883,1884,1
1884,1662,2
1884,1885,1
1884,1910,1
1885,1886,1
1886,1559,1
1887,141,1
1888,1142,1
1889,963,2
1890,1891,1
1891,1892,1
1891,2747,1
1892,1375,1
1893,1894,1
1894,1895,1
1895,77,1
1896,1897,1
1897,825,1
1898,1899,1
1899,1900,1
1900,1901,1
1900,2189,1
1901,17,1
1901,1001,1
1902,371,1
1903,112,1
1904,1787,1
1905,88,1
1906,1907,1
1907,1908,1
1908,16,2
1908,572,1
1908,789,1
1909,1884,1
1910,1911,1
1911,1912,1
1912,1913,1
1913,10,1
1914,77,1
1915,10,1
1916,7,1
1917,167,1
1918,1919,1
1918,2330,1
1919,1127,1
1920,1921,10
1920,3164,1
1921,1922,10
1922,1923,10
1923,154,21
1923,360,1
1923,2804,1
1923,2938,1
1924,360,10
1924,1939,1
1924,3240,1
1924,3386,1
1925,77,1
1925,112,1
1925,130,1
1925,1926,1
1925,2185,1
1925,2294,1
1925,2335,1
1925,2750,1
1925,3177,1
1925,3378,1
1926,1927,2
1927,17,1
1927,20,2
1927,39,3
1927,73,1
1927,193,1
1927,199,1
1927,484,1
1927,696,1
1927,910,1
1927,1325,1
1927,1414,1
1927,1819,2
1927,1969,1
1927,1971,1
1927,1986,1
1927,2499,1
1927,2511,1
1927,2594,1
1927,2675,1
1927,2892,1
1927,3072,1
1928,770,2
1928,1485,1
1928,1929,6
1928,2120,3
1928,2144,1
1928,2156,4
1928,2209,2
1928,2223,1
1928,2334,1
1928,2784,2
1929,16,1
1929,81,1
1929,1930,3
1929,1977,2
1930,81,1
1930,82,2
1930,1478,1
1930,1747,4
1930,1977,1
1930,2042,1
1930,2063,1
1930,2066,2
1930,2121,1
1930,2522,1
1931,1932,1
1932,1933,1
1933,141,1
1933,1934,1
1934,1935,1
1935,1936,1
1936,1937,1
1937,1411,1
1938,1939,1
1938,3319,1
1939,112,1
1939,1614,5
1940,81,2
1941,721,1
1941,781,1
1941,887,1
1941,1930,1
1941,1942,3
1941,1947,1
1941,1958,1
1941,3060,1
1941,3486,1
1941,3618,1
1942,39,1
1942,594,1
1942,1943,1
1942,1959,1
1942,2175,1
1943,1944,1
1944,1945,1
1945,77,3
1945,83,1
1945,218,1
1945,626,1
1945,628,1
1945,664,1
1945,810,2
1945,1178,1
1945,1281,2
1945,1488,1
1945,1941,2
1945,1946,1
1945,1952,1
1945,2163,1
1945,2170,1
1945,2323,1
1945,2781,1
1945,3111,1
1946,1941,1
1947,628,1
1947,887,1
1947,1954,1
1947,2027,1
1948,218,1
1948,1082,1
1948,1281,1
1948,1930,1
1948,1941,1
1948,1979,1
1948,2067,1
1949,5,2
1949,81,1
1949,326,1
1949,2028,1
1949,2366,1
1949,2785,1
1950,1816,1
1950,1951,1
1950,2028,1
1950,2043,2
1951,1945,1
1951,2037,1
1952,1953,1
1952,2766,1
1952,3609,3
1953,1036,1
1953,1947,1
1953,2024,1
1953,2125,1
1953,2683,1
1954,1478,1
1954,1602,1
1954,1948,1
1954,2055,1
1954,2110,2
1954,3637,1
1955,1928,1
1955,3407,1
1956,34,1
1956,77,1
1956,1485,1
1956,2324,1
1956,3554,1
1957,4,1
1957,1298,1
1957,1928,6
1957,1945,13
1957,2167,1
1957,2232,1
1957,2643,1
1957,2719,1
1958,418,1
1958,1281,1
1958,2161,1
1958,2682,1
1959,696,1
1960,1961,1
1960,2236,2
1961,1321,1
1961,1450,1
1961,1962,1
1961,3131,1
1962,20,1
1962,77,1
1963,1434,1
1964,13,1
1964,14,1
1964,29,1
1964,77,1
1964,130,1
1964,218,1
1964,354,1
1964,1036,1
1964,1538,1
1964,1957,1
1964,2254,2
1964,2340,1
1964,2366,1
1965,16,20
1965,1987,1
1966,1967,6
1966,2727,1
1966,3265,1
1967,14,1
1967,77,1
1967,95,1
1967,167,2
1967,347,1
1967,397,1
1967,555,1
1967,664,1
1967,976,1
1967,1017,1
1967,1321,1
1967,1485,1
1967,1488,1
1967,1538,2
1967,1945,1
1967,1957,1
1967,1964,1
1967,2136,1
1967,2162,1
1967,2164,1
1967,2170,1
1967,2174,1
1967,2182,1
1967,2197,1
1967,2827,1
1967,2982,1
1967,2994,1
1968,61,1
1968,417,1
1968,2848,1
1968,3033,1
1968,3288,1
1969,17,1
1969,20,7
1969,525,3
1969,910,1
1969,2139,1
1969,2356,1
1970,1927,12
1970,2343,2
1970,2537,1
1970,2591,1
1970,2951,1
1971,73,1
1971,880,1
1971,2688,1
1972,810,1
1972,1969,1
1972,1973,1
1972,2045,2
1972,2270,1
1972,2380,1
1972,2400,1
1972,2542,1
1973,473,1
1973,1974,1
1973,2275,1
1973,2565,1
1973,3424,1
1974,1975,1
1974,2676,1
1975,240,1
1975,803,1
1975,1976,1
1975,2156,1
1975,2376,2
1976,4,1
1976,13,1
1976,73,1
1976,1950,1
1976,1977,1
1976,1979,1
1976,2015,1
1976,2020,1
1976,2279,2
1976,3025,1
1977,17,11
1977,2519,1
1978,73,1
1979,81,2
1979,404,1
1979,1977,1
1979,1980,1
1979,2029,1
1980,1928,2
1980,2128,2
1981,1478,1
1982,1297,1
1982,2140,1
1983,1984,2
1984,628,1
1984,887,1
1984,2528,1
1985,20,2
1985,779,1
1985,1334,1
1985,1986,1
1985,2405,1
1985,2605,1
1985,2645,1
1986,5,1
1986,1132,1
1986,1953,1
1986,1984,1
1986,1988,1
1986,2020,1
1987,628,1
1988,1989,1
1989,1484,1
1990,130,1
1991,781,1
1991,2123,1
1991,2182,1
1992,82,1
1992,172,1
1992,521,1
1992,1993,2
1992,2009,1
1992,2036,1
1992,2158,1
1992,2888,1
1992,3760,1
1993,17,1
1993,282,11
1993,410,1
1993,481,2
1993,734,1
1993,985,2
1993,1355,1
1993,1580,5
1993,1994,1
1993,2015,1
1993,2065,1
1993,2516,1
1993,2559,2
1993,2585,2
1993,3324,2
1993,3481,2
1993,3673,1
1994,1995,1
1995,1996,1
1996,418,1
1997,20,1
1997,447,1
1997,1998,1
1998,449,1
1999,2000,1
1999,2521,1
2000,2001,1
2001,2002,1
2002,2003,1
2003,1993,1
2004,817,1
2004,1036,1
2004,1993,1
2004,2005,1
2005,2006,1
2006,250,1
2006,2274,1
2007,1299,1
2007,3671,1
2008,1993,1
2009,201,1
2010,2011,1
2011,2012,1
2012,2013,1
2013,2014,1
2014,1580,1
2015,393,1
2015,721,1
2015,770,1
2015,1949,1
2015,1951,1
2015,1975,1
2015,3086,1
2016,1355,1
2017,130,1
2018,578,1
2018,1036,1
2018,2040,1
2019,1941,1
2019,2354,1
2019,3690,1
2020,2021,1
2020,2026,1
2020,3019,1
2021,2022,1
2022,4,1
2023,1953,1
2023,2263,1
2023,2497,1
2023,2505,1
2023,2592,1
2024,76,1
2024,81,1
2025,76,2
2026,1947,1
2027,1689,1
2027,1950,1
2027,3275,1
2027,3510,1
2028,1941,1
2028,2040,1
2028,2060,1
2029,2030,1
2030,384,1
2030,2031,1
2031,2032,1
2032,418,1
2033,1203,1
2034,2035,1
2034,2036,1
2034,2161,1
2034,3082,1
2035,1082,1
2036,81,1
2036,1950,1
2037,77,1
2037,2015,1
2037,2038,1
2038,2039,1
2039,1094,1
2040,1811,1
2040,1928,1
2040,2041,1
2040,2296,1
2041,1047,1
2042,179,1
2043,81,1
2043,2044,1
2044,952,1
2045,4,1
2045,1375,1
2045,1485,1
2045,1969,1
2045,2046,1
2045,2392,1
2045,2597,1
2046,2047,1
2047,2048,1
2048,1434,1
2048,2049,1
2048,2058,1
2049,1047,1
2049,1050,1
2050,189,1
2051,807,1
2051,1241,1
2052,2053,1
2053,2054,1
2053,2238,1
2054,1954,1
2055,976,1
2056,2030,1
2057,2058,1
2058,377,1
2058,2059,1
2059,1949,2
2060,2061,1
2061,44,1
2061,95,1
2062,1930,1
2062,2170,1
2063,2064,1
2064,347,1
2065,626,1
2066,1948,1
2066,2104,1
2066,3078,1
2067,2068,1
2067,2102,2
2068,2069,1
2069,2070,1
2070,2071,1
2071,2072,1
2071,3083,1
2072,2073,6
2073,1046,1
2073,2074,2
2073,2080,2
2073,2081,1
2074,2075,2
2075,2076,2
2076,101,2
2076,2079,1
2077,2078,5
2078,2072,1
2078,2079,2
2078,3104,1
2078,3359,1
2079,2072,3
2079,2975,1
2080,2081,2
2081,112,1
2081,2082,1
2081,2085,1
2082,1542,1
2083,2084,1
2084,2072,1
2085,2086,1
2086,2087,2
2087,2088,2
2088,101,1
2088,1217,1
2088,1923,2
2088,2089,1
2088,2272,2
2088,2390,1
2089,101,1
2089,2090,1
2089,3498,2
2090,129,1
2091,1180,1
2091,2092,2
2091,3329,1
2091,3379,1
2092,2093,2
2093,112,1
2093,593,1
2093,1598,1
2093,2094,1
2094,2095,1
2095,123,1
2096,2097,1
2097,2098,1
2098,1920,1
2099,4,2
2099,1425,1
2100,1203,1
2101,2067,1
2102,4,1
2102,81,1
2102,525,1
2102,1930,1
2102,3060,1
2103,1930,1
2103,2143,1
2104,1479,1
2105,1901,1
2105,2061,1
2105,2106,1
2106,2107,1
2107,903,1
2107,2108,1
2108,210,1
2108,2109,1
2109,1485,1
2109,1954,1
2109,2151,1
2109,2609,1
2110,77,1
2110,1638,1
2110,2645,1
2111,2112,1
2111,2113,2
2111,2792,1
2112,2113,1
2113,199,1
2113,2114,1
2113,2954,1
2114,511,1
2115,2116,1
2116,2117,1
2117,81,2
2118,1977,1
2118,2623,1
2119,179,1
2119,1940,1
2120,218,1
2120,1930,1
2120,2102,1
2121,1968,1
2122,417,1
2122,1446,1
2122,1991,1
2122,2369,1
2122,3100,1
2122,3606,1
2122,3652,1
2123,2124,1
2124,2125,1
2125,347,1
2125,691,1
2125,2126,1
2125,2131,1
2125,2273,2
2125,2520,1
2125,3096,1
2125,3608,3
2126,2127,1
2127,1928,1
2127,1980,1
2127,2128,1
2128,336,1
2128,770,2
2128,1929,1
2128,2129,1
2129,2122,1
2130,2125,1
2131,218,1
2132,83,1
2133,1478,1
2134,2135,1
2135,1036,1
2135,1454,1
2136,5,2
2136,16,1
2137,4,1
2138,1969,1
2138,2552,1
2139,1982,1
2140,346,1
2141,5,2
2141,2142,1
2142,1082,1
2143,418,1
2143,770,3
2143,2144,1
2143,2185,3
2143,2586,1
2143,3610,2
2143,3634,1
2144,4,1
2144,1930,1
2144,1992,1
2145,2146,1
2146,48,1
2147,2148,1
2148,2149,1
2149,1689,1
2150,1721,1
2151,2152,1
2151,2265,1
2152,2153,1
2152,2494,1
2153,2154,1
2154,69,1
2154,988,1
2154,1671,1
2154,2155,1
2155,1957,1
2156,61,1
2156,77,1
2156,112,1
2156,626,1
2156,1281,1
2156,1485,1
2156,1957,1
2156,2210,1
2156,3007,1
2157,4,1
2157,1928,1
2158,1203,1
2159,696,1
2159,2160,2
2160,1321,1
2160,2161,2
2160,2389,3
2160,2404,1
2161,143,1
2161,218,1
2161,1454,1
2161,2355,1
2161,2696,1
2162,141,1
2162,1079,1
2162,1957,1
2162,2045,1
2162,2241,1
2162,2289,1
2162,2327,1
2162,2823,1
2163,16,1
2164,2165,1
2165,1354,1
2165,2154,1
2166,418,1
2166,1957,2
2167,2168,1
2168,1320,1
2168,2515,1
2169,1306,1
2169,2252,1
2169,2549,1
2169,2850,1
2170,2171,3
2170,3610,1
2171,112,1
2171,418,1
2171,610,2
2171,1524,1
2171,1952,1
2171,1965,1
2171,2125,2
2171,2172,1
2171,3611,1
2171,3612,1
2171,3613,1
2172,141,1
2172,1306,1
2172,2173,1
2172,2307,1
2172,2506,1
2172,2636,2
2173,2174,1
2173,2789,1
2173,3515,1
2174,4,1
2174,1964,1
2174,2270,1
2174,2501,1
2174,2710,1
2174,2731,1
2174,3518,1
2175,2176,1
2176,691,1
2177,347,1
2177,2181,1
2178,47,2
2179,660,1
2179,691,1
2179,1900,1
2179,2180,1
2179,2203,1
2179,2205,1
2179,2246,1
2179,2818,1
2179,2832,1
2180,2181,1
2180,2292,2
2180,3463,1
2181,1485,1
2181,1964,1
2181,2182,2
2182,14,1
2182,29,1
2182,1485,1
2182,1538,1
2182,1964,2
2182,2183,1
2182,2338,1
2182,2501,1
2182,2877,2
2183,14,1
2184,16,1
2184,409,1
2184,1321,1
2184,2185,1
2184,3299,1
2185,594,1
2185,664,1
2185,786,1
2185,2565,1
2185,2956,1
2185,3554,1
2185,3614,1
2186,2187,1
2187,10,1
2187,2251,1
2187,2386,1
2188,2109,1
2189,2190,1
2190,130,1
2190,2355,1
2191,671,1
2191,3643,1
2192,684,1
2192,1453,1
2192,2193,1
2192,2500,1
2192,3688,1
2193,2194,1
2194,47,1
2194,73,1
2194,542,1
2194,2503,1
2194,3129,1
2194,3339,1
2195,1281,1
2196,664,1
2197,1094,1
2198,263,1
2198,665,1
2198,784,1
2198,2199,1
2199,2200,1
2200,287,1
2200,525,1
2201,2202,1
2202,2179,1
2203,810,1
2204,2179,1
2204,2251,1
2205,112,1
2205,779,1
2206,409,1
2206,3074,1
2206,3394,1
2207,1321,1
2207,2208,1
2207,2213,1
2208,578,1
2208,2205,1
2209,77,1
2209,180,1
2209,626,1
2209,910,1
2209,988,1
2209,1354,1
2209,1484,1
2209,1964,1
2209,2182,1
2209,2210,3
2209,2216,1
2209,2224,1
2209,2237,1
2209,2284,1
2209,2293,1
2210,20,4
2210,112,1
2210,130,1
2210,1332,1
2210,1538,1
2210,1964,1
2210,1977,1
2210,1997,1
2210,2194,1
2210,2208,1
2210,2220,1
2210,2340,1
2211,2212,1
2212,729,1
2213,578,1
2214,1375,1
2214,2616,1
2214,3018,1
2215,2216,1
2216,2217,5
2216,2291,1
2217,1281,1
2217,1321,6
2218,2219,1
2219,1355,1
2220,1964,1
2220,2223,1
2220,2287,1
2221,4,1
2222,2210,1
2223,4,1
2223,973,1
2223,1956,1
2223,2224,2
2224,4,1
2224,14,1
2224,20,2
2224,29,1
2224,112,2
2224,1971,1
2224,1973,1
2224,2239,1
2224,2286,1
2224,2288,1
2224,2299,2
2224,2407,1
2224,2409,1
2224,2410,1
2224,2530,1
2224,3461,1
2224,3615,1
2224,3644,1
2225,20,1
2225,29,1
2226,729,1
2227,2209,1
2228,786,1
2229,95,2
2230,1482,1
2231,1957,1
2231,1976,1
2232,2233,1
2233,1640,1
2233,3606,1
2234,2235,1
2235,61,1
2235,2015,1
2236,1321,1
2236,1961,2
2236,2238,1
2236,2240,1
2237,20,1
2238,199,1
2238,1354,1
2238,2341,2
2238,3383,1
2239,607,1
2239,1961,1
2240,143,1
2240,199,1
2241,2242,2
2241,2874,1
2242,1819,2
2242,2501,1
2242,2824,1
2242,2979,1
2243,2244,1
2243,2245,1
2244,143,2
2245,4,2
2245,532,2
2245,2246,2
2246,542,2
2246,1819,1
2246,1969,1
2246,2631,1
2246,2849,1
2247,2248,2
2247,2415,1
2248,155,2
2249,2250,1
2249,2501,1
2250,205,1
2250,2245,1
2251,72,2
2251,2252,8
2251,2256,1
2251,2853,1
2252,4,2
2252,20,1
2252,29,1
2252,77,1
2252,1354,1
2252,1956,1
2252,1957,1
2252,1962,1
2252,2179,1
2252,2204,1
2252,2332,1
2254,2156,1
2254,2182,1
2254,2338,1
2254,2874,1
2255,1176,1
2255,1650,1
2256,2257,1
2257,810,1
2257,2258,1
2258,2259,1
2259,29,1
2260,160,1
2260,2261,1
2261,1634,1
2261,3228,1
2262,2023,1
2263,1485,1
2263,2264,1
2263,2801,1
2264,2265,1
2265,2216,1
2265,2283,1
2266,2267,1
2267,2268,1
2267,2888,1
2268,2269,1
2269,1965,1
2270,16,1
2270,692,1
2270,1964,1
2270,2209,1
2271,2088,3
2272,910,1
2272,2891,1
2272,2918,1
2273,2274,2
2273,3608,2
2274,626,1
2274,1819,1
2274,2025,1
2274,2224,1
2274,2291,1
2274,2408,1
2275,213,1
2276,2277,1
2277,2144,1
2278,2192,1
2278,2512,1
2279,5,1
2279,1759,1
2279,2280,1
2279,2317,1
2279,2659,1
2279,3031,1
2280,2281,1
2281,2282,1
2282,1478,1
2283,1321,1
2284,976,1
2284,2285,1
2285,2236,1
2286,112,1
2286,2220,1
2287,44,1
2288,16,3
2288,77,1
2289,2290,1
2290,594,1
2291,1321,1
2291,1991,1
2292,61,1
2292,473,1
2292,910,1
2293,2251,2
2293,2307,1
2294,29,1
2294,2336,1
2295,1957,1
2295,2019,1
2296,5,1
2296,1930,1
2296,2614,1
2297,2298,1
2297,2413,1
2298,199,1
2299,366,1
2299,521,1
2299,2300,1
2300,2301,1
2301,2302,1
2301,2628,1
2302,1920,1
2303,2304,1
2304,2305,1
2305,1970,1
2305,2306,1
2306,1354,1
2307,473,1
2307,2224,1
2307,2366,1
2307,2607,1
2308,1670,1
2308,2309,1
2308,3482,1
2309,2310,1
2310,2311,1
2311,347,1
2312,2274,1
2313,628,1
2314,2273,1
2315,2316,1
2316,578,1
2316,2455,1
2317,2318,1
2318,2319,1
2319,1287,1
2320,2321,1
2321,2322,1
2322,95,1
2322,1640,1
2323,976,1
2323,2223,1
2324,2325,1
2324,3342,1
2325,2270,1
2325,2640,1
2326,2217,2
2327,29,1
2327,3562,1
2328,4,1
2328,2505,1
2329,77,1
2329,112,1
2329,2414,1
2330,2331,1
2331,1997,1
2332,2333,1
2333,2209,1
2334,626,1
2335,1321,1
2335,1972,1
2335,2500,1
2336,1178,1
2336,1250,1
2336,2160,2
2336,2224,2
2336,3101,1
2337,2254,1
2337,2639,1
2338,1115,1
2338,2339,2
2339,626,1
2339,1485,1
2339,1969,1
2339,2182,1
2339,2341,1
2339,2499,1
2339,2623,1
2339,2633,1
2339,2819,3
2339,2914,1
2339,2921,1
2340,451,2
2341,199,1
2341,360,1
2341,1923,1
2341,2624,1
2341,2878,1
2341,3505,1
2342,593,1
2342,1599,1
2343,1927,1
2343,2682,1
2344,2345,1
2345,507,1
2345,1920,1
2345,2346,1
2345,2626,1
2345,3205,1
2345,3215,1
2346,2347,1
2347,2348,1
2348,130,1
2348,2349,1
2349,2350,1
2350,2351,1
2351,130,1
2351,2352,1
2351,2941,1
2352,1332,1
2352,1354,1
2352,1454,1
2352,2353,1
2352,2358,4
2352,3563,1
2353,61,1
2354,1121,1
2355,112,1
2355,443,1
2356,198,1
2357,2352,1
2358,1958,1
2358,2288,3
2358,2549,1
2359,628,1
2359,2360,1
2360,2161,1
2360,2910,1
2361,2362,1
2362,2363,8
2363,484,1
2363,667,1
2363,1269,1
2363,2364,4
2363,2418,1
2364,29,2
2364,484,4
2364,593,1
2364,2182,1
2364,2419,1
2364,2944,1
2365,709,1
2366,29,4
2366,39,1
2366,49,1
2366,199,1
2366,1115,1
2366,2023,1
2366,2224,1
2366,2367,1
2366,2379,1
2366,2398,1
2366,2432,1
2366,2507,1
2366,2540,1
2367,2368,1
2368,1644,1
2368,2224,1
2368,2384,1
2368,2449,1
2369,77,1
2369,199,1
2369,544,1
2369,593,1
2369,2233,1
2370,2371,2
2371,141,1
2371,1342,1
2371,2170,4
2371,2366,1
2371,2371,1
2371,2424,2
2371,2798,1
2372,2373,2
2373,189,1
2373,333,2
2373,453,1
2373,595,1
2373,2380,1
2373,2424,2
2373,2458,1
2373,2466,1
2374,2375,1
2374,3415,1
2375,1975,2
2376,2377,1
2376,2448,1
2377,582,1
2377,2373,1
2378,544,1
2378,2366,1
2379,544,1
2379,910,1
2380,29,1
2380,2368,1
2380,2443,1
2381,141,1
2381,910,1
2382,2143,1
2382,2252,2
2383,1140,1
2384,910,1
2384,2447,1
2385,473,1
2385,2187,1
2386,1306,1
2387,2388,1
2387,3429,1
2388,1634,1
2388,2238,1
2389,199,1
2389,910,1
2389,1297,1
2389,1478,1
2389,1969,1
2389,2141,1
2389,2390,2
2389,2492,1
2389,2959,1
2389,2964,1
2390,1180,1
2390,2366,1
2390,2391,1
2390,2548,1
2390,3132,1
2391,1115,1
2392,1313,1
2392,2358,1
2392,2393,2
2393,2394,1
2393,2952,1
2394,745,1
2395,2396,1
2395,2403,1
2396,2397,1
2396,2498,1
2397,2398,1
2398,199,2
2398,421,1
2398,2746,1
2399,189,1
2399,1972,1
2399,2962,1
2400,2401,1
2400,2545,1
2401,1970,1
2401,2926,1
2402,2403,1
2403,16,1
2403,193,1
2403,546,1
2403,1985,1
2404,2403,1
2405,77,1
2406,628,1
2406,2224,1
2407,218,1
2408,2336,1
2409,112,1
2410,141,1
2411,2352,2
2412,2297,1
2413,910,1
2413,2416,1
2414,77,1
2415,667,1
2416,2417,1
2417,1926,1
2418,2362,1
2419,2420,1
2420,2373,1
2420,2421,1
2421,2422,1
2422,2423,1
2423,2424,2
2424,2425,20
2425,1920,1
2425,2378,1
2425,2379,1
2425,2381,1
2425,2384,1
2425,2426,1
2425,2434,1
2425,2437,1
2425,2440,1
2425,2457,1
2425,2460,1
2425,2464,1
2425,2467,1
2425,2469,1
2425,2472,1
2425,2474,1
2425,2477,1
2425,2481,1
2425,2483,1
2425,2489,1
2426,544,1
2427,2424,1
2428,2429,1
2429,486,1
2430,2431,1
2431,877,1
2432,2433,1
2433,2373,1
2434,551,1
2435,1740,1
2436,1321,1
2436,2424,1
2436,2459,1
2437,2438,1
2438,73,1
2439,2424,1
2440,2441,1
2441,2377,1
2442,2424,1
2443,2444,1
2444,2445,1
2445,2446,1
2446,481,1
2447,2375,1
2448,2373,1
2449,2450,1
2450,2451,1
2451,2452,1
2452,2453,1
2453,250,1
2454,2316,1
2455,2456,1
2456,333,2
2456,2424,1
2457,2420,1
2458,2436,1
2459,2456,2
2460,2461,1
2461,2462,1
2462,2463,1
2463,2371,1
2464,2465,1
2465,2373,1
2466,789,1
2467,544,1
2468,2424,1
2469,2470,1
2470,2471,1
2471,2373,1
2472,544,1
2473,374,1
2474,2475,1
2475,2476,1
2475,3207,1
2476,2424,1
2477,2478,1
2478,2479,1
2479,2480,1
2480,2459,1
2481,2482,1
2482,2373,1
2483,2484,1
2484,2485,1
2485,2373,1
2486,546,1
2486,2487,1
2487,2488,1
2488,2424,1
2489,2490,1
2490,762,1
2491,630,1
2492,2493,1
2493,521,1
2493,2152,1
2494,2495,1
2495,1047,1
2496,2366,1
2497,2224,1
2497,2345,1
2498,48,1
2498,547,1
2499,2184,2
2499,2500,1
2500,4,1
2500,29,1
2500,936,1
2500,2497,1
2500,2528,1
2501,2244,1
2501,2245,4
2501,2893,1
2502,2194,1
2503,1488,1
2503,3128,1
2503,3292,1
2504,1478,1
2504,2172,1
2504,2505,5
2504,2637,1
2505,284,1
2505,2172,1
2505,2513,1
2505,2641,1
2506,347,1
2506,792,1
2506,2507,1
2507,2508,2
2508,347,1
2508,2172,1
2509,2510,1
2510,335,1
2510,825,1
2511,2512,5
2512,128,1
2512,136,1
2512,303,1
2512,731,1
2512,2610,1
2512,2645,1
2512,3264,1
2513,287,1
2513,317,1
2513,1638,1
2514,2515,1
2515,2516,1
2515,2777,1
2516,1375,2
2516,2501,1
2517,2518,1
2518,2067,1
2519,786,1
2520,1945,1
2521,1645,1
2522,1241,1
2523,1538,1
2524,2525,1
2525,2526,1
2526,2527,1
2527,1945,1
2528,112,1
2528,2018,1
2528,2529,1
2528,3578,1
2529,810,1
2530,817,1
2531,2532,1
2532,2037,1
2533,1281,1
2534,88,1
2534,1634,1
2535,1478,1
2535,2536,1
2536,1580,1
2537,2538,1
2538,1927,1
2539,1640,1
2539,3554,1
2540,2541,1
2541,2210,1
2542,1819,1
2543,2544,2
2544,2257,1
2544,2961,1
2545,2546,1
2546,2547,1
2547,2548,1
2548,1754,1
2548,2963,1
2549,2322,1
2549,2371,1
2550,691,1
2550,2621,1
2550,2942,1
2551,2160,1
2552,2553,1
2553,2554,1
2553,3122,1
2554,112,1
2555,2136,1
2556,1953,1
2557,76,1
2558,128,1
2559,143,1
2559,1079,1
2559,1580,1
2559,2560,1
2559,2987,1
2559,3480,1
2560,2561,1
2561,2562,1
2562,523,1
2562,594,1
2563,112,1
2564,4,1
2564,514,1
2564,1184,1
2564,3149,1
2564,3347,1
2565,326,1
2565,817,1
2566,2567,1
2567,2568,1
2568,2569,1
2569,2570,1
2570,2571,1
2571,2572,1
2572,370,1
2573,542,1
2574,2575,1
2575,2576,1
2576,29,1
2577,377,1
2578,2579,1
2579,794,1
2580,130,1
2581,2582,1
2582,630,1
2583,2584,1
2584,1993,1
2585,88,1
2585,112,1
2585,910,1
2585,953,1
2585,3482,1
2586,77,1
2587,1488,1
2588,2589,1
2588,3281,1
2588,3298,1
2589,2590,1
2590,473,1
2591,2023,1
2592,2593,1
2593,681,1
2593,1454,1
2594,2595,1
2595,523,1
2595,2387,1
2596,2255,1
2597,2127,1
2598,2599,1
2599,473,1
2599,976,1
2599,1204,1
2599,3497,1
2600,1133,1
2600,2617,1
2601,481,1
2602,1434,1
2603,2604,1
2604,201,1
2605,4,1
2605,1450,1
2606,2307,1
2606,2511,1
2607,82,1
2608,2109,1
2609,213,1
2610,1928,1
2610,2663,1
2611,5,1
2612,1927,1
2613,170,1
2614,2615,1
2615,81,1
2615,88,1
2615,163,1
2615,168,1
2615,2374,1
2615,2664,1
2615,2665,1
2616,2600,1
2617,2618,1
2618,1970,1
2619,2184,1
2620,2550,2
2621,2622,1
2622,34,1
2623,1964,1
2623,2053,1
2624,232,1
2625,744,1
2626,73,1
2627,2301,1
2628,381,1
2629,240,1
2630,2246,1
2631,13,1
2632,2339,1
2633,2634,1
2634,2635,1
2635,2516,1
2636,4,2
2636,3618,1
2637,2638,1
2638,336,1
2638,2337,1
2639,741,1
2640,284,1
2641,2328,1
2641,3416,1
2642,2504,1
2643,2644,1
2643,3169,1
2644,532,1
2644,2585,1
2645,289,1
2645,303,1
2645,449,1
2645,2278,1
2645,2646,1
2645,2659,1
2645,2697,1
2646,593,1
2647,532,1
2647,2878,1
2648,1954,1
2648,2110,1
2648,2638,1
2649,4,1
2649,2048,1
2650,2648,1
2651,83,1
2652,756,1
2653,2654,1
2654,4,1
2654,3282,1
2655,81,1
2655,168,1
2655,1816,1
2655,2656,1
2656,558,1
2657,67,1
2658,2645,1
2659,201,1
2659,1754,1
2660,2661,1
2661,2662,1
2662,906,1
2663,2615,2
2664,2665,1
2665,1281,1
2665,2666,1
2666,4,1
2667,2645,1
2668,2669,1
2669,2670,1
2670,2671,1
2671,2672,1
2672,351,1
2673,83,1
2674,2135,1
2675,2366,1
2676,420,2
2677,2678,1
2678,1332,1
2679,2680,1
2680,593,1
2681,473,1
2682,1927,1
2682,2676,1
2683,925,1
2684,2004,1
2685,2686,1
2686,2687,1
2686,3598,1
2687,1969,1
2688,2689,1
2689,2690,1
2690,13,1
2691,283,1
2692,1453,1
2693,2180,1
2694,1036,1
2694,1976,1
2695,1332,1
2696,20,1
2697,789,1
2698,2699,1
2699,1375,1
2699,2700,1
2700,2701,1
2700,3692,1
2701,2702,1
2702,210,1
2703,1650,1
2704,1414,1
2705,81,1
2705,218,1
2706,1256,1
2706,2707,1
2706,3143,1
2706,3492,1
2707,47,1
2707,2708,1
2708,786,1
2708,2709,1
2709,16,1
2710,2711,1
2711,2712,2
2712,2713,1
2712,2732,1
2713,2714,1
2714,722,1
2715,626,1
2715,3310,1
2716,2717,1
2716,2742,1
2717,2718,1
2718,101,1
2719,77,1
2719,397,1
2719,2720,1
2719,2723,2
2720,2721,1
2721,2722,1
2722,807,1
2722,1538,1
2722,1957,1
2722,2726,1
2723,4,1
2724,807,1
2725,2722,3
2725,3422,1
2726,1966,1
2727,2728,1
2728,16,1
2729,2730,2
2730,10,1
2730,555,1
2730,2835,1
2731,2711,1
2732,2733,1
2732,2997,1
2733,626,1
2733,3502,1
2734,2735,1
2735,2736,1
2736,687,1
2737,2738,1
2738,2739,1
2739,2740,1
2740,2741,1
2741,2093,1
2742,2743,1
2743,114,1
2744,1196,2
2744,3090,1
2745,2398,1
2746,409,1
2747,2748,1
2747,3144,1
2748,2725,1
2749,1920,1
2750,2719,1
2751,2752,1
2752,2753,1
2753,112,1
2754,10,1
2755,2756,1
2756,2757,1
2757,13,1
2758,2759,1
2759,2760,1
2760,2761,1
2761,2762,1
2761,2769,1
2762,536,1
2763,2764,1
2764,202,1
2765,1176,1
2766,2767,1
2767,409,1
2768,2761,1
2769,2770,2
2769,2771,1
2769,2777,1
2769,2780,1
2771,2772,1
2772,2773,1
2773,2774,1
2774,2775,1
2775,1209,1
2775,3500,2
2776,2769,1
2777,976,2
2777,1590,1
2778,1485,1
2779,2769,1
2780,1637,1
2781,77,1
2782,143,1
2783,1957,1
2784,10,1
2784,626,1
2784,3603,1
2785,13,1
2785,976,1
2785,1485,1
2785,1650,1
2785,2181,1
2785,2786,1
2786,2708,1
2787,1634,1
2788,1354,1
2789,2790,1
2789,3328,1
2790,2791,1
2791,2093,1
2792,1115,1
2792,2793,1
2793,2534,1
2794,2795,1
2795,2796,1
2796,2797,1
2797,2169,1
2798,2799,1
2799,2800,1
2800,691,1
2801,1321,2
2802,810,1
2803,166,1
2804,362,1
2805,2806,1
2806,2807,1
2807,2808,1
2808,2809,1
2808,3665,1
2809,528,1
2809,1969,1
2809,2810,1
2810,2811,1
2810,3274,1
2811,152,1
2811,409,1
2811,2812,1
2812,2813,1
2813,2814,1
2814,2815,1
2815,2816,1
2816,2817,1
2817,47,1
2818,2339,1
2819,2820,1
2820,2821,1
2821,112,1
2822,547,1
2822,2819,2
2823,2242,1
2823,2984,1
2824,2825,2
2825,95,2
2826,10,1
2827,2828,1
2828,1819,1
2829,2830,1
2830,2169,1
2830,2831,1
2831,797,1
2831,2179,1
2832,47,1
2833,2834,1
2833,2841,1
2834,2835,1
2835,2836,1
2835,2839,1
2836,2837,1
2837,2838,1
2838,2839,1
2839,1966,1
2839,2840,1
2840,2730,1
2841,2842,1
2842,660,1
2843,2844,1
2844,1968,1
2844,2845,1
2845,2846,1
2846,2847,1
2847,2844,1
2848,2181,1
2849,2830,1
2849,3283,1
2850,2851,1
2851,795,1
2851,3276,1
2852,1968,1
2852,2811,1
2853,521,1
2854,2855,1
2855,1485,1
2855,1688,1
2856,409,1
2857,2858,1
2858,2859,1
2859,2860,1
2860,2326,1
2861,635,1
2861,2862,1
2862,1321,1
2863,112,1
2864,34,1
2865,2866,1
2866,2867,1
2866,2936,1
2866,2953,1
2867,2868,1
2868,2869,1
2869,2870,1
2870,2871,1
2871,2049,1
2872,1538,1
2872,2873,1
2873,2348,1
2874,542,1
2874,1819,1
2875,2876,1
2876,2182,1
2877,2251,1
2877,2341,1
2878,2811,1
2878,3293,1
2879,2880,2
2880,2881,1
2880,2882,1
2881,155,1
2882,409,1
2883,2884,1
2884,2885,1
2885,397,1
2886,2887,1
2887,2267,1
2888,88,1
2888,2889,1
2889,2249,1
2890,2182,1
2891,2305,1
2892,20,1
2893,409,1
2894,397,1
2895,2896,1
2896,2339,1
2897,199,1
2899,1965,1
2900,2901,1
2901,2902,1
2902,16,1
2903,2904,1
2904,2905,1
2905,2906,1
2906,2907,1
2907,2908,1
2908,593,1
2909,595,1
2910,2911,1
2911,2912,1
2912,2913,1
2913,112,1
2914,1819,1
2915,2916,1
2916,2917,1
2917,112,1
2918,1923,1
2919,2920,1
2920,362,1
2921,1115,1
2922,152,1
2923,2924,1
2924,1402,1
2925,909,1
2926,2927,1
2927,2928,1
2928,2171,1
2929,2930,1
2930,2931,1
2930,3394,1
2931,1292,1
2932,1447,1
2932,2122,1
2933,1970,1
2934,61,1
2935,2866,1
2936,2937,1
2937,1923,1
2938,2939,1
2939,155,1
2940,2351,1
2941,2620,1
2942,484,1
2942,2362,1
2943,2362,1
2944,29,1
2945,130,1
2946,2947,1
2947,2362,1
2948,2949,1
2949,2950,1
2950,1970,1
2951,218,1
2952,2866,1
2953,409,1
2954,2955,1
2955,1920,1
2955,2185,1
2956,2957,1
2957,420,1
2958,409,1
2959,2398,1
2959,2960,1
2960,1972,1
2961,2955,1
2962,2390,1
2963,2389,1
2964,2965,1
2965,2966,1
2966,299,1
2967,2968,1
2968,1094,1
2969,525,1
2970,2971,1
2971,2972,1
2972,2973,1
2973,2974,1
2974,2076,1
2975,1375,1
2976,2977,1
2977,768,1
2978,112,1
2979,2329,1
2980,1538,1
2981,10,1
2982,2983,1
2983,2823,1
2984,2985,1
2985,2986,1
2986,2824,1
2987,16,1
2987,993,1
2987,2988,1
2987,3443,1
2987,3674,1
2988,2989,1
2989,16,1
2989,282,1
2989,2990,1
2989,3444,1
2990,2991,1
2991,2992,1
2992,1538,1
2993,10,1
2994,2995,1
2995,2732,1
2995,2996,1
2996,2997,1
2997,2998,1
2997,3449,1
2998,1198,1
2999,1273,1
3000,3001,1
3001,3002,1
3002,3003,1
3003,2855,1
3004,1923,1
3004,3005,1
3004,3012,1
3004,3020,1
3004,3088,1
3004,3145,1
3004,3150,1
3004,3192,1
3005,107,1
3006,2156,1
3007,3008,1
3008,3009,1
3009,3010,1
3010,1282,1
3010,3154,1
3011,3004,1
3012,610,1
3013,1273,1
3014,77,2
3014,1853,1
3015,1538,1
3016,473,1
3017,2214,1
3018,81,1
3019,1325,1
3020,107,1
3021,1330,1
3022,610,1
3023,3024,1
3024,2051,1
3025,1132,1
3026,1273,1
3028,3029,1
3029,3030,1
3030,2279,1
3031,1508,3
3032,7,2
3033,2699,1
3034,3035,1
3035,77,1
3036,1992,1
3037,1840,2
3038,1614,1
3039,1330,1
3040,3041,1
3041,13,1
3042,3031,1
3043,1327,1
3044,1538,2
3045,10,1
3046,3047,1
3047,1759,1
3048,1927,1
3049,420,1
3050,1273,1
3051,1538,2
3052,7,1
3053,7,2
3054,3055,1
3055,141,1
3055,1047,1
3056,3057,1
3056,3751,1
3057,141,1
3058,77,1
3059,10,1
3059,1263,1
3060,976,1
3060,3061,1
3060,3666,1
3061,76,1
3062,3032,1
3063,3064,1
3064,1840,1
3065,3066,1
3066,107,1
3067,1257,1
3068,2105,1
3069,3070,1
3070,2493,1
3071,1927,1
3072,1047,1
3072,1694,1
3072,3256,1
3073,2206,1
3074,10,1
3074,3075,1
3075,1479,1
3076,1253,2
3077,2066,1
3078,4,1
3079,2099,1
3080,1824,1
3081,1330,2
3082,2127,1
3083,1655,1
3084,10,1
3085,1976,1
3086,32,1
3086,1273,1
3087,1457,1
3087,2154,1
3088,7,1
3089,1472,1
3090,101,1
3091,1208,1
3091,1933,1
3091,3081,1
3091,3183,1
3091,3249,1
3091,3258,1
3092,557,1
3093,770,1
3093,1976,1
3094,1273,1
3095,95,1
3096,936,1
3096,3097,1
3096,3474,1
3097,5,1
3098,3059,1
3099,1273,1
3100,5,1
3100,3352,1
3101,3102,1
3102,3103,1
3103,2077,1
3104,1209,2
3105,3106,1
3106,3107,1
3107,112,1
3108,3109,1
3109,101,1
3110,2015,1
3111,3112,1
3112,3113,1
3113,1640,1
3114,3115,1
3115,4,1
3116,3117,1
3117,167,1
3118,1283,1
3119,3120,1
3120,1614,1
3121,61,1
3122,129,1
3123,77,1
3124,141,1
3125,3126,1
3126,1273,1
3127,10,1
3128,14,1
3129,1325,1
3129,3130,1
3129,3276,1
3130,2236,1
3131,2390,1
3132,3133,1
3133,1824,2
3134,77,1
3135,1538,1
3136,1614,1
3137,1257,1
3138,1538,1
3139,3140,1
3140,3141,1
3141,2156,1
3142,2706,2
3143,1538,1
3144,1927,1
3145,107,1
3146,1263,1
3147,1614,1
3148,1321,1
3148,2362,1
3149,3129,1
3150,107,1
3151,107,1
3152,1538,1
3153,2154,1
3154,1283,1
3155,610,1
3156,107,1
3157,1538,1
3158,3159,1
3159,7,1
3160,3161,1
3161,1434,1
3161,3222,1
3162,2200,1
3163,1313,1
3164,1338,1
3165,1211,1
3166,532,1
3167,141,1
3168,1321,1
3169,3170,1
3170,170,1
3171,73,1
3172,3173,1
3173,770,1
3174,3175,1
3175,3176,1
3176,1273,1
3176,1614,1
3177,3178,1
3178,77,1
3179,3180,1
3180,1992,1
3181,993,1
3182,3091,1
3183,101,1
3184,523,1
3185,377,1
3186,1263,3
3186,1840,1
3186,3447,1
3186,3540,1
3187,1524,2
3187,2744,1
3187,3448,1
3188,1614,1
3189,141,1
3190,107,1
3191,2231,1
3192,1923,1
3193,3194,1
3194,3195,1
3195,1209,1
3196,1538,1
3197,3198,1
3198,797,1
3199,572,1
3200,1283,1
3201,3202,1
3202,1273,1
3203,1257,1
3204,278,1
3205,13,1
3206,2475,1
3207,3208,1
3208,1273,1
3209,1273,1
3210,1327,1
3211,3212,1
3212,3213,1
3213,3214,1
3214,888,1
3215,3216,1
3216,3217,1
3217,73,1
3218,1468,1
3219,1330,1
3220,1861,1
3221,95,1
3221,3420,1
3222,252,1
3223,1923,1
3224,909,2
3225,3226,1
3226,107,1
3227,292,1
3228,20,1
3229,572,1
3230,532,1
3230,3148,1
3231,1923,2
3232,1327,1
3233,3234,1
3234,768,1
3235,3236,1
3236,1245,1
3237,1257,1
3238,3239,1
3239,412,1
3240,1211,1
3241,2512,1
3242,953,1
3243,141,1
3244,2785,1
3245,3246,1
3246,1338,1
3247,3248,1
3248,3091,1
3249,1538,1
3250,1927,1
3251,3252,1
3252,3253,1
3253,10,1
3254,3255,1
3255,3072,1
3256,3257,1
3257,2091,1
3257,3091,1
3257,3335,1
3257,3337,1
3258,3259,1
3259,1209,1
3260,3261,1
3261,3262,1
3262,3263,1
3263,29,1
3264,807,1
3264,1297,1
3265,1273,1
3266,1273,1
3267,77,1
3268,1975,1
3269,3264,1
3270,610,1
3271,10,1
3272,107,1
3273,10,1
3274,1321,1
3275,3276,1
3276,1406,1
3276,3277,1
3276,3285,1
3276,3301,1
3277,141,1
3278,1538,1
3279,107,1
3280,77,1
3281,2831,1
3282,3142,1
3283,2785,1
3284,2324,1
3284,3276,1
3285,1524,1
3286,1263,1
3287,1327,1
3288,219,1
3289,3290,1
3290,3291,1
3291,1861,1
3292,167,1
3293,3133,1
3294,3295,1
3295,3296,1
3296,77,1
3298,2184,1
3299,3300,1
3300,1355,1
3301,107,1
3302,1273,1
3303,1923,1
3304,1177,1
3305,1402,1
3306,3307,1
3307,4,1
3307,3308,1
3307,3314,1
3308,10,1
3309,2079,1
3310,3311,1
3311,3312,1
3312,3313,1
3313,3307,1
3314,10,1
3315,3316,1
3316,1180,1
3317,141,1
3318,1180,1
3319,1180,1
3320,3321,1
3321,3322,1
3322,3323,1
3323,3307,1
3324,934,1
3324,1266,1
3324,3455,1
3325,1538,1
3326,3327,1
3327,2789,1
3328,3329,1
3329,2263,1
3329,2271,1
3330,3331,1
3331,3257,1
3332,3333,1
3333,3334,1
3334,3257,1
3335,1180,1
3336,1406,1
3337,169,1
3338,171,1
3339,3055,1
3340,1375,1
3341,825,1
3342,547,1
3343,2593,1
3344,1184,1
3345,3074,1
3346,2564,1
3347,3348,1
3348,3349,1
3349,130,1
3350,3351,2
3351,169,1
3351,3100,1
3352,3353,1
3353,3354,1
3354,1402,1
3355,3356,1
3356,3357,1
3357,3358,1
3358,1402,1
3359,3360,1
3360,3361,1
3360,3368,1
3361,3362,1
3362,3363,1
3363,1402,1
3364,3365,1
3365,795,1
3366,3367,1
3367,3360,1
3368,1446,1
3368,3369,1
3369,1402,1
3372,3373,1
3373,3374,1
3374,3375,1
3375,3376,1
3376,3377,1
3377,3378,1
3378,2238,1
3378,3350,1
3379,3380,1
3380,112,1
3380,1920,1
3381,3382,1
3382,3380,1
3383,3384,1
3384,112,1
3385,1096,1
3386,3387,1
3387,3388,1
3388,3389,1
3389,1614,1
3390,3391,1
3391,2238,1
3392,3393,1
3393,2206,1
3394,129,1
3394,3395,1
3395,991,1
3396,3397,1
3397,3398,1
3398,3399,1
3399,665,1
3400,3401,1
3401,3402,1
3402,3403,1
3403,3404,1
3404,130,1
3405,2809,3
3405,3406,1
3405,3407,2
3406,3407,1
3407,3408,4
3408,3409,1
3408,3420,3
3409,3410,1
3410,3411,1
3411,3412,1
3412,1176,1
3413,1092,1
3414,2615,1
3415,2641,1
3416,1420,1
3417,1097,1
3417,3418,1
3418,120,1
3419,1955,1
3420,1307,1
3420,3423,1
3420,3425,1
3420,3432,1
3421,2725,1
3422,1096,1
3423,1973,1
3424,3417,1
3425,1176,1
3426,3427,1
3427,768,1
3428,3426,1
3429,495,1
3430,3431,1
3431,1292,1
3432,152,1
3433,3434,1
3434,3435,1
3435,155,1
3436,3437,1
3437,3438,1
3438,112,1
3439,3440,1
3440,1568,1
3441,1053,1
3442,2987,1
3443,2989,1
3444,993,1
3445,1536,1
3446,3186,1
3447,3187,1
3448,1765,1
3449,2930,1
3449,3450,1
3450,150,1
3451,3452,1
3452,3453,1
3453,3454,1
3454,218,1
3455,910,1
3455,3558,1
3456,1083,1
3457,2143,1
3458,403,1
3459,635,1
3459,722,1
3459,3619,1
3460,218,1
3460,227,1
3460,495,1
3460,593,1
3460,1178,1
3460,3461,1
3460,3572,1
3460,3664,1
3461,804,1
3461,3647,1
3462,1993,1
3463,1580,1
3464,3465,1
3464,3523,1
3465,1053,1
3466,1342,1
3467,3468,1
3468,3469,1
3469,3470,1
3470,227,1
3471,428,1
3471,3476,1
3471,3478,1
3471,3686,1
3472,3473,1
3473,241,1
3474,1710,1
3475,4,1
3476,514,1
3477,936,1
3478,908,3
3479,1054,1
3480,181,1
3480,347,1
3480,418,1
3481,2585,2
3481,2644,1
3482,1203,1
3482,1993,1
3482,3483,1
3482,3491,1
3482,3669,1
3482,3676,2
3483,1580,1
3484,908,1
3485,3324,1
3486,908,1
3487,1054,1
3488,1580,1
3489,1765,1
3490,676,1
3491,2615,1
3492,1472,1
3493,3494,1
3494,3495,1
3495,635,1
3496,2599,1
3497,2089,1
3498,3499,2
3499,2775,1
3499,3533,1
3500,364,1
3500,1853,1
3501,2733,1
3502,576,1
3503,88,1
3503,3504,1
3504,2341,1
3505,3506,1
3506,633,1
3507,976,1
3508,18,2
3509,756,1
3510,722,1
3510,3060,1
3511,417,1
3512,3513,1
3513,88,1
3513,1381,1
3514,976,1
3515,3516,1
3516,2371,1
3517,2174,1
3518,3519,1
3519,3520,1
3520,3521,1
3521,3522,1
3522,1273,1
3523,2089,1
3523,3524,1
3524,3525,1
3524,3527,1
3525,1789,1
3526,3524,1
3527,3528,1
3528,3529,1
3529,3530,2
3530,3531,2
3530,3545,1
3531,3532,1
3531,3541,1
3531,3546,1
3532,3533,1
3533,3530,1
3533,3534,2
3534,795,1
3534,1198,1
3534,1273,1
3534,1524,1
3534,3704,1
3535,3536,1
3536,123,1
3537,3538,1
3538,3539,1
3539,1263,1
3540,101,1
3541,3542,1
3542,3543,1
3543,3544,1
3544,3534,1
3545,3531,1
3546,3533,1
3547,3548,1
3548,2323,1
3549,377,1
3549,812,1
3549,3549,2
3550,107,1
3551,347,1
3551,789,1
3551,1054,1
3552,804,16
3554,804,16
3555,3551,1
3556,68,1
3556,1054,1
3557,908,1
3558,1020,1
3559,3560,2
3560,377,1
3560,1203,1
3561,2108,1
3562,796,1
3562,3579,1
3563,3556,1
3563,3568,1
3564,882,1
3565,3566,1
3566,3567,1
3567,1819,1
3568,88,1
3569,3570,1
3570,3571,1
3571,976,1
3572,784,1
3573,2987,1
3574,2185,1
3574,3575,1
3575,420,1
3576,3577,1
3577,976,1
3578,3562,1
3579,3580,1
3580,576,1
3581,3582,1
3582,3583,1
3583,3584,1
3584,3585,1
3585,1993,1
3586,282,1
3587,722,1
3588,520,1
3589,547,1
3590,410,1
3591,112,1
3592,5,1
3593,347,1
3594,2122,1
3595,13,1
3596,3597,1
3597,2686,1
3598,3599,1
3599,3600,1
3600,3601,1
3601,3602,1
3602,2274,1
3603,112,1
3604,3605,1
3605,2932,1
3606,3607,2
3607,2125,1
3607,2171,1
3608,1952,1
3608,2171,2
3609,347,1
3609,607,2
3609,794,2
3609,2125,1
3610,107,1
3610,2062,1
3610,2171,3
3611,3610,1
3611,3612,1
3612,112,1
3612,3610,1
3613,1762,2
3614,2224,1
3615,1993,1
3615,3676,1
3616,883,2
3617,3618,1
3618,817,1
3618,1993,3
3619,804,1
3619,3630,1
3620,3621,1
3621,2989,1
3622,722,2
3623,3624,2
3624,3459,1
3624,3625,1
3625,3626,1
3626,3627,1
3627,722,1
3628,347,1
3629,1993,1
3630,1307,1
3631,112,1
3631,1993,1
3632,377,1
3633,3368,1
3634,3635,1
3635,2103,1
3636,2371,2
3636,3611,1
3637,3638,1
3638,77,1
3639,3640,1
3640,3641,1
3641,781,1
3642,2191,1
3643,610,1
3643,2168,1
3644,1993,1
3645,1580,1
3646,3622,1
3647,1941,1
3648,3554,1
3649,112,1
3649,1178,1
3650,2027,1
3650,2143,1
3651,2122,2
3652,3480,1
3653,1952,1
3654,1840,1
3655,803,1
3656,67,1
3656,786,1
3657,1306,1
3658,3659,1
3659,3660,1
3660,82,1
3661,39,1
3662,3663,1
3663,1941,1
3664,2808,1
3665,1941,1
3666,67,1
3667,4,1
3668,1161,1
3669,3670,1
3670,1580,1
3671,418,1
3672,3482,1
3673,908,1
3674,572,1
3674,3675,1
3674,3678,1
3675,284,1
3676,4,1
3676,67,1
3677,16,1
3678,1765,1
3679,1908,1
3680,3681,1
3681,1479,1
3682,3683,1
3683,3684,1
3684,1054,1
3685,3471,1
3686,3687,1
3687,1484,1
3688,3689,1
3689,2019,1
3690,908,1
3691,2700,1
3692,1178,1
3693,1545,1
3694,635,1
3695,3696,1
3696,626,1
3697,3698,1
3698,3699,1
3699,3700,1
3700,2564,1
3701,3702,1
3701,3705,1
3702,1196,1
3703,3534,1
3704,3701,1
3705,129,1
3706,3534,1
3707,141,1
3708,1263,1
3709,1209,1
3710,107,1
3711,1330,1
3712,1257,1
3713,3714,1
3714,3715,1
3715,3087,1
3716,107,1
3717,1209,1
3718,10,3
3719,1614,3
3720,141,1
3721,10,1
3723,141,1
3724,77,1
3725,3726,1
3726,3727,1
3727,3728,1
3728,521,1
3728,1079,1
3729,1195,1
3730,1524,2
3730,1840,2
3731,1021,1
3732,1273,1
3734,1537,1
3736,141,1
3738,335,1
3739,936,1
3740,16,1
3741,1327,1
3742,107,1
3743,7,1
3744,77,1
3745,10,1
3746,10,1
3747,18,1
3748,1614,1
3749,1263,1
3750,1840,1
3751,10,1
3752,3753,1
3753,13,1
3754,3755,1
3755,3718,1
3757,107,1
3758,1330,1
3759,4,1
3760,542,1
3761,1257,1
3762,1524,1
3763,7,1
3764,364,1
3765,1614,1
3766,1116,1
3767,3768,1
3768,3769,1
3769,3770,1
3770,3771,1
3771,3772,1
3772,3773,1
3773,3728,1
3774,3775,1
3775,1195,1
3776,1273,1
