source_id,target_id,weight
1,2,15
1,3,15
1,7,17
1,15,10
1,23,35
1,30,16
1,31,11
1,34,11
1,35,32
1,36,30
1,41,11
1,58,27
1,67,13
1,81,10
1,87,10
1,99,29
1,137,19
1,278,46
1,351,35
1,352,33
1,353,14
1,533,25
1,581,11
1,617,13
1,808,12
1,953,10
1,957,19
1,1093,31
1,1251,11
1,1252,18
1,1589,26
1,1799,19
1,1801,63
1,1938,11
1,2068,14
1,3256,10
1,3331,12
1,8315,12
2,3,25
2,23,15
2,41,11
2,99,26
2,278,15
2,351,14
2,352,15
2,475,10
2,1589,15
2,1801,16
2,1904,14
2,4740,12
2,4796,10
3,23,17
3,35,12
3,36,10
3,41,11
3,99,23
3,235,31
3,278,17
3,351,16
3,352,16
3,475,11
3,957,10
3,1093,13
3,1589,17
3,1801,25
3,1809,11
3,1904,15
3,4406,10
3,4740,13
3,4796,11
4,5,13
4,23,11
4,57,10
4,957,10
4,1801,11
5,7,12
5,23,20
5,36,10
5,57,12
5,68,10
5,109,17
5,245,10
5,251,10
5,352,17
5,951,23
5,957,15
5,1801,15
7,7,226
7,12,84
7,15,20
7,23,104
7,27,12
7,28,10
7,30,64
7,31,197
7,32,13
7,34,65
7,35,115
7,36,132
7,37,27
7,38,29
7,39,28
7,55,44
7,57,158
7,77,11
7,78,18
7,79,20
7,80,16
7,81,25
7,83,30
7,85,68
7,86,46
7,87,73
7,91,38
7,92,40
7,94,19
7,96,21
7,98,40
7,99,268
7,102,25
7,103,36
7,105,69
7,108,15
7,109,124
7,111,24
7,114,11
7,118,22
7,119,17
7,122,346
7,126,13
7,127,124
7,128,35
7,132,29
7,145,152
7,146,36
7,153,40
7,154,80
7,155,33
7,156,12
7,161,23
7,165,10
7,181,24
7,182,29
7,187,13
7,189,10
7,193,14
7,197,21
7,202,24
7,204,95
7,207,20
7,208,11
7,209,11
7,210,10
7,214,16
7,216,33
7,218,52
7,219,32
7,229,39
7,230,12
7,235,326
7,236,328
7,238,53
7,241,14
7,245,329
7,249,35
7,261,20
7,263,16
7,267,29
7,271,30
7,278,267
7,281,34
7,288,35
7,289,24
7,295,129
7,296,11
7,297,55
7,300,41
7,317,10
7,322,94
7,323,20
7,338,44
7,345,33
7,351,115
7,352,99
7,360,15
7,365,12
7,370,29
7,371,21
7,379,45
7,397,93
7,398,26
7,401,13
7,409,20
7,414,14
7,432,10
7,443,10
7,463,29
7,471,48
7,475,193
7,476,20
7,479,30
7,502,17
7,503,19
7,505,25
7,514,16
7,515,13
7,517,29
7,525,70
7,528,19
7,533,501
7,534,36
7,535,73
7,554,32
7,557,10
7,563,21
7,565,11
7,570,139
7,571,13
7,573,31
7,574,13
7,579,13
7,581,64
7,583,69
7,585,21
7,586,18
7,589,35
7,590,26
7,593,14
7,597,54
7,599,35
7,602,15
7,604,54
7,605,104
7,611,55
7,615,18
7,622,61
7,656,178
7,660,55
7,662,12
7,668,24
7,669,14
7,671,14
7,673,38
7,674,11
7,681,10
7,684,13
7,712,26
7,717,13
7,726,15
7,728,10
7,737,11
7,741,60
7,749,16
7,751,38
7,761,59
7,765,28
7,766,10
7,781,17
7,788,12
7,789,147
7,817,13
7,818,16
7,820,43
7,822,12
7,823,197
7,826,16
7,827,19
7,829,13
7,830,13
7,832,69
7,852,15
7,853,19
7,854,13
7,858,49
7,867,42
7,904,12
7,908,10
7,917,21
7,920,10
7,928,20
7,965,16
7,966,97
7,970,13
7,971,23
7,972,13
7,974,16
7,982,15
7,985,13
7,987,74
7,1015,21
7,1024,11
7,1028,23
7,1050,13
7,1052,33
7,1074,22
7,1086,10
7,1100,12
7,1101,14
7,1102,105
7,1113,92
7,1117,33
7,1122,26
7,1132,57
7,1138,11
7,1145,16
7,1146,16
7,1152,39
7,1165,35
7,1168,20
7,1203,15
7,1210,23
7,1211,22
7,1232,11
7,1234,19
7,1236,10
7,1251,77
7,1252,86
7,1270,47
7,1277,50
7,1278,74
7,1283,24
7,1372,16
7,1397,12
7,1415,17
7,1448,16
7,1460,15
7,1494,17
7,1498,23
7,1523,13
7,1556,12
7,1589,114
7,1599,12
7,1649,10
7,1721,18
7,1725,35
7,1760,18
7,1761,11
7,1763,28
7,1764,11
7,1768,12
7,1805,23
7,1811,55
7,1812,19
7,1813,30
7,1814,43
7,1851,11
7,1871,27
7,1879,19
7,1912,10
7,1915,25
7,1916,15
7,1939,15
7,1950,20
7,2008,13
7,2032,23
7,2037,12
7,2068,31
7,2076,17
7,2104,17
7,2113,18
7,2126,35
7,2128,11
7,2166,11
7,2246,13
7,2247,12
7,2258,10
7,2263,43
7,2313,11
7,2316,12
7,2323,26
7,2334,35
7,2371,33
7,2436,27
7,2463,23
7,2518,15
7,2583,12
7,2646,11
7,2650,12
7,2661,10
7,2677,10
7,2741,20
7,2808,12
7,2814,26
7,2816,16
7,2817,38
7,2819,12
7,2826,15
7,2829,11
7,2839,20
7,2840,17
7,2841,17
7,2842,15
7,2869,13
7,2900,11
7,2901,26
7,2927,14
7,2945,12
7,2958,10
7,2961,44
7,2981,15
7,2982,18
7,2985,20
7,3010,22
7,3013,14
7,3019,31
7,3022,13
7,3025,26
7,3038,10
7,3043,13
7,3049,22
7,3075,19
7,3093,16
7,3095,18
7,3101,35
7,3104,14
7,3115,35
7,3116,24
7,3118,11
7,3121,15
7,3134,17
7,3138,14
7,3145,21
7,3166,14
7,3175,13
7,3179,10
7,3196,13
7,3199,10
7,3204,28
7,3232,10
7,3234,16
7,3238,13
7,3242,15
7,3249,10
7,3250,28
7,3270,18
7,3273,11
7,3275,22
7,3287,10
7,3288,17
7,3295,13
7,3319,12
7,3320,18
7,3321,14
7,3323,13
7,3324,93
7,3327,69
7,3331,46
7,3333,16
7,3344,30
7,3376,10
7,3393,15
7,3396,11
7,3397,10
7,3398,12
7,3400,23
7,3401,10
7,3402,10
7,3403,10
7,3404,12
7,3405,11
7,3406,33
7,3408,55
7,3410,50
7,3440,10
7,3448,15
7,3458,20
7,3466,14
7,3473,15
7,3517,19
7,3524,13
7,3525,30
7,3526,39
7,3531,12
7,3533,12
7,3536,14
7,3537,25
7,3540,11
7,3552,16
7,3555,37
7,3558,11
7,3559,20
7,3560,28
7,3565,16
7,3566,29
7,3590,11
7,3594,19
7,3604,11
7,3628,10
7,3629,23
7,3651,10
7,3669,28
7,3670,14
7,3671,22
7,3673,14
7,3702,12
7,3711,82
7,3713,10
7,3733,15
7,3752,29
7,3755,10
7,3759,63
7,3801,11
7,3830,11
7,3858,20
7,3860,10
7,3876,11
7,3889,15
7,3902,10
7,3965,10
7,4070,14
7,4084,11
7,4094,10
7,4187,20
7,4194,12
7,4302,10
7,4309,10
7,4471,15
7,4560,15
7,4626,11
7,4629,41
7,4683,10
7,4694,16
7,4720,30
7,4741,77
7,4780,21
7,4817,10
7,4891,12
7,4931,14
7,4957,12
7,4958,15
7,4965,15
7,4974,17
7,5001,11
7,5002,13
7,5003,32
7,5004,17
7,5007,35
7,5032,22
7,5034,26
7,5097,24
7,5099,12
7,5114,10
7,5129,44
7,5140,24
7,5141,35
7,5145,13
7,5147,11
7,5150,19
7,5168,22
7,5203,10
7,5265,51
7,5357,13
7,5364,12
7,5366,27
7,5419,13
7,5500,10
7,5502,10
7,5518,10
7,5532,17
7,5701,11
7,5845,16
7,5849,13
7,5897,10
7,5962,14
7,5973,27
7,6023,11
7,6100,12
7,6111,22
7,6114,13
7,6201,21
7,6241,17
7,6269,19
7,6275,10
7,6318,11
7,6340,97
7,6399,14
7,6494,10
7,6776,25
7,6895,14
7,6941,11
7,6967,10
7,6977,15
7,6997,10
7,7115,11
7,7120,17
7,7125,152
7,7251,17
7,7768,16
7,7769,14
7,7813,29
7,7825,11
7,7844,10
7,7935,17
7,8094,10
7,8096,11
7,8108,10
7,8110,10
7,8127,15
7,8128,72
7,8129,69
7,8130,69
7,8131,55
7,8169,12
7,8190,12
7,8210,16
7,8211,15
7,8212,15
7,8225,10
7,8229,10
7,8301,56
7,8572,19
7,8625,14
7,8628,14
7,8629,14
7,8630,14
7,8660,16
7,8734,11
7,8777,13
7,8781,11
7,8782,11
7,8834,10
7,8835,72
7,9370,14
7,9633,38
7,10104,11
7,10171,36
7,10174,12
12,12,14
12,15,10
12,23,14
12,30,26
12,31,38
12,34,10
12,35,19
12,36,22
12,55,14
12,58,10
12,68,73
12,74,31
12,85,28
12,99,71
12,105,13
12,185,17
12,186,18
12,197,11
12,204,43
12,245,78
12,295,24
12,300,13
12,322,34
12,338,12
12,375,18
12,379,15
12,407,16
12,416,26
12,419,12
12,428,22
12,432,12
12,438,10
12,463,19
12,474,11
12,476,11
12,477,11
12,505,10
12,508,35
12,522,12
12,524,34
12,533,110
12,535,24
12,566,11
12,573,17
12,581,18
12,583,17
12,604,17
12,611,12
12,644,37
12,668,13
12,789,42
12,803,26
12,811,17
12,823,23
12,836,10
12,987,20
12,1004,11
12,1049,15
12,1093,21
12,1132,10
12,1166,11
12,1188,40
12,1211,13
12,1264,12
12,1489,24
12,1490,15
12,1498,11
12,1641,11
12,1684,12
12,1755,16
12,2113,15
12,2371,19
12,2949,13
12,3363,13
12,3594,20
12,3669,14
12,3671,12
12,3711,10
12,3873,10
12,3988,10
12,5228,10
12,5416,12
12,6267,12
12,6921,14
12,7125,27
12,8129,14
12,8607,39
15,23,21
15,31,10
15,99,22
15,109,13
15,122,23
15,235,13
15,236,12
15,278,20
15,352,11
15,645,10
15,1093,10
15,1251,12
15,1801,11
15,7697,19
15,7698,19
15,7706,14
21,23,17
21,57,20
23,23,182
23,30,36
23,31,57
23,34,40
23,35,156
23,36,146
23,43,13
23,51,29
23,54,10
23,55,33
23,57,369
23,58,224
23,59,10
23,67,28
23,68,132
23,73,21
23,74,51
23,77,14
23,87,35
23,94,10
23,96,11
23,99,55
23,105,43
23,110,13
23,112,18
23,115,11
23,118,26
23,119,27
23,127,18
23,128,16
23,137,107
23,155,18
23,168,11
23,185,10
23,186,13
23,202,41
23,204,10
23,207,16
23,228,13
23,229,29
23,230,15
23,238,22
23,245,210
23,249,18
23,251,40
23,253,25
23,276,15
23,281,22
23,288,12
23,295,20
23,297,76
23,309,15
23,353,155
23,354,15
23,375,53
23,376,56
23,379,20
23,416,36
23,428,12
23,437,19
23,443,16
23,456,12
23,459,17
23,469,19
23,475,16
23,479,13
23,508,36
23,509,35
23,512,11
23,522,10
23,533,138
23,534,12
23,544,18
23,568,12
23,581,20
23,597,14
23,604,17
23,608,11
23,626,13
23,644,319
23,645,11
23,646,13
23,660,10
23,726,19
23,753,10
23,762,13
23,765,28
23,766,21
23,808,70
23,823,16
23,853,13
23,858,13
23,931,10
23,932,10
23,957,211
23,963,20
23,987,20
23,998,20
23,1093,158
23,1163,19
23,1211,17
23,1251,190
23,1252,178
23,1293,11
23,1355,20
23,1356,13
23,1419,16
23,1429,13
23,1447,10
23,1489,16
23,1492,20
23,1498,17
23,1511,16
23,1513,11
23,1525,13
23,1581,128
23,1582,10
23,1589,158
23,1599,33
23,1601,34
23,1610,14
23,1619,26
23,1649,11
23,1688,22
23,1701,30
23,1716,10
23,1730,15
23,1731,12
23,1732,48
23,1799,120
23,1801,575
23,1804,18
23,1805,46
23,1809,18
23,1811,105
23,1812,54
23,1813,75
23,1814,99
23,1815,20
23,1816,14
23,1824,13
23,1828,22
23,1831,12
23,1832,11
23,1833,83
23,1845,12
23,1846,12
23,1851,21
23,1852,15
23,1855,15
23,1872,11
23,1877,16
23,1878,20
23,1879,39
23,1880,10
23,1881,10
23,1889,16
23,1891,57
23,1892,45
23,1893,45
23,1894,54
23,1895,12
23,1896,16
23,1904,105
23,1916,17
23,1936,14
23,1938,138
23,1950,10
23,1960,19
23,1967,15
23,1973,12
23,2027,36
23,2032,18
23,2039,12
23,2040,12
23,2041,12
23,2051,11
23,2062,11
23,2065,24
23,2068,92
23,2069,10
23,2070,10
23,2074,14
23,2075,11
23,2076,13
23,2089,12
23,2090,11
23,2099,43
23,2100,44
23,2102,39
23,2104,22
23,2129,10
23,2144,10
23,2166,10
23,2167,17
23,2171,10
23,2174,10
23,2239,14
23,2245,11
23,2246,25
23,2247,17
23,2311,11
23,2313,14
23,2316,24
23,2319,11
23,2371,10
23,2380,12
23,2384,12
23,2432,18
23,2583,12
23,2680,26
23,2681,11
23,2689,12
23,2696,15
23,2741,12
23,2753,15
23,2839,11
23,2844,25
23,2846,12
23,2847,24
23,2859,17
23,2945,11
23,2961,20
23,2981,11
23,2992,15
23,3047,12
23,3138,11
23,3500,11
23,3552,11
23,3690,12
23,3710,10
23,3711,18
23,3873,12
23,3965,11
23,4084,10
23,4113,25
23,4147,10
23,4184,10
23,4187,15
23,4194,24
23,4195,17
23,4220,12
23,4225,10
23,4233,17
23,4296,10
23,4297,10
23,4323,16
23,4330,16
23,4388,10
23,4413,10
23,4471,14
23,4617,13
23,4920,11
23,6269,13
23,6760,11
23,6941,10
27,35,17
27,36,14
27,57,11
27,58,15
27,67,12
27,68,11
27,245,10
27,957,10
27,8315,10
28,30,21
28,31,25
28,32,11
28,34,18
28,37,13
28,38,15
28,39,14
28,137,13
28,138,13
28,143,10
28,148,20
28,278,16
28,466,10
28,617,15
28,823,14
28,867,10
29,30,11
29,34,12
29,68,12
29,235,15
29,236,16
30,30,44
30,31,74
30,32,18
30,34,61
30,35,41
30,36,39
30,37,33
30,38,40
30,39,43
30,57,44
30,58,30
30,68,46
30,73,10
30,74,45
30,98,49
30,99,205
30,104,12
30,105,17
30,109,39
30,110,12
30,116,11
30,118,27
30,119,17
30,122,184
30,127,23
30,128,26
30,130,13
30,131,21
30,146,15
30,148,82
30,151,14
30,152,12
30,153,15
30,154,14
30,155,16
30,156,17
30,161,14
30,164,17
30,166,20
30,167,12
30,168,10
30,175,42
30,180,13
30,184,21
30,186,35
30,188,15
30,190,23
30,191,22
30,193,10
30,199,18
30,202,44
30,203,14
30,204,34
30,207,16
30,209,12
30,215,21
30,216,13
30,220,12
30,224,13
30,229,22
30,235,163
30,236,163
30,238,19
30,241,10
30,247,14
30,278,77
30,288,24
30,289,11
30,295,39
30,296,16
30,297,19
30,300,12
30,306,11
30,309,44
30,312,17
30,322,35
30,382,10
30,398,13
30,407,14
30,408,17
30,416,16
30,428,28
30,479,20
30,488,10
30,491,10
30,499,16
30,502,14
30,507,17
30,509,29
30,542,15
30,554,16
30,568,17
30,573,12
30,583,12
30,604,40
30,660,10
30,761,14
30,808,12
30,813,15
30,867,18
30,942,15
30,951,54
30,953,38
30,1102,24
30,1104,12
30,1113,16
30,1131,10
30,1132,10
30,1145,15
30,1152,16
30,1153,19
30,1211,24
30,1244,11
30,1253,11
30,1259,11
30,1262,10
30,1264,12
30,1307,10
30,1355,56
30,1396,11
30,1443,10
30,1589,15
30,1732,11
30,1805,10
30,1833,12
30,1871,19
30,2288,11
30,2816,18
30,2817,13
30,2819,13
30,2841,11
30,2842,12
30,3049,10
30,3331,10
30,5927,15
31,31,122
31,32,28
31,34,67
31,35,82
31,36,82
31,37,40
31,38,44
31,39,48
31,57,62
31,58,46
31,68,191
31,74,105
31,122,421
31,126,16
31,127,65
31,128,38
31,130,10
31,131,18
31,133,13
31,136,99
31,137,46
31,138,26
31,139,27
31,140,25
31,142,14
31,143,28
31,145,35
31,146,23
31,147,29
31,148,70
31,151,16
31,153,31
31,154,76
31,155,16
31,156,22
31,164,17
31,166,17
31,167,10
31,168,13
31,175,46
31,180,13
31,181,18
31,218,35
31,219,13
31,220,26
31,229,31
31,235,162
31,236,164
31,245,188
31,247,15
31,253,25
31,254,23
31,288,20
31,289,28
31,295,125
31,296,12
31,297,25
31,300,10
31,309,36
31,313,14
31,322,40
31,331,13
31,338,27
31,352,47
31,360,14
31,371,12
31,397,22
31,398,12
31,404,39
31,407,33
31,408,13
31,416,23
31,419,14
31,423,15
31,428,32
31,437,30
31,438,30
31,448,32
31,459,14
31,463,11
31,466,36
31,471,45
31,474,16
31,475,66
31,476,18
31,477,25
31,522,51
31,524,34
31,525,48
31,528,12
31,531,11
31,533,208
31,534,15
31,535,34
31,536,18
31,542,11
31,547,15
31,554,13
31,565,10
31,566,11
31,568,22
31,570,106
31,573,18
31,581,24
31,583,14
31,590,47
31,597,24
31,599,24
31,604,22
31,605,116
31,608,10
31,617,69
31,624,50
31,643,27
31,660,36
31,741,21
31,761,21
31,765,16
31,766,10
31,769,13
31,788,19
31,797,26
31,798,13
31,799,10
31,807,12
31,808,20
31,813,17
31,814,50
31,820,36
31,827,15
31,843,20
31,852,17
31,853,20
31,858,22
31,867,29
31,917,19
31,928,13
31,932,17
31,953,51
31,957,53
31,1028,26
31,1054,11
31,1074,15
31,1093,58
31,1102,24
31,1113,28
31,1114,13
31,1145,10
31,1165,13
31,1166,19
31,1176,15
31,1179,11
31,1188,56
31,1189,15
31,1203,13
31,1204,10
31,1210,14
31,1211,28
31,1220,22
31,1226,10
31,1232,10
31,1251,45
31,1252,24
31,1253,11
31,1270,49
31,1289,26
31,1386,26
31,1417,20
31,1447,12
31,1525,10
31,1540,15
31,1581,34
31,1589,25
31,1601,29
31,1684,18
31,1767,12
31,1768,13
31,1805,30
31,1811,41
31,1812,22
31,1813,12
31,1814,16
31,1833,10
31,1871,22
31,1904,40
31,1912,15
31,1939,11
31,1950,13
31,2032,10
31,2076,11
31,2125,103
31,2263,11
31,2657,12
31,2670,11
31,2696,24
31,3116,10
31,3324,31
31,3503,11
31,3526,42
31,3552,10
31,3560,12
31,3629,11
31,3711,23
31,3752,15
31,3873,22
31,3875,12
31,3889,15
31,4302,16
31,4617,33
31,4791,66
31,4803,13
31,4919,25
31,4931,18
31,4951,12
31,5004,16
31,5034,23
31,5129,47
31,5145,12
31,5228,35
31,5366,10
31,5927,22
31,6023,12
31,6094,10
31,6340,22
31,6575,13
31,6762,21
31,6787,11
31,6941,18
31,6958,21
31,6974,11
31,6977,12
31,6991,12
31,6995,18
31,7018,11
31,7125,126
31,8039,14
31,8210,10
31,8231,12
31,8235,16
31,8240,12
32,34,24
32,36,11
32,37,13
32,38,15
32,39,13
32,74,11
32,99,21
32,118,10
32,122,29
32,148,16
33,34,11
33,35,19
33,36,20
33,57,12
33,68,12
33,99,14
33,245,14
33,4741,11
34,34,26
34,35,93
34,36,87
34,37,25
34,38,36
34,39,39
34,55,13
34,57,63
34,58,52
34,67,15
34,68,50
34,74,32
34,78,14
34,81,12
34,85,24
34,86,28
34,87,25
34,91,14
34,92,25
34,94,11
34,95,10
34,96,12
34,98,34
34,99,75
34,103,18
34,104,11
34,105,11
34,109,69
34,114,12
34,127,23
34,128,13
34,131,12
34,136,21
34,137,47
34,138,15
34,139,10
34,140,12
34,143,12
34,144,11
34,145,13
34,146,11
34,148,22
34,154,10
34,155,21
34,161,10
34,165,10
34,166,16
34,175,27
34,180,13
34,229,15
34,235,98
34,236,97
34,245,79
34,247,15
34,249,14
34,281,15
34,288,18
34,289,14
34,295,25
34,296,10
34,297,17
34,309,28
34,331,29
34,352,38
34,398,10
34,459,14
34,469,18
34,474,10
34,475,13
34,522,25
34,525,17
34,528,18
34,533,60
34,534,26
34,535,26
34,536,10
34,566,23
34,568,24
34,583,13
34,604,20
34,622,10
34,808,20
34,951,80
34,998,15
34,1093,25
34,1188,24
34,1372,12
34,1581,23
34,1589,39
34,1601,12
34,1619,10
34,1799,30
34,1801,126
34,1805,24
34,1811,39
34,1813,12
34,1814,27
34,1833,19
34,1879,13
34,1891,19
34,1892,14
34,1893,10
34,1904,30
34,2143,10
34,2432,13
34,3047,12
34,4194,10
34,4233,10
34,5228,10
34,5927,44
34,6318,22
34,6400,15
34,6428,17
34,6492,12
35,35,104
35,36,398
35,38,14
35,39,14
35,43,11
35,51,21
35,54,13
35,55,26
35,57,247
35,58,162
35,59,34
35,67,78
35,68,224
35,71,12
35,73,22
35,74,59
35,77,33
35,81,37
35,85,13
35,86,16
35,87,50
35,92,47
35,94,14
35,96,16
35,98,21
35,99,77
35,103,18
35,105,38
35,106,10
35,108,20
35,109,233
35,111,16
35,137,98
35,147,14
35,166,13
35,185,12
35,186,24
35,202,61
35,249,20
35,251,67
35,253,35
35,254,16
35,278,337
35,288,12
35,289,18
35,307,12
35,309,19
35,322,13
35,343,13
35,345,15
35,353,32
35,375,36
35,376,23
35,398,15
35,416,54
35,428,23
35,450,11
35,459,14
35,469,13
35,474,16
35,475,23
35,479,12
35,533,212
35,544,14
35,566,28
35,568,27
35,573,20
35,581,31
35,583,33
35,604,35
35,611,39
35,617,12
35,626,24
35,645,10
35,656,15
35,660,23
35,765,80
35,799,15
35,929,11
35,932,14
35,951,349
35,953,17
35,987,51
35,1188,27
35,1211,15
35,1220,10
35,1264,20
35,1313,11
35,1314,10
35,1363,10
35,1365,23
35,1367,13
35,1417,50
35,1419,12
35,1488,19
35,1489,33
35,1511,15
35,1581,106
35,1589,137
35,1591,10
35,1599,18
35,1601,19
35,1645,11
35,1649,10
35,1686,10
35,1730,13
35,1732,21
35,1805,89
35,1828,18
35,1831,17
35,1833,60
35,1878,15
35,1879,47
35,1904,111
35,1916,23
35,1929,26
35,1960,17
35,1967,19
35,1973,21
35,1996,12
35,2007,24
35,2027,38
35,2065,17
35,2076,14
35,2077,26
35,2089,10
35,2099,60
35,2100,36
35,2102,12
35,2104,16
35,2125,14
35,2133,15
35,2142,12
35,2143,21
35,2166,43
35,2167,26
35,2174,16
35,2246,17
35,2285,13
35,2287,13
35,2288,37
35,2313,11
35,2316,10
35,2440,14
35,2583,17
35,2595,13
35,2678,16
35,2689,19
35,2696,22
35,2716,12
35,2812,13
35,2817,10
35,2839,10
35,2844,14
35,2853,19
35,2901,20
35,2992,19
35,3047,21
35,3138,10
35,3324,11
35,3473,20
35,3500,14
35,3609,12
35,3702,14
35,3711,17
35,3828,22
35,3873,18
35,3889,27
35,3965,12
35,3988,11
35,4054,10
35,4113,19
35,4220,10
35,4233,25
35,4257,23
35,4297,23
35,4299,11
35,4386,18
35,4387,13
35,4388,15
35,4390,14
35,4391,11
35,4392,10
35,4483,16
35,4521,13
35,4624,10
35,4639,10
35,4769,13
35,4986,10
35,5502,22
35,5658,14
35,5709,10
35,5927,45
35,5972,14
35,5975,11
35,6044,10
35,6045,11
35,6047,11
35,6050,17
35,6051,21
35,6207,10
35,6400,44
35,6455,12
35,6456,15
35,6481,28
35,6488,11
35,6489,10
35,6492,25
35,6501,10
35,6776,13
35,6996,12
35,6997,12
35,8315,35
35,8969,12
36,36,106
36,37,10
36,38,12
36,39,15
36,43,11
36,51,20
36,54,13
36,55,26
36,57,226
36,58,148
36,59,31
36,63,12
36,67,69
36,68,254
36,71,11
36,73,24
36,74,74
36,77,30
36,81,36
36,85,16
36,86,21
36,87,56
36,91,13
36,92,63
36,94,12
36,96,21
36,98,30
36,99,110
36,103,17
36,105,35
36,106,11
36,108,15
36,109,199
36,110,10
36,111,16
36,137,86
36,140,10
36,145,24
36,147,13
36,175,16
36,186,30
36,199,17
36,202,57
36,249,19
36,251,69
36,253,40
36,254,21
36,278,344
36,288,17
36,289,26
36,309,30
36,322,13
36,331,98
36,343,13
36,345,17
36,353,29
36,360,10
36,365,11
36,375,35
36,376,25
36,382,11
36,398,20
36,416,61
36,425,10
36,428,19
36,444,18
36,448,10
36,458,13
36,459,15
36,469,12
36,471,11
36,474,20
36,475,38
36,479,13
36,533,226
36,544,13
36,566,29
36,568,39
36,570,11
36,573,21
36,581,28
36,583,37
36,599,10
36,604,45
36,611,39
36,617,17
36,626,20
36,656,17
36,660,13
36,673,24
36,712,14
36,741,10
36,765,80
36,799,14
36,803,69
36,829,10
36,928,11
36,929,11
36,932,13
36,951,338
36,987,48
36,1188,35
36,1211,17
36,1240,12
36,1264,15
36,1313,14
36,1314,12
36,1361,15
36,1363,11
36,1365,21
36,1417,14
36,1489,28
36,1498,14
36,1511,20
36,1525,11
36,1581,91
36,1589,129
36,1591,11
36,1599,20
36,1601,28
36,1619,15
36,1645,15
36,1701,19
36,1730,13
36,1799,111
36,1805,83
36,1828,14
36,1831,18
36,1833,57
36,1878,15
36,1879,44
36,1891,48
36,1892,24
36,1895,13
36,1904,83
36,1916,19
36,1929,27
36,1960,16
36,1967,20
36,1973,21
36,2007,15
36,2027,34
36,2065,15
36,2076,14
36,2077,23
36,2099,58
36,2100,38
36,2102,12
36,2104,13
36,2125,20
36,2142,10
36,2143,20
36,2166,44
36,2167,26
36,2246,16
36,2285,14
36,2287,13
36,2288,45
36,2313,12
36,2583,16
36,2676,16
36,2678,17
36,2689,10
36,2696,20
36,2812,12
36,2817,10
36,2839,12
36,2844,15
36,2853,19
36,2901,17
36,2992,16
36,3047,21
36,3138,10
36,3280,10
36,3324,14
36,3400,10
36,3473,19
36,3500,12
36,3671,13
36,3702,15
36,3711,21
36,3828,26
36,3873,18
36,3889,28
36,3965,10
36,3988,14
36,4113,18
36,4220,11
36,4233,27
36,4257,21
36,4297,25
36,4299,13
36,4386,18
36,4387,13
36,4388,15
36,4390,13
36,4391,11
36,4392,10
36,4483,16
36,4521,14
36,4624,11
36,4769,13
36,4974,19
36,4986,13
36,5502,16
36,5658,13
36,5951,22
36,5972,17
36,5973,31
36,5975,13
36,6043,13
36,6044,12
36,6045,13
36,6046,10
36,6047,12
36,6049,10
36,6050,16
36,6051,19
36,6207,10
36,6400,43
36,6448,12
36,6455,11
36,6456,15
36,6481,28
36,6488,11
36,6489,10
36,6492,20
36,6501,12
36,6776,28
36,6784,21
36,6786,33
36,6941,12
36,8315,29
36,8969,11
37,38,31
37,39,36
37,68,17
37,74,14
37,86,12
37,128,12
37,136,22
37,137,17
37,138,16
37,139,14
37,140,12
37,143,11
37,148,28
37,151,11
37,235,59
37,236,58
37,245,13
37,288,11
37,295,20
37,475,10
37,823,10
37,951,17
37,1007,10
37,1102,11
38,38,10
38,39,62
38,57,10
38,68,28
38,74,21
38,89,10
38,98,26
38,99,78
38,104,10
38,109,10
38,118,14
38,119,10
38,122,83
38,127,37
38,128,16
38,130,13
38,131,16
38,136,30
38,137,22
38,138,20
38,139,13
38,140,13
38,145,11
38,148,33
38,151,12
38,156,10
38,166,11
38,175,18
38,219,12
38,247,11
38,295,17
38,309,18
38,437,10
38,466,31
38,522,10
38,525,10
38,533,17
38,617,23
38,626,10
38,1251,10
38,1589,10
39,39,20
39,68,25
39,74,14
39,136,38
39,137,31
39,138,29
39,139,21
39,140,16
39,143,14
39,145,16
39,148,48
39,151,16
39,155,12
39,156,12
39,161,13
39,175,19
39,184,11
39,186,33
39,202,14
39,219,11
39,220,11
39,247,14
39,275,16
39,276,16
39,278,35
39,375,12
39,474,14
39,477,13
39,479,10
39,528,10
39,533,14
39,542,11
39,554,11
39,581,12
39,617,31
39,622,12
39,627,10
39,635,13
39,692,23
39,808,13
39,809,10
39,810,10
39,812,11
39,814,12
39,817,12
39,820,10
39,822,14
39,823,15
39,838,13
39,998,11
39,1104,11
39,1251,10
41,99,24
41,109,15
41,278,13
41,1093,12
41,1801,11
43,51,11
43,57,10
43,245,11
43,278,13
43,309,12
45,57,12
45,644,10
51,57,47
51,58,13
51,59,10
51,68,12
51,74,10
51,245,13
51,278,22
51,351,28
51,352,27
51,353,10
51,803,10
51,957,20
51,1581,13
54,57,15
54,58,11
54,644,11
54,957,15
54,1251,11
54,1252,10
54,1589,11
54,1801,17
55,57,42
55,58,29
55,68,27
55,74,11
55,92,10
55,122,10
55,204,10
55,245,40
55,278,58
55,295,12
55,297,19
55,331,22
55,338,21
55,345,13
55,508,10
55,533,26
55,644,32
55,803,11
55,957,43
55,1093,23
55,1581,24
55,2853,19
55,2854,15
55,4545,10
55,8588,14
57,1,35
57,57,332
57,58,387
57,59,27
57,60,10
57,67,79
57,68,190
57,71,17
57,73,22
57,74,83
57,77,14
57,81,15
57,87,30
57,92,61
57,94,22
57,96,16
57,98,22
57,103,24
57,110,13
57,112,14
57,118,28
57,119,20
57,127,16
57,153,11
57,155,27
57,168,11
57,175,16
57,186,36
57,199,21
57,202,53
57,204,19
57,207,11
57,208,13
57,227,11
57,229,47
57,238,21
57,245,278
57,246,12
57,251,94
57,253,39
57,254,14
57,278,622
57,281,11
57,282,29
57,288,25
57,289,14
57,343,22
57,345,26
57,350,12
57,351,362
57,352,325
57,353,82
57,398,25
57,409,11
57,416,47
57,428,20
57,437,40
57,443,16
57,446,53
57,459,34
57,469,22
57,474,16
57,475,18
57,489,18
57,508,39
57,509,97
57,522,36
57,528,12
57,533,195
57,534,21
57,535,19
57,544,19
57,570,20
57,573,26
57,581,28
57,583,11
57,593,10
57,604,27
57,608,10
57,611,33
57,624,11
57,626,10
57,656,38
57,673,24
57,683,11
57,723,20
57,726,18
57,740,28
57,741,14
57,753,32
57,762,10
57,763,10
57,765,63
57,803,200
57,808,101
57,858,25
57,874,10
57,880,20
57,929,16
57,963,20
57,987,35
57,1075,11
57,1093,254
57,1163,15
57,1270,10
57,1314,12
57,1355,48
57,1356,37
57,1363,10
57,1365,18
57,1367,18
57,1372,28
57,1393,10
57,1417,15
57,1429,13
57,1447,13
57,1489,23
57,1498,15
57,1513,13
57,1525,19
57,1589,250
57,1610,16
57,1619,22
57,1645,16
57,1649,19
57,1688,11
57,1701,18
57,1730,22
57,1731,15
57,1732,20
57,1749,12
57,1804,19
57,1805,84
57,1828,20
57,1831,28
57,1833,145
57,1870,15
57,1871,13
57,1872,19
57,1873,10
57,1877,39
57,1878,46
57,1879,84
57,1880,14
57,1881,14
57,1888,11
57,1889,68
57,1890,12
57,1891,71
57,1892,50
57,1893,43
57,1894,56
57,1896,22
57,1936,20
57,1938,161
57,1960,23
57,1962,14
57,1980,19
57,1986,13
57,1987,28
57,1988,11
57,1994,19
57,1995,39
57,1996,40
57,2004,19
57,2006,15
57,2007,23
57,2008,33
57,2009,10
57,2027,48
57,2032,11
57,2038,19
57,2039,11
57,2040,10
57,2041,10
57,2068,72
57,2074,10
57,2076,13
57,2077,24
57,2079,10
57,2099,72
57,2100,56
57,2102,23
57,2104,26
57,2142,17
57,2143,23
57,2166,39
57,2167,33
57,2171,10
57,2188,11
57,2202,18
57,2239,16
57,2268,12
57,2276,22
57,2283,10
57,2285,10
57,2287,13
57,2288,30
57,2299,11
57,2311,15
57,2313,11
57,2314,14
57,2316,24
57,2319,12
57,2381,10
57,2383,10
57,2384,14
57,2386,11
57,2396,13
57,2401,10
57,2432,36
57,2435,13
57,2476,13
57,2479,16
57,2480,14
57,2488,24
57,2511,10
57,2517,11
57,2527,10
57,2537,10
57,2550,10
57,2583,24
57,2632,11
57,2635,13
57,2716,11
57,2812,13
57,2817,17
57,2826,11
57,2839,17
57,2844,24
57,2847,16
57,2853,15
57,2900,11
57,2945,17
57,2961,50
57,3134,16
57,3205,17
57,3410,12
57,3448,13
57,3488,15
57,3505,17
57,3506,17
57,3512,14
57,3609,12
57,3764,15
57,3873,10
57,3889,42
57,4065,11
57,4069,20
57,4080,10
57,4084,16
57,4127,13
57,4147,22
57,4153,14
57,4184,20
57,4185,11
57,4187,57
57,4194,43
57,4197,10
57,4220,15
57,4233,24
57,4296,21
57,4323,17
57,4386,20
57,4387,15
57,4388,24
57,4430,10
57,4432,16
57,4460,12
57,4462,21
57,4483,29
57,4484,12
57,4485,14
57,4486,15
57,4521,33
57,4545,14
57,4546,11
57,4547,11
57,4661,12
57,4692,10
57,4702,11
57,4741,24
57,4762,12
57,4768,12
57,4769,10
57,4780,10
57,4920,11
57,4933,10
57,5129,13
57,5192,11
57,5222,11
57,5236,13
57,5528,10
57,5602,11
57,5720,12
57,5721,12
57,5722,14
57,5810,10
57,5962,11
57,6103,10
57,6207,17
57,6430,12
57,6481,15
57,6487,10
57,6488,15
57,6489,14
57,6492,20
57,6496,11
57,6497,15
57,6695,11
57,7120,10
57,7450,13
57,7478,11
57,8315,37
57,8362,14
57,8836,16
57,8990,11
57,8991,10
58,4,11
58,5,14
58,7,94
58,58,150
58,59,21
58,67,53
58,68,146
58,73,13
58,74,34
58,77,11
58,81,15
58,87,36
58,92,51
58,94,12
58,96,22
58,98,16
58,108,11
58,109,342
58,118,14
58,119,10
58,122,54
58,128,13
58,137,200
58,155,30
58,175,10
58,185,10
58,202,43
58,204,21
58,207,13
58,229,29
58,230,13
58,245,201
58,251,27
58,253,16
58,278,495
58,281,19
58,289,10
58,295,25
58,297,67
58,331,223
58,338,11
58,343,20
58,379,12
58,416,25
58,459,29
58,474,11
58,475,11
58,479,15
58,489,11
58,508,37
58,509,25
58,517,11
58,522,17
58,528,10
58,533,124
58,534,10
58,535,11
58,554,10
58,566,17
58,568,31
58,573,17
58,581,20
58,583,11
58,604,20
58,609,11
58,673,20
58,726,16
58,765,32
58,808,97
58,880,12
58,957,335
58,963,10
58,987,30
58,1028,13
58,1093,182
58,1211,11
58,1251,264
58,1252,303
58,1264,11
58,1355,17
58,1356,10
58,1365,22
58,1417,18
58,1511,12
58,1581,163
58,1601,18
58,1645,14
58,1688,11
58,1701,13
58,1732,36
58,1753,10
58,1811,91
58,1812,42
58,1813,44
58,1814,76
58,1816,10
58,1819,11
58,1825,12
58,1828,17
58,1831,15
58,1833,116
58,1877,20
58,1878,24
58,1879,46
58,1889,15
58,1891,114
58,1892,38
58,1895,15
58,1896,11
58,1899,11
58,1904,103
58,1916,28
58,1936,14
58,1973,43
58,1980,19
58,1981,13
58,1986,10
58,1987,26
58,1994,22
58,1995,31
58,1996,29
58,2004,19
58,2005,10
58,2006,16
58,2007,34
58,2008,17
58,2009,13
58,2026,10
58,2027,37
58,2032,11
58,2038,11
58,2076,12
58,2099,50
58,2100,37
58,2102,20
58,2104,23
58,2142,12
58,2143,18
58,2166,17
58,2167,17
58,2202,11
58,2313,17
58,2316,16
58,2319,12
58,2371,11
58,2432,29
58,2479,18
58,2480,15
58,2488,12
58,2491,17
58,2576,16
58,2581,10
58,2583,12
58,2595,12
58,2648,11
58,2650,16
58,2670,17
58,2753,11
58,2844,13
58,2847,10
58,2853,18
58,2901,16
58,2945,10
58,2961,33
58,2992,18
58,3047,12
58,3205,12
58,3500,13
58,3711,11
58,3828,20
58,3889,20
58,3965,10
58,3971,12
58,3976,10
58,3988,14
58,4054,10
58,4113,19
58,4187,36
58,4207,10
58,4232,14
58,4233,12
58,4296,18
58,4297,11
58,4462,13
58,4483,19
58,4485,11
58,4521,17
58,4617,10
58,4661,11
58,4702,11
58,4740,14
58,4741,12
58,4891,13
58,6428,12
58,6492,11
58,6541,10
58,6786,13
58,7597,13
58,7904,12
58,8707,15
59,68,16
59,109,16
59,644,15
59,951,33
59,1093,13
59,1251,16
59,1252,10
59,1581,13
59,1589,13
59,1799,22
59,1891,11
59,1904,14
59,2077,15
60,1251,10
63,7,33
63,278,11
63,673,15
63,681,13
63,682,12
63,811,11
66,68,11
66,533,12
67,7,30
67,67,32
67,68,74
67,71,16
67,74,26
67,81,11
67,86,11
67,87,23
67,92,12
67,99,26
67,105,13
67,204,10
67,245,71
67,253,18
67,295,11
67,351,30
67,352,25
67,437,13
67,475,22
67,508,17
67,509,26
67,533,84
67,534,13
67,535,13
67,568,25
67,583,23
67,611,13
67,678,10
67,765,13
67,808,17
67,811,14
67,880,16
67,1028,11
67,1188,13
67,1799,21
67,1814,23
67,1851,13
67,1852,10
67,1878,11
67,1879,21
67,1889,18
67,1904,22
67,2076,11
67,2166,11
67,2696,12
67,2901,30
67,3205,17
67,3609,21
67,4187,64
67,4521,11
67,4740,25
67,5793,13
67,6428,10
67,8310,13
67,8315,25
67,8362,10
68,1,23
68,2,18
68,3,22
68,7,324
68,68,345
68,73,12
68,74,161
68,76,10
68,77,12
68,78,26
68,80,12
68,81,41
68,82,15
68,83,29
68,85,40
68,86,81
68,87,148
68,91,58
68,92,55
68,94,21
68,96,27
68,98,21
68,99,298
68,103,47
68,105,90
68,109,170
68,111,30
68,133,18
68,136,134
68,140,31
68,143,14
68,146,50
68,148,18
68,153,28
68,154,83
68,158,21
68,161,33
68,175,53
68,183,15
68,184,11
68,185,52
68,189,22
68,193,16
68,197,14
68,199,26
68,200,19
68,202,35
68,245,791
68,247,23
68,249,44
68,251,61
68,253,93
68,254,29
68,256,12
68,261,14
68,262,11
68,263,17
68,271,27
68,275,59
68,276,46
68,281,47
68,289,42
68,295,133
68,299,15
68,300,74
68,307,15
68,309,31
68,320,11
68,323,31
68,331,98
68,336,13
68,338,34
68,343,20
68,353,23
68,375,65
68,376,39
68,397,44
68,398,36
68,400,11
68,401,13
68,407,50
68,408,40
68,409,33
68,410,21
68,416,87
68,423,45
68,425,13
68,428,73
68,432,19
68,437,80
68,438,28
68,443,12
68,444,33
68,446,30
68,449,21
68,458,64
68,459,38
68,463,44
68,471,36
68,474,43
68,477,42
68,484,10
68,485,15
68,494,15
68,497,25
68,502,24
68,503,26
68,505,34
68,509,24
68,513,19
68,514,13
68,517,14
68,522,50
68,524,76
68,533,541
68,534,52
68,544,15
68,545,27
68,550,15
68,557,16
68,563,11
68,566,63
68,568,139
68,570,76
68,573,56
68,583,75
68,585,17
68,589,22
68,597,25
68,608,15
68,609,31
68,611,84
68,622,47
68,624,85
68,625,16
68,627,10
68,644,219
68,654,10
68,660,51
68,689,14
68,749,22
68,753,10
68,761,41
68,762,11
68,765,56
68,766,19
68,767,11
68,769,32
68,781,22
68,787,12
68,788,51
68,797,24
68,798,13
68,799,24
68,803,80
68,806,12
68,807,18
68,808,60
68,814,40
68,828,11
68,829,21
68,832,47
68,836,38
68,841,16
68,843,25
68,846,14
68,852,22
68,853,21
68,867,47
68,895,13
68,904,17
68,908,12
68,928,28
68,953,86
68,964,11
68,982,10
68,987,96
68,994,10
68,998,22
68,1005,13
68,1035,26
68,1040,24
68,1046,11
68,1049,36
68,1052,11
68,1055,12
68,1074,26
68,1094,13
68,1097,17
68,1101,31
68,1102,63
68,1116,11
68,1117,44
68,1120,10
68,1122,30
68,1132,21
68,1145,10
68,1159,10
68,1163,25
68,1168,10
68,1171,15
68,1179,24
68,1188,147
68,1203,10
68,1207,11
68,1210,30
68,1211,23
68,1220,30
68,1253,28
68,1261,10
68,1265,22
68,1266,11
68,1270,64
68,1273,10
68,1274,11
68,1313,19
68,1366,15
68,1370,16
68,1371,11
68,1372,27
68,1417,22
68,1428,10
68,1440,24
68,1447,16
68,1460,17
68,1461,12
68,1489,50
68,1504,15
68,1509,10
68,1510,53
68,1525,16
68,1540,35
68,1550,23
68,1571,13
68,1581,59
68,1589,124
68,1599,23
68,1601,81
68,1619,25
68,1641,41
68,1686,11
68,1699,13
68,1732,23
68,1746,18
68,1749,29
68,1755,20
68,1764,22
68,1765,10
68,1812,26
68,1813,33
68,1814,46
68,1854,13
68,1877,13
68,1878,21
68,1879,38
68,1889,14
68,1893,19
68,1896,12
68,1912,25
68,1915,17
68,1929,26
68,1936,10
68,1967,26
68,2027,26
68,2037,10
68,2068,37
68,2076,20
68,2077,13
68,2099,39
68,2100,48
68,2102,11
68,2125,20
68,2166,37
68,2167,21
68,2239,10
68,2246,14
68,2313,18
68,2316,13
68,2401,14
68,2402,10
68,2426,14
68,2463,12
68,2488,12
68,2646,15
68,2648,10
68,2661,21
68,2678,16
68,2680,12
68,2689,11
68,2696,28
68,2717,10
68,2756,14
68,2808,11
68,2811,11
68,2812,15
68,2813,10
68,2814,15
68,2816,10
68,2817,17
68,2823,10
68,2826,25
68,2827,10
68,2839,22
68,2844,31
68,2891,15
68,2900,10
68,2921,12
68,2927,11
68,2949,33
68,2952,13
68,3003,12
68,3024,10
68,3043,12
68,3047,23
68,3049,35
68,3098,10
68,3127,17
68,3138,17
68,3145,21
68,3156,18
68,3238,13
68,3242,15
68,3250,15
68,3270,16
68,3316,17
68,3327,23
68,3331,25
68,3356,10
68,3363,16
68,3400,49
68,3410,19
68,3473,30
68,3492,12
68,3533,13
68,3555,25
68,3558,10
68,3560,29
68,3607,31
68,3669,45
68,3670,17
68,3671,36
68,3673,12
68,3702,26
68,3723,18
68,3737,12
68,3744,10
68,3748,10
68,3764,18
68,3768,14
68,3769,13
68,3789,15
68,3797,12
68,3800,13
68,3801,16
68,3802,14
68,3803,13
68,3810,11
68,3816,11
68,3824,14
68,3825,17
68,3830,12
68,3835,10
68,3853,21
68,3860,14
68,3876,19
68,3889,37
68,3895,12
68,3946,11
68,3988,24
68,3998,12
68,4113,13
68,4187,23
68,4194,29
68,4220,11
68,4233,17
68,4297,27
68,4299,16
68,4386,11
68,4388,12
68,4406,21
68,4462,12
68,4483,13
68,4484,11
68,4485,12
68,4560,10
68,4629,11
68,4705,11
68,4722,12
68,4723,10
68,4758,11
68,4766,12
68,4767,12
68,4774,23
68,4780,53
68,4782,22
68,4783,19
68,4784,13
68,4790,10
68,4791,16
68,4796,92
68,4797,10
68,4799,130
68,4800,21
68,4803,21
68,4813,22
68,4814,12
68,4817,14
68,4891,26
68,4900,15
68,4919,17
68,4928,11
68,4949,31
68,4951,16
68,4953,25
68,4957,12
68,4958,10
68,4964,15
68,4966,23
68,4967,11
68,4974,47
68,4975,11
68,4986,15
68,5001,13
68,5007,15
68,5032,10
68,5056,10
68,5058,10
68,5062,11
68,5114,24
68,5119,10
68,5129,72
68,5132,13
68,5140,17
68,5141,28
68,5142,10
68,5144,16
68,5145,10
68,5147,17
68,5150,23
68,5168,30
68,5228,29
68,5253,15
68,5260,11
68,5265,20
68,5366,20
68,5410,21
68,5417,11
68,5502,14
68,5602,10
68,5649,13
68,5701,13
68,5709,12
68,5849,18
68,5859,17
68,5902,14
68,5945,12
68,5972,26
68,5973,76
68,5979,10
68,6100,17
68,6235,12
68,6236,11
68,6241,20
68,6267,29
68,6274,12
68,6318,35
68,6398,22
68,6481,15
68,6547,10
68,6573,10
68,6575,31
68,6577,14
68,6776,92
68,6779,18
68,6781,10
68,6784,89
68,6785,23
68,6786,75
68,6787,32
68,6873,10
68,6874,10
68,6902,10
68,6905,11
68,6906,15
68,6907,10
68,6919,15
68,6921,53
68,6924,31
68,6937,11
68,6940,10
68,6941,43
68,6950,10
68,6977,23
68,6991,10
68,6995,11
68,6996,12
68,6997,30
68,6999,12
68,7015,11
68,7018,14
68,7021,11
68,7094,18
68,7166,11
68,8029,10
68,8032,12
68,8039,12
68,8049,18
68,8128,22
68,8129,17
68,8130,27
68,8131,16
68,8315,18
68,8607,23
68,8635,16
68,10134,10
68,10247,10
68,10332,11
71,957,10
71,1801,25
73,7,12
73,74,37
73,109,16
73,765,10
73,7002,20
74,7,129
74,74,95
74,77,15
74,78,14
74,81,12
74,83,21
74,85,29
74,86,35
74,87,45
74,91,19
74,92,52
74,94,30
74,96,19
74,98,24
74,99,264
74,102,10
74,103,40
74,105,123
74,106,18
74,107,12
74,108,26
74,109,71
74,110,22
74,111,49
74,112,10
74,118,15
74,119,13
74,122,144
74,127,18
74,128,14
74,135,10
74,136,39
74,137,23
74,140,17
74,164,12
74,165,10
74,166,16
74,175,41
74,177,19
74,184,28
74,185,13
74,186,47
74,189,20
74,197,18
74,199,10
74,200,13
74,204,38
74,247,14
74,254,10
74,278,112
74,309,63
74,313,17
74,322,58
74,323,13
74,331,20
74,338,12
74,351,55
74,360,20
74,375,45
74,376,58
74,382,18
74,435,12
74,436,13
74,437,82
74,438,14
74,443,18
74,444,58
74,445,12
74,446,46
74,448,33
74,449,32
74,458,17
74,459,11
74,463,22
74,469,30
74,471,33
74,474,10
74,475,32
74,476,12
74,477,21
74,479,20
74,502,11
74,508,36
74,514,11
74,517,20
74,524,27
74,568,19
74,581,22
74,604,16
74,605,35
74,624,35
74,626,13
74,644,52
74,792,20
74,797,15
74,799,10
74,806,13
74,811,23
74,942,18
74,953,37
74,957,30
74,998,24
74,1074,13
74,1094,13
74,1101,13
74,1102,14
74,1113,12
74,1152,10
74,1163,13
74,1187,12
74,1188,66
74,1210,13
74,1226,12
74,1241,14
74,1251,28
74,1252,20
74,1253,15
74,1264,18
74,1289,15
74,1314,19
74,1355,27
74,1356,21
74,1372,15
74,1440,13
74,1441,17
74,1443,24
74,1490,12
74,1510,15
74,1525,11
74,1601,32
74,1641,18
74,1684,19
74,1721,16
74,1749,12
74,1799,28
74,1812,10
74,1851,12
74,1852,10
74,1871,25
74,1889,17
74,1891,10
74,1893,22
74,1938,23
74,2074,13
74,2076,23
74,2128,12
74,2252,15
74,2316,10
74,2646,12
74,2670,12
74,2677,10
74,2875,12
74,2949,11
74,3145,10
74,3242,12
74,3584,11
74,3604,13
74,3669,10
74,3671,14
74,3702,11
74,3711,12
74,3713,11
74,3801,11
74,3824,11
74,3844,10
74,3875,23
74,3876,19
74,3889,41
74,4233,10
74,4974,11
74,5130,11
74,5228,10
74,5301,19
74,5395,10
74,5800,12
74,5926,11
74,5927,47
74,5951,53
74,5991,11
74,6001,16
74,6009,10
74,6050,10
74,6051,10
74,6146,17
74,6236,10
74,7002,19
74,7097,15
74,8039,10
74,9290,10
74,9527,10
74,9529,11
74,9633,18
74,9692,11
74,9694,11
74,9697,10
77,30,15
77,109,16
77,111,11
77,164,10
77,166,25
77,235,10
77,236,10
77,245,14
77,278,29
77,533,17
77,765,31
77,957,14
77,1251,10
77,6051,14
78,30,16
78,81,10
78,87,15
78,99,25
78,175,13
78,202,12
78,253,16
78,309,15
78,437,11
78,475,11
78,533,47
78,1188,12
79,109,17
79,235,19
79,236,18
79,238,15
79,533,19
79,627,10
79,668,11
79,2961,14
79,3095,15
79,3132,12
80,30,15
80,99,20
80,235,28
80,236,27
80,245,20
80,533,21
81,12,11
81,30,22
81,31,20
81,86,12
81,87,30
81,98,10
81,99,20
81,103,10
81,109,31
81,154,12
81,202,13
81,251,14
81,253,14
81,275,15
81,278,33
81,295,18
81,322,14
81,375,15
81,398,10
81,448,11
81,508,34
81,533,80
81,534,10
81,535,18
81,568,15
81,570,13
81,581,19
81,583,14
81,789,11
81,811,18
81,814,13
81,951,28
81,957,18
81,1188,23
81,1355,33
81,1581,10
81,1805,13
81,1811,11
81,1904,15
81,1967,10
81,2008,10
81,2288,17
81,2817,11
81,2904,11
81,3280,12
81,4297,13
81,4740,11
81,4796,24
81,6481,10
81,8623,13
81,8835,12
82,99,13
82,235,17
82,236,17
83,122,18
83,145,10
83,186,11
83,278,14
83,475,10
83,602,10
83,605,13
83,797,16
83,814,29
83,832,13
83,836,11
83,867,19
83,1122,12
83,1187,11
83,3331,18
83,4796,13
84,30,11
84,85,11
84,122,11
85,30,36
85,31,44
85,85,29
85,86,17
85,87,15
85,91,16
85,92,23
85,96,12
85,98,16
85,99,25
85,105,12
85,110,11
85,118,15
85,119,12
85,122,63
85,127,17
85,153,10
85,154,28
85,161,12
85,175,16
85,186,22
85,202,16
85,215,22
85,251,14
85,253,13
85,275,19
85,278,20
85,288,16
85,289,13
85,295,37
85,296,21
85,297,17
85,300,10
85,309,23
85,313,14
85,322,17
85,324,11
85,360,10
85,375,10
85,437,21
85,446,15
85,449,15
85,458,11
85,469,18
85,471,12
85,475,13
85,479,14
85,508,13
85,524,48
85,535,18
85,803,44
85,957,42
85,1049,12
85,1113,28
85,1152,17
85,1270,17
85,1490,17
85,3324,10
85,3410,10
85,3526,10
85,3759,24
85,4791,11
85,5129,16
85,5265,11
85,7125,53
85,8039,14
85,8130,41
85,8131,38
86,12,18
86,30,30
86,31,42
86,38,22
86,39,18
86,87,33
86,92,26
86,94,11
86,96,13
86,98,20
86,99,85
86,105,16
86,109,10
86,122,55
86,127,25
86,128,12
86,136,23
86,140,10
86,145,10
86,146,18
86,148,18
86,153,11
86,155,10
86,161,11
86,175,22
86,185,10
86,186,13
86,200,10
86,202,14
86,204,23
86,241,12
86,245,106
86,251,12
86,253,19
86,254,10
86,275,16
86,278,26
86,281,12
86,288,10
86,289,14
86,295,29
86,309,19
86,379,14
86,407,14
86,416,11
86,448,14
86,474,11
86,475,22
86,502,10
86,508,22
86,522,16
86,524,10
86,534,12
86,604,14
86,617,14
86,624,13
86,626,11
86,928,11
86,953,14
86,1188,46
86,1211,14
86,1355,18
86,2670,12
86,3324,12
86,4741,35
86,5927,13
87,12,20
87,30,18
87,31,34
87,87,41
87,91,16
87,92,27
87,94,10
87,96,20
87,99,63
87,103,18
87,105,15
87,109,37
87,122,55
87,147,11
87,153,14
87,154,22
87,161,11
87,175,17
87,186,11
87,202,23
87,249,13
87,251,27
87,253,30
87,275,15
87,276,11
87,278,83
87,289,27
87,295,54
87,297,11
87,322,13
87,375,22
87,376,12
87,379,12
87,382,11
87,437,22
87,444,13
87,458,16
87,463,20
87,474,17
87,475,50
87,508,61
87,514,12
87,524,38
87,525,26
87,531,13
87,534,18
87,535,48
87,581,27
87,583,28
87,611,12
87,644,44
87,656,13
87,712,12
87,761,15
87,781,12
87,808,13
87,813,17
87,987,28
87,1093,22
87,1101,14
87,1102,12
87,1113,15
87,1122,10
87,1152,10
87,1188,66
87,1251,22
87,1270,37
87,1443,11
87,1460,10
87,1489,15
87,1498,13
87,1523,21
87,1525,15
87,1581,11
87,1589,12
87,1732,12
87,1801,77
87,1833,12
87,1879,10
87,1967,16
87,2099,12
87,2129,10
87,2371,23
87,2741,10
87,2826,10
87,2839,10
87,2844,14
87,2904,16
87,2915,13
87,2926,20
87,3032,10
87,3473,10
87,3671,11
87,3711,11
87,4297,11
87,4435,12
87,4694,11
87,4740,44
87,4741,42
87,4783,12
87,4796,21
87,4799,12
87,4951,10
87,5129,38
87,5951,13
87,6241,23
87,6420,17
87,8301,19
88,122,11
89,31,14
89,99,10
89,122,12
91,12,14
91,30,21
91,31,20
91,92,15
91,98,13
91,99,48
91,105,10
91,109,10
91,122,37
91,136,12
91,154,14
91,166,11
91,175,13
91,204,20
91,288,14
91,295,20
91,297,10
91,309,17
91,375,15
91,379,10
91,416,19
91,458,11
91,463,13
91,475,14
91,508,10
91,524,14
91,533,61
91,535,14
91,643,10
91,644,20
91,1093,11
91,1601,16
91,4799,10
91,5228,13
92,5,11
92,23,42
92,30,34
92,31,27
92,92,26
92,95,10
92,96,12
92,98,22
92,99,73
92,105,19
92,108,12
92,109,58
92,110,13
92,111,21
92,115,10
92,118,11
92,119,14
92,122,34
92,127,12
92,146,10
92,175,19
92,275,14
92,278,75
92,281,18
92,288,25
92,289,27
92,295,25
92,297,24
92,331,38
92,338,12
92,345,14
92,351,47
92,352,39
92,360,17
92,398,15
92,407,13
92,437,41
92,459,14
92,469,18
92,475,13
92,479,14
92,522,13
92,525,24
92,644,42
92,803,26
92,808,10
92,951,63
92,953,14
92,957,58
92,1210,13
92,1240,10
92,1355,10
92,1507,10
92,1511,13
92,1523,10
92,1589,31
92,1601,18
92,1641,12
92,1811,26
92,1812,12
92,1813,10
92,1814,16
92,1833,14
92,1871,11
92,1877,10
92,1878,14
92,1879,21
92,1904,15
92,1938,20
92,5301,15
92,5951,13
92,6043,13
94,30,14
94,31,14
94,99,37
94,109,15
94,122,18
94,235,38
94,236,38
94,245,50
94,278,22
94,295,16
94,309,10
94,448,11
94,522,10
94,533,32
94,957,11
94,1093,12
94,1252,12
94,1355,16
94,1489,14
94,4741,10
94,8301,10
95,30,21
95,98,12
95,99,22
95,122,22
95,175,10
95,235,27
95,375,14
95,469,15
96,31,14
96,98,17
96,99,39
96,109,19
96,122,18
96,127,12
96,137,12
96,175,11
96,235,50
96,236,51
96,245,89
96,278,38
96,289,24
96,508,12
96,522,14
96,533,69
96,957,14
96,1093,15
96,1252,14
96,1489,13
96,1811,13
96,1814,10
96,3270,10
98,23,24
98,28,11
98,31,30
98,32,12
98,37,26
98,39,27
98,98,12
98,99,96
98,108,14
98,109,38
98,110,12
98,111,11
98,118,30
98,119,23
98,122,77
98,127,14
98,128,12
98,136,20
98,137,27
98,138,20
98,140,15
98,148,34
98,153,12
98,166,11
98,168,11
98,186,20
98,202,23
98,204,23
98,251,19
98,253,22
98,254,14
98,275,15
98,276,13
98,278,42
98,288,30
98,289,21
98,331,13
98,338,11
98,351,24
98,352,24
98,375,30
98,376,17
98,474,12
98,479,20
98,499,16
98,512,13
98,546,10
98,953,15
98,957,11
98,998,15
98,1131,10
98,1188,17
98,1211,11
98,1232,12
98,1270,31
98,1355,10
98,1581,10
98,1589,10
98,1904,15
98,5129,32
98,5927,28
99,28,31
99,31,277
99,37,79
99,39,96
99,55,13
99,57,50
99,58,70
99,99,376
99,103,44
99,104,19
99,105,87
99,108,10
99,109,57
99,110,11
99,111,14
99,116,12
99,118,57
99,119,29
99,121,24
99,122,557
99,126,18
99,127,82
99,128,71
99,129,10
99,130,21
99,131,33
99,133,12
99,134,18
99,164,29
99,165,37
99,166,50
99,167,31
99,168,18
99,170,13
99,171,13
99,172,18
99,175,112
99,176,17
99,177,29
99,178,17
99,179,15
99,180,20
99,181,19
99,182,21
99,183,37
99,184,72
99,185,21
99,186,132
99,188,34
99,189,27
99,190,42
99,191,41
99,193,20
99,195,13
99,197,32
99,198,14
99,199,28
99,200,14
99,202,72
99,203,18
99,204,115
99,207,23
99,209,13
99,215,11
99,216,23
99,217,15
99,218,49
99,220,30
99,221,12
99,224,22
99,229,50
99,238,16
99,247,30
99,253,95
99,254,32
99,256,19
99,271,26
99,276,60
99,281,50
99,283,10
99,289,74
99,293,13
99,295,131
99,296,32
99,297,35
99,299,10
99,300,27
99,304,11
99,309,86
99,313,25
99,331,33
99,338,29
99,345,18
99,351,56
99,365,25
99,371,18
99,379,57
99,382,23
99,397,15
99,398,31
99,401,25
99,407,53
99,409,14
99,410,15
99,416,34
99,423,44
99,432,16
99,433,21
99,435,19
99,436,18
99,437,105
99,438,36
99,441,16
99,444,36
99,448,36
99,449,49
99,458,31
99,461,12
99,463,28
99,464,11
99,468,11
99,469,72
99,471,42
99,472,24
99,474,38
99,476,29
99,477,87
99,488,34
99,493,10
99,497,10
99,499,22
99,524,47
99,525,77
99,528,17
99,531,26
99,533,296
99,534,14
99,535,59
99,536,33
99,538,15
99,540,13
99,542,25
99,554,35
99,557,18
99,566,11
99,568,34
99,570,27
99,571,10
99,573,39
99,589,16
99,608,22
99,611,37
99,615,14
99,620,10
99,622,21
99,624,82
99,626,51
99,627,10
99,646,60
99,660,81
99,673,10
99,689,12
99,692,19
99,693,13
99,712,15
99,726,12
99,737,10
99,741,45
99,761,57
99,763,25
99,765,20
99,769,21
99,781,22
99,807,37
99,808,42
99,809,32
99,810,32
99,811,81
99,812,25
99,813,39
99,814,153
99,815,19
99,816,11
99,817,35
99,820,47
99,821,17
99,822,46
99,823,153
99,825,11
99,826,13
99,827,46
99,828,20
99,829,18
99,832,24
99,836,22
99,838,32
99,841,11
99,843,29
99,846,12
99,852,23
99,853,25
99,854,10
99,858,16
99,867,45
99,868,10
99,869,10
99,877,11
99,895,16
99,906,13
99,928,12
99,942,37
99,951,110
99,953,80
99,954,11
99,957,56
99,994,10
99,998,50
99,999,15
99,1004,46
99,1007,17
99,1008,24
99,1015,23
99,1024,10
99,1028,24
99,1049,14
99,1054,17
99,1058,15
99,1074,23
99,1097,11
99,1099,13
99,1100,13
99,1101,29
99,1102,59
99,1104,27
99,1105,13
99,1106,14
99,1109,16
99,1111,11
99,1113,49
99,1114,13
99,1115,12
99,1116,15
99,1117,19
99,1119,24
99,1122,23
99,1131,15
99,1132,11
99,1133,13
99,1145,32
99,1148,14
99,1151,17
99,1152,37
99,1153,42
99,1154,12
99,1156,15
99,1158,17
99,1159,20
99,1162,16
99,1163,25
99,1165,22
99,1166,36
99,1167,11
99,1168,30
99,1171,20
99,1174,17
99,1176,15
99,1178,11
99,1179,21
99,1180,11
99,1186,11
99,1187,28
99,1188,110
99,1205,15
99,1207,11
99,1210,25
99,1211,64
99,1226,32
99,1229,16
99,1231,12
99,1232,62
99,1233,15
99,1238,12
99,1239,10
99,1240,43
99,1241,15
99,1242,15
99,1243,19
99,1244,41
99,1245,11
99,1246,10
99,1247,11
99,1248,11
99,1249,13
99,1250,26
99,1251,55
99,1252,35
99,1253,25
99,1261,10
99,1262,14
99,1263,11
99,1264,55
99,1265,24
99,1268,15
99,1270,147
99,1273,13
99,1274,11
99,1277,17
99,1278,10
99,1283,14
99,1289,25
99,1305,12
99,1313,22
99,1314,11
99,1316,14
99,1331,10
99,1339,10
99,1340,18
99,1361,33
99,1367,33
99,1370,11
99,1371,29
99,1372,17
99,1386,17
99,1395,11
99,1396,21
99,1415,16
99,1417,13
99,1420,24
99,1427,12
99,1440,18
99,1443,24
99,1447,12
99,1448,14
99,1456,14
99,1460,14
99,1461,18
99,1484,11
99,1489,69
99,1496,10
99,1498,24
99,1525,28
99,1528,11
99,1550,11
99,1581,21
99,1589,22
99,1619,19
99,1641,38
99,1645,10
99,1646,13
99,1674,16
99,1684,26
99,1700,10
99,1706,10
99,1719,18
99,1721,27
99,1725,10
99,1729,12
99,1749,18
99,1755,16
99,1763,14
99,1799,22
99,1829,10
99,1833,14
99,1851,11
99,1889,13
99,1891,20
99,1893,32
99,1912,11
99,1915,17
99,1929,17
99,1950,24
99,2032,10
99,2038,11
99,2125,23
99,2284,17
99,2334,10
99,2426,10
99,2657,18
99,2670,25
99,2676,44
99,2677,21
99,2696,25
99,2741,11
99,2816,15
99,2817,18
99,2875,18
99,2961,12
99,3043,12
99,3049,12
99,3053,12
99,3145,12
99,3156,11
99,3193,15
99,3275,26
99,3280,11
99,3324,47
99,3331,12
99,3400,42
99,3526,22
99,3560,11
99,3566,10
99,3584,29
99,3702,12
99,3711,22
99,3713,14
99,3752,19
99,3759,12
99,3828,22
99,3833,14
99,3834,12
99,3853,12
99,3860,10
99,3876,11
99,4070,11
99,4084,13
99,4457,21
99,4783,10
99,4790,13
99,4791,11
99,4799,12
99,4891,15
99,4915,13
99,4951,10
99,4974,19
99,5034,12
99,5141,16
99,5168,12
99,5179,10
99,5265,16
99,5366,28
99,5410,15
99,5465,14
99,5513,24
99,5514,28
99,5710,10
99,5849,11
99,5859,19
99,5972,19
99,5973,28
99,5988,18
99,5991,12
99,6001,10
99,6009,13
99,6023,32
99,6043,20
99,6158,10
99,6212,10
99,6236,12
99,6241,22
99,6267,44
99,6340,24
99,6399,14
99,6435,42
99,6448,17
99,6762,35
99,6763,13
99,6776,42
99,6779,15
99,6780,13
99,6781,10
99,6782,21
99,6783,30
99,6784,23
99,6786,28
99,6787,14
99,6793,12
99,6921,26
99,6941,22
99,6997,17
99,7059,11
99,8032,12
99,8633,22
99,8634,22
99,8635,29
99,8660,10
99,8704,12
99,8707,10
99,8708,13
99,8835,13
99,9290,10
99,9297,16
99,9370,14
99,9417,13
99,9433,15
99,9456,13
99,9463,10
99,9480,23
99,9521,10
99,9523,10
99,9527,10
99,9528,10
99,9529,12
99,9694,22
99,9697,19
99,9700,13
102,31,11
102,122,28
102,127,11
102,145,10
102,444,15
102,445,16
102,448,13
102,604,11
102,656,11
102,2125,10
102,2334,13
102,3280,30
102,3324,14
102,5003,17
102,5991,11
102,6289,12
102,9633,13
102,10086,12
103,12,11
103,31,20
103,103,17
103,105,15
103,109,19
103,122,59
103,136,13
103,137,11
103,145,10
103,154,11
103,186,18
103,202,10
103,245,83
103,278,26
103,322,13
103,351,13
103,375,11
103,428,13
103,461,13
103,462,13
103,475,42
103,508,23
103,533,96
103,535,30
103,617,12
103,806,11
103,823,11
103,957,15
103,1152,13
103,1210,16
103,1252,13
103,1355,12
103,1448,12
103,1523,10
103,2661,16
103,4740,41
103,5145,25
103,5192,10
103,5222,16
104,31,10
104,122,12
104,375,10
105,31,46
105,57,68
105,58,26
105,105,15
105,106,13
105,108,18
105,109,51
105,110,12
105,111,11
105,122,49
105,136,10
105,137,12
105,186,17
105,204,12
105,229,20
105,251,30
105,309,19
105,313,10
105,322,17
105,331,14
105,437,36
105,448,13
105,471,17
105,509,24
105,522,11
105,525,11
105,533,106
105,568,12
105,626,12
105,644,40
105,957,34
105,1093,27
105,1188,16
105,1210,10
105,1252,11
105,1355,12
105,1356,12
105,1721,11
105,1799,23
105,1812,11
105,1851,10
105,1889,16
105,1893,14
105,2167,10
105,2670,10
105,2696,10
105,3280,12
105,3889,12
105,6340,13
105,6997,10
105,8039,10
106,109,13
108,23,18
108,31,14
108,57,17
108,68,18
108,109,47
108,110,18
108,154,18
108,322,12
108,331,10
108,351,19
108,352,17
108,360,14
108,475,19
108,522,14
108,803,11
108,1093,21
108,1102,11
108,1211,12
108,1240,11
108,1417,18
108,1488,14
108,1489,23
108,1938,14
108,2133,22
109,1,51
109,2,19
109,3,20
109,23,321
109,27,10
109,31,60
109,39,10
109,45,11
109,51,28
109,54,10
109,55,34
109,57,480
109,67,75
109,71,21
109,109,268
109,110,29
109,112,30
109,115,12
109,118,29
109,119,26
109,122,56
109,127,26
109,128,16
109,136,40
109,137,219
109,143,10
109,153,17
109,154,11
109,155,39
109,161,10
109,180,10
109,185,14
109,186,37
109,193,10
109,199,21
109,200,11
109,202,46
109,204,25
109,214,15
109,227,13
109,228,12
109,229,43
109,230,16
109,238,18
109,242,24
109,245,293
109,246,12
109,249,13
109,251,59
109,276,11
109,281,11
109,282,20
109,289,10
109,331,239
109,336,11
109,338,23
109,343,17
109,345,14
109,351,335
109,352,313
109,353,90
109,354,12
109,375,57
109,376,74
109,379,14
109,382,20
109,383,10
109,388,11
109,401,15
109,408,10
109,409,16
109,411,14
109,419,11
109,432,10
109,437,54
109,446,21
109,449,11
109,459,22
109,469,26
109,474,13
109,479,10
109,489,13
109,509,53
109,522,34
109,524,10
109,528,13
109,534,21
109,535,27
109,544,35
109,566,49
109,573,20
109,583,22
109,611,49
109,646,18
109,656,16
109,673,23
109,723,15
109,726,22
109,743,14
109,753,31
109,762,16
109,808,146
109,811,12
109,880,15
109,957,381
109,961,14
109,963,19
109,998,24
109,1028,18
109,1138,10
109,1163,11
109,1211,24
109,1244,23
109,1251,305
109,1252,387
109,1264,14
109,1307,12
109,1314,13
109,1355,48
109,1356,26
109,1365,21
109,1372,32
109,1375,10
109,1417,48
109,1419,18
109,1440,10
109,1444,13
109,1448,10
109,1488,31
109,1489,46
109,1492,25
109,1507,15
109,1509,11
109,1511,23
109,1525,18
109,1568,10
109,1599,40
109,1601,34
109,1610,10
109,1619,34
109,1645,14
109,1649,10
109,1684,16
109,1701,30
109,1730,13
109,1799,165
109,1801,813
109,1802,16
109,1804,20
109,1805,96
109,1808,15
109,1809,18
109,1811,154
109,1812,79
109,1813,102
109,1814,144
109,1815,19
109,1816,22
109,1817,10
109,1818,12
109,1819,18
109,1820,20
109,1822,10
109,1825,13
109,1827,11
109,1828,25
109,1845,11
109,1846,26
109,1851,52
109,1852,38
109,1853,38
109,1854,41
109,1855,17
109,1871,13
109,1872,19
109,1886,10
109,1888,13
109,1889,34
109,1890,12
109,1891,116
109,1892,77
109,1893,85
109,1894,57
109,1895,26
109,1896,24
109,1912,14
109,1915,31
109,1916,24
109,1929,25
109,1936,19
109,1938,190
109,1950,10
109,1957,11
109,1958,10
109,1959,11
109,1960,29
109,1962,12
109,1967,19
109,1973,20
109,1987,16
109,1994,21
109,1995,27
109,1996,34
109,2004,18
109,2007,40
109,2008,35
109,2026,13
109,2027,47
109,2038,12
109,2062,21
109,2065,27
109,2068,85
109,2089,14
109,2090,11
109,2104,23
109,2107,10
109,2128,12
109,2133,27
109,2142,27
109,2143,27
109,2144,12
109,2174,16
109,2196,10
109,2202,16
109,2204,10
109,2217,11
109,2219,10
109,2220,10
109,2239,23
109,2268,12
109,2276,10
109,2283,11
109,2371,17
109,2380,12
109,2381,11
109,2384,13
109,2440,21
109,2488,14
109,2491,20
109,2516,11
109,2537,14
109,2550,17
109,2583,21
109,2619,10
109,2632,12
109,2635,16
109,2657,14
109,2670,27
109,2685,14
109,2689,14
109,2696,34
109,2703,10
109,2716,11
109,2756,15
109,2844,19
109,2847,15
109,2853,20
109,2961,43
109,3035,11
109,3047,14
109,3134,10
109,3138,13
109,3239,10
109,3500,13
109,3711,18
109,3764,14
109,3802,11
109,3889,19
109,3965,12
109,3988,19
109,4050,11
109,4084,10
109,4165,15
109,4187,40
109,4207,13
109,4233,15
109,4257,17
109,4296,11
109,4359,11
109,4361,10
109,4388,10
109,4462,11
109,4483,19
109,4638,10
109,4639,11
109,4700,10
109,4702,15
109,5337,10
109,5589,19
109,5602,12
109,5701,13
109,5702,13
109,5734,12
109,5945,13
109,5962,11
109,6207,13
109,6399,20
109,6400,17
109,6428,16
109,6430,12
109,6879,14
109,7546,11
109,7788,34
109,7789,35
109,7825,17
109,7935,10
109,8301,224
109,8315,45
109,8362,19
109,8483,10
109,8548,10
109,8572,10
109,8707,19
109,9114,11
110,31,11
110,118,10
110,119,12
110,235,13
110,236,13
110,275,10
110,365,23
110,4741,17
111,31,14
111,111,18
111,122,14
111,154,19
111,186,10
111,189,13
111,197,10
111,288,11
111,300,16
111,309,12
111,437,23
111,522,13
111,533,49
111,605,16
111,765,13
111,957,21
111,1417,12
111,1441,13
111,1589,11
111,2989,12
111,4740,21
111,6050,10
111,6067,12
112,1251,12
112,1811,10
114,31,10
114,122,11
115,118,13
115,119,15
115,235,14
115,236,14
115,1210,10
116,31,14
116,119,10
116,122,11
116,235,11
116,236,12
116,1210,10
117,235,10
117,236,10
118,31,30
118,34,18
118,37,23
118,39,13
118,118,19
118,119,46
118,122,37
118,136,16
118,137,19
118,138,14
118,140,18
118,148,30
118,168,23
118,175,12
118,184,16
118,204,18
118,235,32
118,236,32
118,254,12
118,278,30
118,375,22
118,376,16
118,502,12
118,517,18
118,555,11
118,998,13
118,1210,10
118,1250,16
118,1251,22
118,1252,16
118,1566,10
118,1570,11
118,1581,13
118,1589,11
118,1801,26
118,1811,17
118,1812,12
118,1813,13
118,1814,15
119,31,18
119,34,13
119,37,14
119,122,23
119,137,11
119,140,11
119,148,10
119,175,11
119,202,10
119,204,13
119,235,29
119,236,29
119,251,10
119,275,10
119,278,17
119,295,10
119,297,12
119,375,15
119,376,14
119,1093,14
119,1210,17
119,1251,10
119,1801,21
119,1811,10
119,1871,10
121,122,19
121,148,14
121,533,12
122,1,29
122,2,21
122,3,22
122,12,67
122,23,39
122,27,12
122,28,47
122,29,14
122,34,87
122,35,73
122,36,79
122,37,80
122,39,119
122,41,21
122,57,46
122,67,14
122,68,171
122,72,10
122,78,17
122,80,15
122,81,57
122,122,471
122,126,14
122,127,190
122,128,68
122,129,11
122,130,28
122,131,50
122,134,21
122,135,18
122,136,127
122,137,81
122,138,78
122,139,52
122,140,54
122,141,22
122,142,22
122,143,53
122,144,17
122,145,44
122,146,64
122,147,59
122,148,157
122,149,10
122,151,61
122,152,20
122,153,48
122,154,189
122,155,34
122,156,50
122,157,18
122,158,28
122,160,19
122,161,54
122,164,22
122,165,16
122,166,30
122,167,16
122,168,14
122,174,11
122,175,78
122,177,14
122,181,26
122,182,30
122,183,25
122,184,30
122,185,30
122,186,250
122,188,20
122,189,20
122,190,51
122,191,51
122,193,27
122,197,35
122,198,10
122,199,15
122,202,54
122,203,22
122,204,100
122,207,15
122,209,19
122,210,15
122,213,17
122,214,24
122,215,13
122,216,18
122,217,11
122,218,15
122,219,19
122,220,44
122,221,10
122,224,21
122,229,37
122,238,30
122,241,11
122,245,281
122,251,32
122,254,28
122,263,32
122,275,82
122,276,59
122,281,17
122,283,12
122,288,44
122,289,42
122,296,19
122,304,18
122,309,68
122,312,13
122,321,10
122,322,73
122,323,16
122,338,18
122,371,17
122,373,13
122,375,80
122,376,51
122,379,14
122,382,16
122,397,114
122,398,18
122,404,32
122,407,81
122,409,18
122,416,46
122,419,24
122,428,66
122,432,20
122,437,63
122,438,46
122,466,109
122,468,13
122,469,64
122,471,109
122,472,42
122,474,40
122,475,186
122,476,50
122,477,86
122,478,10
122,479,69
122,485,15
122,491,14
122,493,16
122,497,12
122,499,16
122,502,27
122,503,12
122,504,10
122,507,28
122,508,138
122,509,23
122,514,12
122,542,20
122,545,10
122,546,28
122,547,10
122,554,44
122,557,15
122,563,12
122,565,16
122,568,46
122,570,131
122,573,31
122,574,12
122,581,46
122,583,34
122,590,59
122,597,44
122,599,26
122,602,19
122,604,56
122,605,141
122,608,26
122,617,162
122,622,45
122,624,71
122,627,21
122,635,15
122,642,12
122,643,25
122,644,203
122,645,13
122,660,40
122,692,34
122,693,18
122,741,14
122,761,93
122,789,170
122,790,10
122,792,86
122,797,33
122,798,22
122,799,10
122,800,20
122,801,10
122,803,303
122,804,14
122,805,16
122,806,15
122,807,25
122,808,41
122,809,48
122,810,43
122,811,70
122,812,24
122,813,29
122,814,275
122,815,16
122,817,27
122,820,39
122,821,19
122,822,32
122,823,513
122,826,16
122,827,29
122,828,21
122,829,17
122,832,18
122,836,35
122,838,34
122,858,26
122,867,39
122,895,21
122,904,11
122,906,16
122,932,11
122,953,94
122,954,12
122,957,134
122,961,87
122,982,11
122,998,33
122,1006,12
122,1028,40
122,1042,11
122,1045,25
122,1061,17
122,1064,11
122,1074,37
122,1093,75
122,1094,18
122,1097,24
122,1099,13
122,1100,16
122,1101,23
122,1102,153
122,1103,12
122,1104,28
122,1105,14
122,1106,13
122,1108,11
122,1109,23
122,1111,12
122,1113,65
122,1114,24
122,1115,13
122,1117,41
122,1119,19
122,1121,12
122,1122,20
122,1123,10
122,1124,17
122,1132,149
122,1133,15
122,1134,10
122,1145,19
122,1163,27
122,1165,19
122,1166,92
122,1167,11
122,1168,48
122,1171,28
122,1174,13
122,1179,18
122,1182,12
122,1184,23
122,1187,39
122,1188,88
122,1189,17
122,1203,23
122,1205,10
122,1208,18
122,1209,11
122,1210,11
122,1211,30
122,1220,10
122,1226,16
122,1232,21
122,1244,22
122,1261,15
122,1262,11
122,1264,16
122,1265,22
122,1268,12
122,1270,82
122,1277,83
122,1278,14
122,1283,17
122,1285,13
122,1286,18
122,1289,32
122,1292,14
122,1300,20
122,1301,12
122,1302,10
122,1310,11
122,1313,35
122,1314,13
122,1323,11
122,1331,12
122,1361,14
122,1367,24
122,1371,16
122,1372,29
122,1382,11
122,1386,35
122,1395,17
122,1396,13
122,1397,14
122,1415,13
122,1416,12
122,1417,14
122,1418,13
122,1420,11
122,1423,16
122,1460,13
122,1461,11
122,1478,13
122,1510,40
122,1511,12
122,1550,19
122,1556,15
122,1558,10
122,1579,15
122,1581,27
122,1601,19
122,1684,55
122,1699,14
122,1700,13
122,1701,10
122,1721,20
122,1725,17
122,1730,11
122,1732,15
122,1749,14
122,1763,24
122,1767,26
122,1768,26
122,1805,37
122,1811,33
122,1812,17
122,1813,11
122,1814,10
122,1871,39
122,1893,13
122,1894,11
122,1912,11
122,2027,27
122,2032,15
122,2112,12
122,2113,19
122,2252,18
122,2253,12
122,2323,23
122,2334,41
122,2371,41
122,2401,11
122,2423,18
122,2463,15
122,2657,10
122,2696,46
122,2741,10
122,2841,24
122,2842,17
122,2844,10
122,2869,17
122,2875,13
122,2901,10
122,2925,13
122,2927,12
122,2961,12
122,2985,17
122,2994,11
122,2996,10
122,3043,12
122,3049,14
122,3115,46
122,3116,16
122,3131,16
122,3138,10
122,3145,29
122,3179,12
122,3204,10
122,3225,10
122,3228,10
122,3236,26
122,3256,17
122,3270,19
122,3275,15
122,3298,15
122,3321,15
122,3324,73
122,3327,30
122,3331,30
122,3410,10
122,3525,10
122,3526,58
122,3552,13
122,3560,34
122,3566,36
122,3594,12
122,3616,13
122,3629,26
122,3641,12
122,3642,16
122,3643,16
122,3711,43
122,3752,43
122,3759,28
122,3784,19
122,3828,40
122,3844,12
122,3858,12
122,3873,112
122,3875,14
122,3889,29
122,3953,11
122,4017,12
122,4070,11
122,4113,21
122,4297,16
122,4299,13
122,4302,21
122,4305,15
122,4780,31
122,4790,19
122,4791,67
122,4799,13
122,4803,69
122,4913,22
122,4931,26
122,4951,14
122,4986,10
122,5034,24
122,5129,80
122,5141,32
122,5168,123
122,5203,10
122,5228,45
122,5265,26
122,5364,15
122,5366,57
122,5417,10
122,5419,16
122,5642,10
122,5701,10
122,5709,10
122,5821,13
122,5902,21
122,5945,15
122,5951,20
122,5967,10
122,5991,65
122,6094,11
122,6111,43
122,6158,11
122,6275,16
122,6289,72
122,6494,11
122,7027,12
122,7059,12
122,7813,61
122,7839,27
122,7844,10
122,7866,10
122,8039,21
122,8210,14
122,8211,14
122,8212,13
122,8225,17
122,8226,12
122,8229,11
122,8230,21
122,8231,18
122,8235,19
122,8237,10
122,8255,19
122,8572,38
122,8629,59
122,8630,75
122,8631,83
122,8632,66
122,8633,42
122,8634,42
122,8635,105
122,8707,11
122,8777,12
122,8792,11
122,8818,10
122,8835,124
122,8922,16
122,8930,10
122,9297,12
122,9401,11
122,9450,16
122,9556,10
122,10168,14
122,10274,82
126,68,36
126,128,12
126,136,18
126,245,17
126,1093,11
127,12,21
127,35,17
127,36,24
127,39,45
127,67,17
127,68,73
127,81,12
127,87,19
127,91,14
127,127,55
127,128,13
127,130,24
127,131,19
127,136,38
127,138,11
127,145,54
127,146,23
127,147,20
127,151,10
127,154,38
127,155,10
127,235,94
127,236,95
127,238,10
127,245,57
127,251,11
127,253,17
127,254,10
127,295,36
127,297,14
127,300,10
127,322,25
127,397,28
127,407,23
127,444,33
127,445,31
127,448,35
127,474,20
127,477,27
127,505,15
127,554,10
127,566,17
127,568,39
127,570,25
127,573,16
127,581,22
127,583,33
127,589,13
127,590,12
127,597,30
127,598,15
127,599,19
127,602,14
127,603,26
127,604,27
127,605,34
127,607,35
127,609,18
127,610,13
127,611,33
127,612,10
127,615,13
127,616,10
127,617,41
127,622,23
127,624,28
127,625,12
127,626,26
127,627,18
127,635,16
127,644,35
127,646,11
127,654,10
127,692,12
127,751,12
127,761,22
127,808,13
127,811,24
127,814,83
127,820,11
127,823,143
127,832,12
127,838,15
127,953,13
127,957,65
127,961,21
127,964,17
127,1024,15
127,1045,11
127,1046,15
127,1049,13
127,1050,15
127,1054,13
127,1055,11
127,1074,15
127,1086,15
127,1093,20
127,1113,11
127,1132,53
127,1152,17
127,1171,13
127,1277,28
127,1355,19
127,1489,24
127,1684,11
127,1763,15
127,1799,12
127,1871,10
127,2027,10
127,2068,15
127,2288,50
127,2436,11
127,2696,14
127,2814,10
127,3115,28
127,3250,14
127,3280,61
127,3331,18
127,3363,44
127,3503,21
127,3517,11
127,3555,33
127,3747,20
127,4790,12
127,4796,65
127,4799,23
127,4803,33
127,4892,13
127,5003,17
127,5168,31
127,5366,12
127,5951,11
127,6111,13
127,6267,38
127,6289,29
127,8301,10
127,8572,18
127,8802,15
127,10274,20
128,12,15
128,35,26
128,36,31
128,39,29
128,68,114
128,128,21
128,130,10
128,131,21
128,136,49
128,137,15
128,138,10
128,139,15
128,140,17
128,145,11
128,148,36
128,151,18
128,155,18
128,156,11
128,157,10
128,158,10
128,161,16
128,185,13
128,186,27
128,218,23
128,245,67
128,276,11
128,474,12
128,475,12
128,477,18
128,533,50
128,566,10
128,624,23
128,635,11
128,692,14
128,741,10
128,792,13
128,828,10
128,829,11
128,867,12
128,951,37
128,957,16
128,1028,11
128,1035,10
128,1093,28
128,1163,11
128,1811,11
128,5973,24
128,6435,22
128,6575,12
128,6783,12
128,6784,24
128,6785,10
128,6786,23
130,39,15
130,131,15
130,136,11
130,148,15
130,235,12
130,236,12
130,278,11
130,617,10
131,39,22
131,136,14
131,137,11
131,148,31
131,151,10
131,161,12
131,186,16
131,278,12
131,603,10
131,692,12
132,136,11
132,235,13
132,236,13
132,811,15
133,245,10
133,617,12
133,626,11
134,7,19
134,68,10
134,135,19
134,145,18
134,210,15
134,245,19
134,2112,15
134,3166,11
134,3214,10
134,3594,10
134,3651,15
134,3653,11
135,7,10
135,99,10
135,145,14
135,245,11
135,278,10
135,1093,10
135,3651,10
136,7,119
136,12,23
136,23,46
136,30,37
136,35,26
136,36,45
136,57,33
136,58,40
136,92,15
136,99,197
136,136,35
136,137,37
136,138,26
136,139,33
136,140,20
136,145,20
136,146,20
136,147,10
136,148,49
136,151,15
136,153,19
136,155,13
136,156,10
136,161,10
136,164,11
136,166,13
136,183,15
136,184,16
136,186,26
136,188,10
136,190,12
136,191,12
136,202,15
136,204,21
136,218,46
136,219,14
136,220,16
136,238,10
136,245,93
136,251,12
136,276,26
136,278,102
136,309,13
136,338,13
136,437,12
136,466,16
136,469,12
136,474,12
136,479,10
136,525,15
136,533,74
136,581,13
136,597,17
136,604,22
136,615,11
136,617,61
136,622,18
136,624,38
136,627,14
136,646,48
136,660,17
136,692,10
136,712,10
136,726,11
136,765,10
136,766,11
136,769,16
136,807,13
136,808,23
136,810,10
136,811,57
136,814,32
136,817,11
136,820,38
136,822,12
136,823,45
136,827,18
136,828,12
136,832,35
136,836,22
136,838,17
136,841,10
136,867,14
136,954,11
136,961,10
136,1028,18
136,1040,10
136,1058,13
136,1093,57
136,1122,10
136,1165,10
136,1166,19
136,1179,13
136,1188,14
136,1220,21
136,1251,37
136,1264,15
136,1270,44
136,1589,14
136,1601,17
136,1749,12
136,1805,11
136,1811,26
136,1813,12
136,1814,13
136,1833,10
136,1939,13
136,3204,12
136,3324,11
136,3400,16
136,3853,11
136,4147,13
136,4617,17
136,4799,15
136,6921,38
136,6924,16
136,6941,17
137,7,72
137,12,11
137,30,38
137,55,21
137,57,244
137,67,25
137,68,101
137,92,20
137,94,10
137,99,97
137,137,77
137,138,33
137,139,23
137,148,40
137,151,12
137,155,15
137,156,10
137,202,23
137,204,16
137,229,26
137,253,11
137,281,10
137,295,20
137,297,43
137,375,20
137,376,21
137,398,11
137,416,12
137,428,12
137,437,14
137,441,10
137,459,22
137,469,16
137,507,10
137,566,12
137,568,14
137,644,238
137,741,10
137,765,25
137,792,11
137,822,11
137,823,17
137,827,11
137,838,12
137,987,12
137,1104,10
137,1581,109
137,1589,117
137,1599,15
137,1805,35
137,1812,19
137,1833,80
137,1851,17
137,1852,13
137,1853,13
137,1854,11
137,1877,13
137,1878,17
137,1879,25
137,1891,39
137,1892,23
137,1904,70
137,1967,14
137,1973,23
137,1980,12
137,1981,16
137,1987,20
137,1994,20
137,1995,34
137,1996,26
137,2004,14
137,2006,10
137,2007,12
137,2065,12
137,2099,21
137,2100,17
137,2316,11
137,2479,21
137,2480,21
137,2488,11
137,2550,11
137,2576,10
137,2583,15
137,2645,10
137,2657,11
137,2670,19
137,2696,15
137,2961,14
137,3047,12
137,4740,12
137,4762,10
137,8315,26
137,9114,13
138,7,26
138,30,35
138,68,20
138,99,81
138,139,28
138,148,45
138,151,14
138,156,11
138,204,11
138,507,10
138,554,10
138,656,14
138,792,12
138,822,20
138,823,24
138,827,12
138,838,11
138,1104,12
138,5228,13
139,7,18
139,30,23
139,68,39
139,99,70
139,148,28
139,151,10
139,761,11
139,792,13
139,822,18
139,823,13
139,1104,12
140,7,14
140,30,21
140,35,12
140,99,59
140,145,12
140,148,14
140,186,11
140,204,13
140,245,30
140,278,17
140,375,12
140,522,10
140,533,23
140,617,19
140,823,11
140,1220,10
140,1264,10
141,99,17
141,148,13
142,30,11
142,99,15
143,7,14
143,30,12
143,99,37
143,148,13
143,1102,10
144,30,10
144,99,20
144,148,11
144,5927,12
145,12,28
145,57,16
145,67,12
145,68,119
145,85,44
145,99,21
145,109,38
145,145,109
145,147,15
145,151,17
145,153,14
145,154,15
145,155,11
145,183,10
145,185,29
145,204,10
145,210,10
145,219,14
145,235,51
145,236,51
145,245,88
145,253,19
145,276,19
145,278,50
145,322,11
145,324,10
145,379,11
145,397,25
145,416,11
145,419,29
145,524,15
145,525,30
145,528,12
145,566,24
145,570,54
145,585,17
145,589,27
145,593,13
145,603,11
145,605,46
145,609,21
145,611,35
145,617,51
145,626,25
145,644,87
145,654,10
145,668,16
145,741,28
145,751,64
145,789,26
145,803,53
145,804,10
145,818,11
145,832,12
145,836,21
145,851,10
145,957,58
145,961,12
145,966,19
145,1052,35
145,1055,11
145,1058,10
145,1093,23
145,1102,58
145,1117,14
145,1122,15
145,1138,19
145,1166,14
145,1277,16
145,1278,17
145,1509,13
145,1912,23
145,1915,34
145,1929,22
145,2125,18
145,2288,25
145,2853,12
145,2952,12
145,2966,11
145,3024,22
145,3049,19
145,3075,18
145,3101,40
145,3204,14
145,3280,33
145,3324,25
145,3327,85
145,3331,15
145,3363,66
145,3473,15
145,3492,10
145,3552,12
145,3759,10
145,3769,13
145,4137,17
145,4629,81
145,4705,11
145,4720,60
145,4780,13
145,4796,36
145,4803,15
145,4919,95
145,4928,12
145,4974,12
145,4979,13
145,4983,14
145,5001,13
145,5002,12
145,5003,97
145,5004,17
145,5007,32
145,5032,20
145,5034,12
145,5095,10
145,5097,31
145,5099,10
145,5114,23
145,5115,13
145,5144,11
145,5589,28
145,5690,11
145,6111,12
145,6123,12
145,6168,13
145,6169,12
145,6289,16
145,6318,14
145,6340,42
145,6876,14
145,6879,14
145,6895,28
145,7251,15
145,7788,36
145,7789,36
145,7813,13
145,7825,21
145,7826,12
145,7853,12
145,8130,29
145,8131,27
145,8206,11
145,8802,13
145,8835,18
145,10087,10
145,10171,15
145,10247,22
146,74,36
146,81,10
146,87,13
146,99,67
146,109,14
146,146,10
146,148,17
146,153,12
146,154,22
146,175,14
146,185,11
146,186,20
146,251,14
146,253,24
146,289,10
146,322,15
146,416,15
146,437,12
146,444,14
146,448,13
146,474,11
146,475,35
146,477,12
146,479,11
146,525,11
146,533,82
146,535,25
146,568,12
146,792,14
146,803,12
146,953,32
146,1188,28
146,1489,10
146,2741,10
146,2817,11
146,4796,30
147,7,55
147,67,10
147,68,43
147,74,16
147,99,54
147,148,19
147,154,24
147,156,10
147,235,30
147,236,30
147,245,51
147,407,11
147,475,58
147,524,11
147,533,85
147,566,11
147,583,14
147,611,13
147,761,19
147,809,11
147,810,10
147,823,70
147,957,20
147,1052,12
147,3363,20
147,3669,10
147,4780,12
147,4790,13
147,4796,45
147,4892,12
147,6267,12
147,8572,12
148,1,10
148,2,10
148,3,10
148,7,15
148,15,13
148,41,11
148,58,12
148,74,36
148,99,219
148,148,77
148,151,19
148,155,11
148,156,39
148,157,13
148,158,14
148,160,10
148,161,26
148,164,16
148,166,31
148,167,13
148,168,19
148,175,28
148,184,35
148,186,58
148,199,11
148,202,12
148,235,32
148,236,32
148,263,10
148,288,12
148,295,25
148,296,12
148,312,27
148,322,34
148,360,31
148,364,37
148,407,13
148,408,11
148,437,10
148,438,11
148,499,10
148,502,18
148,517,42
148,520,22
148,522,14
148,554,10
148,644,20
148,692,22
148,741,11
148,803,12
148,838,13
148,867,31
148,953,45
148,997,12
148,998,14
148,1015,11
148,1084,12
148,1085,12
148,1086,12
148,1087,12
148,1088,12
148,1089,12
148,1090,12
148,1093,33
148,1113,12
148,1116,10
148,1119,16
148,1121,19
148,1122,12
148,1124,29
148,1127,11
148,1131,10
148,1133,11
148,1145,15
148,1153,10
148,1158,11
148,1174,11
148,1176,17
148,1180,10
148,1187,12
148,1188,10
148,1232,23
148,1240,19
148,1250,11
148,1251,11
149,99,11
151,7,16
151,68,37
151,99,48
151,175,12
151,186,12
151,397,10
151,437,11
151,471,10
151,823,28
151,1188,14
151,1270,11
152,99,20
152,235,10
152,236,10
152,245,12
152,1355,12
153,12,10
153,23,11
153,74,11
153,99,54
153,118,10
153,153,52
153,161,11
153,186,10
153,245,83
153,251,10
153,295,17
153,351,12
153,352,11
153,416,11
153,423,14
153,469,11
153,508,14
153,646,18
153,814,15
153,867,45
153,940,10
153,951,24
153,1188,22
153,1278,22
153,1355,13
153,1967,34
153,2288,16
153,2754,11
153,2768,13
153,2769,13
153,3275,62
153,3669,12
153,3828,11
153,3875,23
153,5228,21
153,5410,15
153,6023,11
153,8708,10
153,9370,34
154,12,43
154,57,14
154,74,52
154,92,15
154,99,59
154,105,29
154,154,61
154,161,20
154,185,17
154,186,37
154,235,102
154,236,104
154,242,16
154,251,15
154,275,16
154,322,84
154,376,11
154,432,10
154,449,14
154,463,19
154,477,10
154,505,18
154,508,41
154,524,52
154,525,36
154,570,73
154,605,73
154,611,22
154,617,17
154,624,20
154,626,12
154,803,145
154,809,13
154,810,12
154,811,12
154,814,116
154,957,66
154,961,16
154,964,12
154,987,22
154,1049,16
154,1102,118
154,1113,25
154,1132,34
154,1166,19
154,1211,17
154,1265,15
154,1270,14
154,1277,12
154,1355,29
154,1386,11
154,1443,12
154,1490,19
154,1510,26
154,1525,10
154,1589,26
154,1601,12
154,2252,10
154,2334,10
154,2436,12
154,2696,29
154,2817,13
154,2819,18
154,3115,15
154,3280,25
154,3324,21
154,3331,27
154,3410,19
154,3503,11
154,3555,28
154,3711,10
154,3759,20
154,3844,11
154,4741,44
154,4780,27
154,4791,35
154,4796,131
154,4803,17
154,4949,17
154,5129,12
154,5140,10
154,5141,23
154,5265,16
154,5301,21
154,6267,34
154,6289,12
154,8039,20
154,8572,15
154,9633,19
155,12,10
155,35,28
155,36,25
155,68,50
155,74,14
155,87,16
155,99,37
155,186,17
155,245,68
155,275,12
155,278,44
155,295,12
155,375,11
155,416,12
155,428,17
155,475,21
155,517,10
155,568,25
155,583,18
155,611,18
155,957,30
155,987,13
155,1093,11
155,1251,14
155,1355,16
155,1489,12
155,1498,11
155,1799,15
155,1805,11
155,1811,10
155,1891,17
155,2371,11
155,2645,10
156,98,10
156,99,43
156,118,10
156,166,10
156,186,11
156,867,12
158,235,25
158,236,25
158,295,10
158,475,19
158,3755,11
158,4740,16
160,99,12
161,12,11
161,74,22
161,99,27
161,175,14
161,185,11
161,186,24
161,245,54
161,295,10
161,322,20
161,437,16
161,517,10
161,4799,13
164,166,32
164,466,11
164,998,10
165,166,18
165,309,13
166,36,15
166,166,23
166,175,12
166,184,11
166,295,10
166,466,17
166,624,10
166,1229,18
167,376,10
167,998,13
168,119,11
168,235,10
168,236,10
168,278,12
168,376,13
168,1251,10
173,475,10
173,814,10
173,5927,42
175,7,38
175,23,13
175,37,13
175,81,10
175,98,30
175,103,15
175,105,15
175,109,17
175,127,23
175,136,32
175,137,14
175,140,11
175,175,14
175,177,10
175,184,17
175,186,19
175,189,14
175,197,17
175,202,11
175,204,30
175,245,98
175,253,30
175,254,11
175,288,28
175,289,22
175,295,28
175,296,14
175,297,18
175,309,42
175,313,11
175,322,12
175,351,13
175,352,13
175,365,18
175,375,36
175,479,20
175,499,12
175,508,24
175,515,11
175,626,15
175,644,12
175,646,11
175,867,10
175,951,17
175,1131,10
175,1152,12
175,1163,10
175,1188,23
175,1211,10
175,1355,18
175,1361,10
175,1811,11
175,1871,25
175,3835,10
175,3889,10
175,5951,16
175,6001,13
176,644,12
177,68,10
177,251,10
177,253,11
177,375,11
177,1871,12
177,5395,13
178,68,17
178,245,19
178,1811,10
180,68,13
180,98,11
180,200,13
180,245,13
180,533,11
180,534,13
180,535,17
180,2995,11
180,6417,12
181,182,13
181,278,13
181,643,11
181,644,18
181,934,11
182,31,15
182,220,10
182,643,13
182,644,17
182,803,10
182,811,13
182,953,10
183,7,28
183,30,10
183,31,12
183,235,30
183,236,31
183,245,20
183,295,10
183,475,12
183,535,13
183,811,20
183,951,15
183,966,13
184,7,12
184,31,25
184,37,11
184,92,10
184,98,11
184,119,12
184,186,11
184,190,10
184,191,10
184,288,12
184,360,13
184,364,12
184,502,13
184,517,11
184,953,15
185,7,37
185,31,19
185,34,17
185,36,11
185,81,12
185,85,34
185,87,17
185,127,11
185,186,20
185,218,11
185,245,44
185,300,13
185,322,17
185,370,10
185,416,29
185,419,29
185,437,12
185,524,11
185,531,13
185,534,11
185,535,22
185,570,13
185,814,21
185,987,10
185,1093,11
185,1188,28
185,1277,11
185,1355,15
185,1510,10
185,1601,12
185,3101,19
185,3711,14
185,4919,40
185,5228,26
185,8131,16
186,7,84
186,31,77
186,34,30
186,37,19
186,38,19
186,58,18
186,68,74
186,81,17
186,92,10
186,127,39
186,137,20
186,138,15
186,139,11
186,145,10
186,147,14
186,186,25
186,189,10
186,197,16
186,202,20
186,204,28
186,220,13
186,245,95
186,251,15
186,253,11
186,275,20
186,289,15
186,375,18
186,397,12
186,407,18
186,428,13
186,437,19
186,446,12
186,448,14
186,449,12
186,507,12
186,517,21
186,522,33
186,554,10
186,566,14
186,581,10
186,604,21
186,605,28
186,611,19
186,624,23
186,644,43
186,692,14
186,789,33
186,792,19
186,803,95
186,828,10
186,829,10
186,858,11
186,961,11
186,1004,14
186,1093,21
186,1113,31
186,1117,14
186,1122,10
186,1124,10
186,1166,21
186,1168,18
186,1251,14
186,1270,20
186,1277,15
186,1355,31
186,1510,12
186,1589,21
186,1811,14
186,1871,13
186,1893,11
186,2099,14
186,2100,10
186,2113,13
186,2125,19
186,2288,28
186,2371,12
186,2436,10
186,2817,14
186,3503,11
186,3560,10
186,3873,10
186,3889,14
186,4741,22
186,4796,47
186,5140,12
186,5141,15
186,5168,12
186,5902,12
186,5951,13
186,5991,10
186,6289,11
186,8129,10
186,8255,10
186,8629,30
186,8630,37
186,8631,44
186,8632,32
186,8633,15
186,8634,14
186,8635,21
187,68,11
187,644,18
187,803,12
188,235,27
188,236,27
188,245,11
188,951,20
188,1007,10
189,154,18
189,253,17
189,295,16
189,309,13
189,437,10
189,508,13
189,7125,12
190,78,10
190,92,11
190,190,17
190,191,50
190,193,13
190,202,17
190,437,13
190,608,20
190,693,13
190,906,11
190,1153,12
190,1273,10
190,1274,10
191,78,10
191,92,11
191,191,17
191,193,13
191,202,17
191,437,13
191,608,20
191,693,14
191,906,10
191,1153,12
191,1273,10
191,1274,10
193,475,16
193,644,17
193,4796,11
196,235,10
197,23,10
197,31,10
197,34,11
197,36,10
197,57,11
197,103,16
197,109,14
197,204,13
197,235,65
197,236,66
197,253,11
197,351,10
197,522,20
197,533,38
197,604,10
197,644,14
197,951,13
197,957,12
197,1188,17
197,1489,22
197,3047,11
197,8922,10
199,7,12
199,31,13
199,34,20
199,35,19
199,39,10
199,137,10
199,204,10
199,235,22
199,236,20
199,295,10
199,322,10
199,522,13
199,533,28
199,535,12
199,583,10
199,1811,17
200,7,21
200,31,11
200,34,12
200,36,12
200,87,16
200,98,12
200,200,14
200,204,10
200,215,11
200,235,37
200,236,38
200,278,14
200,288,10
200,295,10
200,416,11
200,534,28
200,535,35
200,6275,11
200,6277,17
200,6297,14
202,31,39
202,34,38
202,37,14
202,38,12
202,55,13
202,67,12
202,74,24
202,92,25
202,127,10
202,202,15
202,204,21
202,207,11
202,215,11
202,229,14
202,235,107
202,236,107
202,275,17
202,278,61
202,288,15
202,289,15
202,295,21
202,297,13
202,416,22
202,437,19
202,446,14
202,449,20
202,508,33
202,509,17
202,515,11
202,517,12
202,522,13
202,533,54
202,535,12
202,581,13
202,604,13
202,803,11
202,998,10
202,1093,21
202,1355,23
202,1799,28
202,1833,11
202,1904,12
202,2068,14
202,2099,17
202,2432,10
202,3889,11
202,4084,11
202,5927,23
202,6481,10
203,68,18
203,204,11
203,235,18
203,236,18
203,245,17
204,31,38
204,34,28
204,35,30
204,36,33
204,37,13
204,38,16
204,39,17
204,68,98
204,80,10
204,81,10
204,85,16
204,87,27
204,92,10
204,103,17
204,127,27
204,128,16
204,146,14
204,147,12
204,151,12
204,153,10
204,154,31
204,161,12
204,204,24
204,207,12
204,215,16
204,216,11
204,218,10
204,220,19
204,229,11
204,235,180
204,236,182
204,238,14
204,249,15
204,271,12
204,278,71
204,295,49
204,297,12
204,351,12
204,379,13
204,407,18
204,428,28
204,437,20
204,445,17
204,446,14
204,448,24
204,449,18
204,463,22
204,474,17
204,477,16
204,515,18
204,517,11
204,522,28
204,524,32
204,525,30
204,533,175
204,534,11
204,535,34
204,568,31
204,573,16
204,581,12
204,583,16
204,597,13
204,605,17
204,645,11
204,761,21
204,781,17
204,789,14
204,798,10
204,806,13
204,820,13
204,951,42
204,957,32
204,971,24
204,1004,12
204,1122,10
204,1165,10
204,1232,11
204,1251,18
204,1252,11
204,1264,11
204,1355,48
204,1460,11
204,1498,14
204,1645,13
204,1684,11
204,1725,12
204,1755,17
204,1871,16
204,1938,13
204,2113,12
204,2371,11
204,2949,15
204,3058,10
204,3067,10
204,3075,14
204,3196,12
204,3669,29
204,3711,11
204,3759,14
204,3889,15
204,3988,10
204,4741,31
204,4796,20
204,4799,21
204,5005,10
204,5006,10
204,5951,13
204,5991,15
204,7125,12
204,8607,16
204,8835,34
204,9353,10
204,9633,17
204,10086,16
204,10108,10
204,10171,11
207,31,12
207,68,27
207,109,10
207,235,34
207,236,35
207,245,22
207,295,10
207,533,21
207,1589,10
208,235,16
208,236,16
208,245,13
209,31,10
209,34,10
209,235,41
209,236,43
209,525,10
209,987,10
209,3711,11
210,68,13
210,235,12
210,236,12
210,245,24
210,533,21
212,245,11
213,7,14
213,68,14
213,235,39
213,236,39
213,245,23
214,68,16
214,127,10
214,235,10
214,236,10
214,245,17
214,1006,10
214,2371,11
214,3711,11
215,7,21
215,12,13
215,31,13
215,34,13
215,35,12
215,36,13
215,68,31
215,74,12
215,86,13
215,92,14
215,127,10
215,216,12
215,235,57
215,236,58
215,245,43
215,275,14
215,278,15
215,288,20
215,295,10
215,322,29
215,324,13
215,475,33
215,535,16
215,951,10
215,1188,17
215,1290,14
215,1489,15
215,3038,10
215,3669,12
215,3873,11
215,6289,10
215,8607,16
215,9633,10
216,68,23
216,85,10
216,235,13
216,236,13
216,245,18
216,322,21
216,524,16
216,533,30
216,570,10
216,1152,10
216,1290,11
216,3828,10
216,4741,22
216,8130,10
217,235,17
217,236,17
217,1489,11
218,12,13
218,35,13
218,36,16
218,68,58
218,74,12
218,86,12
218,126,10
218,145,10
218,218,16
218,235,25
218,236,23
218,245,24
218,276,12
218,475,24
218,533,27
218,570,12
218,624,21
218,626,11
218,761,14
218,792,10
218,811,19
218,953,12
218,957,15
218,1939,10
218,4720,10
218,4796,12
218,4919,11
218,5973,13
218,6776,19
218,6783,14
218,6784,11
218,8127,12
219,68,19
219,127,31
219,235,24
219,236,24
219,245,26
219,508,10
219,533,44
219,568,13
219,570,10
219,597,11
219,599,16
219,622,13
219,624,12
219,627,13
219,643,10
219,644,15
219,646,23
219,656,14
219,4796,16
220,7,56
220,34,12
220,37,10
220,57,10
220,68,11
220,127,10
220,235,39
220,236,39
220,245,17
220,278,11
220,295,19
220,570,10
220,599,10
220,789,11
220,811,13
220,820,10
220,832,15
221,533,12
223,235,10
223,236,10
224,68,15
224,235,23
224,236,23
224,533,12
226,68,15
226,235,13
226,236,13
226,245,13
226,533,18
227,951,15
228,58,11
228,68,16
228,230,13
228,235,23
228,236,23
228,241,11
228,245,28
228,475,10
228,533,27
228,644,12
228,1801,17
229,35,28
229,36,36
229,39,10
229,68,58
229,74,33
229,87,15
229,91,11
229,92,20
229,98,13
229,175,11
229,235,72
229,236,71
229,245,73
229,253,15
229,278,60
229,295,23
229,379,12
229,428,10
229,533,56
229,566,10
229,604,10
229,644,32
229,823,13
229,957,31
229,1004,11
229,1093,31
229,1252,19
229,1355,10
229,1489,11
229,1811,32
229,1813,10
229,1878,10
229,1904,11
229,2099,10
229,4740,15
230,35,17
230,36,17
230,57,27
230,68,26
230,81,13
230,86,11
230,87,19
230,235,56
230,236,57
230,238,11
230,241,16
230,245,36
230,295,10
230,533,40
230,1188,10
230,1252,10
230,1811,11
232,235,12
232,236,12
234,951,12
235,1,31
235,2,28
235,12,91
235,23,95
235,27,10
235,28,12
235,32,12
235,35,58
235,36,75
235,38,31
235,39,47
235,41,15
235,43,32
235,51,23
235,55,46
235,57,108
235,58,81
235,67,37
235,68,372
235,74,234
235,78,60
235,81,87
235,83,34
235,84,14
235,85,95
235,86,126
235,87,183
235,90,14
235,91,101
235,92,139
235,98,116
235,99,412
235,102,12
235,103,66
235,104,20
235,105,73
235,106,15
235,107,12
235,108,22
235,109,100
235,111,59
235,114,13
235,122,356
235,128,49
235,131,14
235,134,14
235,136,104
235,137,57
235,138,18
235,140,27
235,143,11
235,146,140
235,151,31
235,153,150
235,155,82
235,161,38
235,164,21
235,165,16
235,166,28
235,167,34
235,171,10
235,175,113
235,176,12
235,177,47
235,178,20
235,180,14
235,182,13
235,184,39
235,185,59
235,186,100
235,187,22
235,189,50
235,190,33
235,191,33
235,193,31
235,195,18
235,235,1034
235,236,2640
235,238,98
235,241,43
235,242,32
235,243,24
235,245,762
235,246,10
235,247,45
235,249,128
235,251,194
235,252,10
235,253,237
235,254,49
235,256,29
235,260,10
235,261,25
235,263,18
235,267,10
235,271,30
235,275,104
235,276,53
235,285,12
235,288,116
235,289,71
235,295,187
235,296,38
235,297,76
235,299,36
235,300,60
235,303,24
235,304,17
235,305,18
235,307,42
235,309,127
235,312,11
235,313,21
235,317,15
235,320,14
235,322,106
235,323,42
235,324,21
235,331,55
235,351,104
235,353,21
235,390,11
235,394,15
235,395,10
235,397,34
235,398,55
235,399,13
235,400,13
235,401,58
235,402,14
235,404,66
235,407,95
235,408,36
235,409,59
235,410,27
235,411,18
235,414,44
235,415,16
235,416,190
235,419,74
235,420,43
235,423,45
235,424,18
235,425,27
235,427,18
235,428,72
235,431,14
235,432,29
235,433,51
235,434,15
235,435,14
235,436,15
235,447,21
235,448,111
235,449,52
235,450,18
235,451,20
235,452,12
235,453,12
235,454,19
235,455,12
235,456,22
235,457,12
235,458,49
235,459,72
235,460,15
235,461,21
235,462,25
235,463,71
235,464,23
235,465,21
235,466,48
235,467,15
235,468,19
235,469,119
235,471,67
235,472,13
235,473,10
235,474,93
235,475,88
235,476,28
235,477,46
235,478,11
235,479,176
235,483,12
235,484,25
235,485,18
235,486,11
235,488,23
235,489,13
235,491,41
235,493,19
235,494,23
235,497,11
235,499,26
235,502,47
235,503,128
235,504,17
235,505,20
235,506,10
235,508,248
235,509,29
235,512,31
235,513,13
235,514,16
235,515,57
235,517,42
235,519,11
235,521,12
235,522,137
235,524,72
235,525,163
235,528,29
235,531,40
235,533,872
235,534,83
235,535,175
235,536,10
235,538,15
235,544,15
235,546,19
235,550,15
235,554,26
235,557,29
235,563,17
235,566,27
235,570,74
235,573,64
235,581,125
235,583,99
235,589,58
235,595,14
235,597,53
235,602,17
235,605,47
235,615,19
235,616,14
235,617,32
235,622,41
235,624,80
235,625,17
235,627,27
235,635,22
235,660,31
235,668,17
235,669,16
235,673,12
235,689,11
235,761,51
235,762,19
235,765,12
235,766,14
235,768,10
235,769,16
235,775,16
235,777,15
235,781,77
235,789,25
235,790,10
235,792,73
235,797,26
235,798,25
235,799,21
235,800,14
235,802,26
235,803,68
235,806,44
235,807,25
235,808,63
235,811,161
235,813,30
235,814,42
235,820,30
235,829,24
235,880,12
235,895,15
235,908,22
235,928,49
235,932,19
235,950,12
235,953,36
235,957,85
235,961,38
235,963,21
235,971,46
235,982,10
235,987,129
235,988,10
235,1004,43
235,1033,12
235,1049,28
235,1055,19
235,1061,11
235,1064,12
235,1093,97
235,1094,19
235,1097,11
235,1101,28
235,1102,41
235,1117,63
235,1123,20
235,1127,13
235,1152,48
235,1153,23
235,1159,17
235,1165,15
235,1166,33
235,1168,13
235,1171,18
235,1179,19
235,1187,42
235,1188,189
235,1226,38
235,1241,30
235,1242,12
235,1244,39
235,1250,13
235,1251,37
235,1252,72
235,1253,34
235,1259,16
235,1262,21
235,1264,30
235,1265,23
235,1268,11
235,1273,22
235,1274,23
235,1277,24
235,1278,59
235,1283,26
235,1285,16
235,1291,19
235,1292,34
235,1324,11
235,1329,12
235,1339,22
235,1340,21
235,1354,10
235,1355,254
235,1356,14
235,1357,13
235,1358,10
235,1359,11
235,1361,37
235,1364,11
235,1365,26
235,1367,48
235,1370,16
235,1371,42
235,1372,52
235,1375,11
235,1382,16
235,1386,14
235,1387,14
235,1388,15
235,1395,14
235,1396,34
235,1397,11
235,1407,15
235,1415,36
235,1417,25
235,1418,14
235,1419,34
235,1420,19
235,1423,20
235,1427,10
235,1428,17
235,1432,21
235,1439,10
235,1440,34
235,1441,19
235,1443,47
235,1444,16
235,1447,27
235,1448,23
235,1451,11
235,1453,11
235,1461,37
235,1467,13
235,1477,19
235,1478,52
235,1482,13
235,1484,31
235,1487,23
235,1488,16
235,1489,79
235,1490,27
235,1493,22
235,1494,46
235,1496,14
235,1498,68
235,1504,28
235,1505,10
235,1507,11
235,1509,13
235,1510,52
235,1511,31
235,1523,49
235,1525,58
235,1526,18
235,1527,30
235,1528,12
235,1550,26
235,1555,13
235,1572,14
235,1578,10
235,1599,41
235,1601,76
235,1604,21
235,1606,10
235,1623,11
235,1630,10
235,1637,15
235,1638,13
235,1641,47
235,1645,61
235,1646,15
235,1649,13
235,1657,11
235,1658,11
235,1660,12
235,1662,10
235,1672,28
235,1673,15
235,1674,19
235,1688,17
235,1693,37
235,1694,18
235,1709,15
235,1715,11
235,1725,68
235,1729,19
235,1732,69
235,1749,21
235,1764,12
235,1767,11
235,1799,38
235,1801,113
235,1811,36
235,1813,21
235,1829,29
235,1833,43
235,1851,10
235,1871,85
235,1895,14
235,1896,11
235,1904,51
235,1915,22
235,1938,41
235,1960,11
235,1967,16
235,1996,12
235,2007,16
235,2027,19
235,2038,10
235,2068,24
235,2074,15
235,2076,63
235,2093,15
235,2097,10
235,2113,29
235,2125,12
235,2129,15
235,2200,14
235,2247,13
235,2252,19
235,2257,13
235,2262,10
235,2263,15
235,2276,20
235,2288,149
235,2313,10
235,2316,14
235,2323,16
235,2334,29
235,2338,17
235,2339,22
235,2371,21
235,2401,34
235,2435,18
235,2438,14
235,2479,15
235,2488,14
235,2595,36
235,2635,11
235,2645,34
235,2670,29
235,2676,20
235,2677,15
235,2680,11
235,2685,11
235,2717,11
235,2741,74
235,2756,13
235,2811,12
235,2814,28
235,2815,16
235,2816,30
235,2817,20
235,2825,10
235,2826,43
235,2839,44
235,2844,96
235,2845,24
235,2847,12
235,2853,38
235,2854,28
235,2891,13
235,2892,13
235,2894,11
235,2895,13
235,2900,31
235,2901,26
235,2903,16
235,2904,37
235,2905,12
235,2906,16
235,2907,17
235,2910,29
235,2911,11
235,2912,17
235,2913,11
235,2914,11
235,2915,44
235,2916,10
235,2917,20
235,2918,17
235,2919,17
235,2920,10
235,2921,35
235,2922,16
235,2924,10
235,2925,10
235,2926,12
235,2927,15
235,2928,27
235,2931,12
235,2932,14
235,2936,15
235,2939,17
235,2945,38
235,2947,11
235,2949,58
235,2958,22
235,2959,18
235,2960,14
235,2961,29
235,2962,14
235,2963,11
235,2964,14
235,2965,31
235,2966,12
235,2972,21
235,2973,13
235,2981,22
235,2982,46
235,2985,38
235,2989,35
235,2992,37
235,2994,21
235,2995,20
235,2996,14
235,2997,15
235,2998,14
235,2999,14
235,3000,10
235,3001,22
235,3002,17
235,3003,25
235,3004,29
235,3007,13
235,3010,26
235,3011,19
235,3013,16
235,3018,10
235,3019,10
235,3022,59
235,3023,11
235,3024,10
235,3025,10
235,3028,13
235,3030,10
235,3031,14
235,3032,15
235,3033,29
235,3034,10
235,3035,20
235,3036,14
235,3037,11
235,3038,17
235,3039,10
235,3040,10
235,3041,10
235,3043,18
235,3044,14
235,3045,14
235,3047,17
235,3049,39
235,3051,29
235,3053,17
235,3058,12
235,3059,16
235,3065,19
235,3097,10
235,3099,11
235,3125,16
235,3127,20
235,3134,19
235,3138,29
235,3145,59
235,3193,20
235,3196,34
235,3225,27
235,3230,14
235,3233,10
235,3238,38
235,3242,27
235,3256,18
235,3270,59
235,3272,17
235,3273,10
235,3275,119
235,3280,16
235,3315,15
235,3316,19
235,3317,18
235,3321,10
235,3333,21
235,3335,10
235,3340,12
235,3344,10
235,3356,10
235,3357,10
235,3363,13
235,3439,13
235,3525,11
235,3555,16
235,3560,21
235,3584,48
235,3603,12
235,3607,21
235,3665,14
235,3669,58
235,3670,15
235,3671,34
235,3692,11
235,3693,12
235,3694,16
235,3695,11
235,3696,26
235,3697,13
235,3698,46
235,3699,13
235,3700,13
235,3701,13
235,3702,39
235,3703,14
235,3704,16
235,3705,14
235,3706,17
235,3708,10
235,3710,14
235,3711,46
235,3713,16
235,3723,23
235,3733,11
235,3737,11
235,3744,10
235,3752,21
235,3755,14
235,3759,15
235,3780,11
235,3784,16
235,3785,13
235,3789,19
235,3797,10
235,3800,16
235,3801,21
235,3802,29
235,3803,16
235,3807,11
235,3809,10
235,3810,37
235,3811,12
235,3816,16
235,3819,10
235,3824,27
235,3825,22
235,3827,11
235,3828,57
235,3829,12
235,3831,15
235,3833,34
235,3834,29
235,3835,43
235,3838,10
235,3840,19
235,3842,10
235,3844,19
235,3845,13
235,3858,15
235,3873,42
235,3895,18
235,3897,11
235,3930,14
235,3933,15
235,3953,15
235,3988,16
235,4051,10
235,4070,34
235,4084,12
235,4119,13
235,4190,18
235,4296,22
235,4405,12
235,4406,16
235,4471,10
235,4483,13
235,4535,10
235,4639,13
235,4740,105
235,4741,92
235,4771,13
235,4774,19
235,4780,31
235,4783,15
235,4784,12
235,4796,52
235,4799,40
235,4838,34
235,4846,10
235,4847,10
235,4848,10
235,4849,14
235,4850,11
235,4851,10
235,4855,18
235,4857,10
235,4858,14
235,4860,17
235,4863,12
235,4865,17
235,4866,24
235,4867,12
235,4869,11
235,4874,10
235,4919,12
235,4925,10
235,4926,12
235,4927,10
235,4928,15
235,4929,12
235,4930,10
235,4932,12
235,4933,14
235,4938,15
235,4939,15
235,4940,10
235,4943,16
235,4949,10
235,4951,16
235,4986,15
235,5066,10
235,5080,10
235,5091,11
235,5092,10
235,5129,180
235,5147,17
235,5150,12
235,5228,46
235,5248,11
235,5258,10
235,5261,31
235,5279,10
235,5282,14
235,5301,28
235,5303,14
235,5319,11
235,5366,28
235,5382,11
235,5388,11
235,5397,12
235,5410,20
235,5465,15
235,5467,13
235,5513,21
235,5514,22
235,5532,14
235,5533,13
235,5788,29
235,5821,11
235,5832,10
235,5926,23
235,5951,79
235,5952,14
235,5982,11
235,5983,13
235,5991,32
235,5992,12
235,6001,27
235,6040,17
235,6043,14
235,6067,15
235,6068,13
235,6111,16
235,6210,13
235,6241,37
235,6289,16
235,6420,14
235,6535,16
235,6547,21
235,6548,21
235,6573,29
235,6577,13
235,6607,16
235,6638,16
235,6825,15
235,6926,10
235,7097,16
235,7125,23
235,7137,15
235,7208,10
235,7251,28
235,7451,11
235,7535,14
235,7750,13
235,7857,15
235,7865,12
235,7866,15
235,7867,15
235,7872,10
235,8245,39
235,8252,13
235,8261,13
235,8310,10
235,8362,16
235,8635,27
235,8666,14
235,8835,76
235,8870,14
235,8930,19
235,8999,15
235,9064,13
235,9315,12
235,9316,13
235,9328,13
235,9336,15
235,9337,17
235,9349,10
235,9353,51
235,9356,16
235,9358,26
235,9369,11
235,9370,82
235,9371,14
235,9372,16
235,9373,15
235,9374,13
235,9375,13
235,9376,11
235,9378,15
235,9382,10
235,9387,15
235,9396,11
235,9397,11
235,9415,14
235,9417,15
235,9421,17
235,9462,11
235,9463,15
235,9480,13
235,9483,10
235,9526,10
235,9573,11
235,9601,11
235,9633,39
235,9692,15
235,9694,11
235,10082,11
235,10084,11
235,10086,28
235,10104,19
235,10108,22
235,10110,14
235,10134,15
235,10148,11
235,10171,17
236,1,31
236,2,28
236,3,29
236,12,91
236,23,100
236,27,10
236,28,12
236,32,12
236,35,57
236,36,75
236,38,32
236,39,51
236,41,15
236,43,33
236,51,23
236,55,46
236,57,107
236,58,82
236,67,39
236,68,369
236,74,232
236,78,59
236,81,87
236,83,34
236,84,14
236,85,93
236,86,130
236,87,183
236,90,14
236,91,102
236,92,139
236,95,28
236,98,115
236,99,414
236,102,13
236,103,66
236,104,21
236,105,75
236,106,15
236,107,11
236,108,21
236,109,102
236,111,59
236,114,13
236,122,364
236,128,49
236,131,14
236,134,14
236,136,103
236,137,58
236,138,18
236,140,27
236,143,10
236,146,140
236,151,32
236,153,149
236,155,83
236,161,38
236,164,21
236,165,16
236,166,27
236,167,35
236,171,10
236,175,115
236,176,12
236,177,46
236,178,20
236,180,14
236,182,14
236,184,39
236,185,59
236,186,100
236,187,22
236,189,50
236,190,34
236,191,33
236,193,31
236,195,18
236,236,1039
236,238,98
236,241,41
236,242,31
236,243,24
236,245,765
236,246,10
236,247,45
236,249,127
236,251,196
236,252,10
236,253,237
236,254,50
236,256,29
236,260,10
236,261,24
236,262,10
236,263,17
236,267,10
236,271,31
236,275,101
236,276,54
236,285,12
236,288,115
236,289,72
236,295,190
236,296,38
236,297,74
236,299,38
236,300,62
236,303,24
236,304,17
236,305,18
236,307,42
236,309,127
236,312,11
236,313,21
236,317,15
236,320,15
236,322,106
236,323,42
236,324,21
236,331,54
236,351,108
236,353,20
236,390,11
236,394,15
236,395,10
236,397,36
236,398,54
236,399,13
236,400,13
236,401,57
236,402,14
236,404,66
236,407,96
236,408,36
236,409,57
236,410,27
236,411,17
236,414,44
236,415,16
236,416,190
236,417,10
236,419,75
236,420,44
236,423,45
236,424,18
236,425,28
236,427,18
236,428,74
236,431,14
236,432,29
236,433,51
236,434,15
236,435,14
236,436,14
236,437,110
236,447,21
236,448,112
236,449,52
236,450,18
236,451,20
236,452,10
236,453,12
236,454,19
236,455,12
236,456,22
236,457,12
236,458,50
236,459,73
236,460,15
236,461,21
236,462,26
236,463,72
236,464,24
236,465,20
236,466,49
236,467,15
236,468,19
236,469,120
236,471,67
236,472,14
236,473,10
236,474,94
236,475,89
236,476,28
236,477,46
236,478,10
236,479,177
236,482,10
236,483,13
236,484,25
236,485,18
236,486,11
236,488,23
236,489,13
236,491,41
236,493,19
236,494,23
236,497,11
236,499,27
236,502,46
236,503,129
236,504,17
236,505,21
236,506,10
236,508,245
236,509,28
236,512,30
236,513,13
236,514,16
236,515,55
236,517,43
236,519,11
236,521,13
236,522,140
236,524,71
236,525,163
236,528,28
236,531,40
236,533,865
236,534,84
236,535,177
236,536,10
236,538,14
236,544,15
236,546,20
236,550,15
236,554,26
236,557,29
236,563,17
236,566,28
236,570,74
236,573,65
236,581,127
236,583,97
236,586,18
236,589,57
236,595,14
236,597,53
236,602,17
236,605,47
236,615,18
236,616,14
236,617,29
236,622,43
236,624,78
236,625,17
236,627,27
236,635,22
236,660,32
236,668,16
236,669,16
236,673,11
236,689,12
236,761,51
236,762,19
236,765,13
236,766,15
236,768,11
236,769,19
236,775,14
236,777,15
236,781,78
236,789,25
236,790,10
236,792,73
236,795,10
236,797,26
236,798,24
236,799,22
236,800,14
236,802,26
236,803,68
236,806,45
236,807,26
236,808,63
236,811,162
236,813,30
236,814,41
236,820,31
236,822,15
236,829,26
236,880,11
236,895,15
236,908,22
236,928,49
236,932,19
236,950,12
236,953,34
236,957,84
236,961,38
236,963,21
236,971,46
236,987,131
236,988,10
236,1004,43
236,1033,12
236,1049,27
236,1053,10
236,1055,18
236,1061,11
236,1064,12
236,1093,98
236,1094,19
236,1097,10
236,1101,28
236,1102,40
236,1117,63
236,1123,19
236,1127,13
236,1152,50
236,1153,23
236,1159,17
236,1165,15
236,1166,32
236,1168,13
236,1171,18
236,1179,19
236,1187,41
236,1188,195
236,1220,10
236,1226,37
236,1241,29
236,1242,12
236,1244,39
236,1250,13
236,1251,38
236,1252,72
236,1253,33
236,1259,16
236,1262,21
236,1264,31
236,1265,24
236,1268,10
236,1273,22
236,1274,23
236,1277,23
236,1278,59
236,1283,26
236,1285,16
236,1291,21
236,1292,35
236,1320,10
236,1324,11
236,1329,11
236,1339,22
236,1340,19
236,1354,10
236,1355,254
236,1356,15
236,1357,13
236,1359,11
236,1361,38
236,1363,10
236,1364,11
236,1365,26
236,1367,46
236,1370,16
236,1371,41
236,1372,50
236,1375,12
236,1382,16
236,1386,14
236,1387,15
236,1388,15
236,1395,14
236,1396,34
236,1397,11
236,1407,15
236,1415,37
236,1417,25
236,1418,14
236,1419,34
236,1420,19
236,1423,19
236,1428,16
236,1432,22
236,1435,10
236,1439,10
236,1440,34
236,1441,19
236,1443,47
236,1444,17
236,1445,10
236,1447,27
236,1448,24
236,1451,11
236,1453,11
236,1461,37
236,1467,12
236,1477,18
236,1478,51
236,1482,13
236,1484,32
236,1487,23
236,1488,16
236,1489,78
236,1490,27
236,1493,22
236,1494,46
236,1496,14
236,1498,68
236,1504,30
236,1505,11
236,1507,11
236,1509,14
236,1510,52
236,1511,33
236,1523,49
236,1525,59
236,1526,19
236,1527,30
236,1528,12
236,1550,28
236,1555,14
236,1572,14
236,1578,10
236,1599,44
236,1601,75
236,1604,21
236,1606,11
236,1623,11
236,1630,10
236,1637,15
236,1638,13
236,1641,49
236,1645,59
236,1646,15
236,1649,13
236,1657,11
236,1658,11
236,1660,12
236,1662,11
236,1672,28
236,1673,15
236,1674,19
236,1688,17
236,1693,36
236,1694,18
236,1709,16
236,1715,15
236,1725,68
236,1729,18
236,1732,70
236,1749,20
236,1764,10
236,1767,11
236,1799,41
236,1801,117
236,1811,36
236,1813,20
236,1829,29
236,1833,43
236,1851,10
236,1871,84
236,1886,17
236,1893,34
236,1895,14
236,1896,11
236,1904,52
236,1915,22
236,1938,45
236,1960,13
236,1967,19
236,1996,12
236,2007,16
236,2027,21
236,2038,11
236,2068,24
236,2074,14
236,2076,62
236,2093,16
236,2097,10
236,2113,30
236,2125,13
236,2129,16
236,2200,14
236,2247,14
236,2252,19
236,2257,13
236,2262,10
236,2263,14
236,2276,21
236,2288,153
236,2313,10
236,2316,14
236,2323,16
236,2334,30
236,2338,17
236,2339,22
236,2371,24
236,2401,33
236,2435,18
236,2438,14
236,2479,16
236,2488,14
236,2595,36
236,2635,11
236,2645,35
236,2670,32
236,2676,20
236,2677,16
236,2680,12
236,2685,11
236,2717,11
236,2741,74
236,2756,13
236,2811,12
236,2814,30
236,2815,16
236,2816,31
236,2817,20
236,2825,10
236,2826,42
236,2839,44
236,2844,95
236,2845,25
236,2847,11
236,2853,38
236,2854,28
236,2891,14
236,2892,13
236,2894,11
236,2895,13
236,2900,31
236,2901,26
236,2903,16
236,2904,38
236,2905,11
236,2906,16
236,2907,17
236,2910,29
236,2911,10
236,2912,17
236,2913,11
236,2914,11
236,2915,44
236,2916,10
236,2917,20
236,2918,17
236,2919,17
236,2920,10
236,2921,35
236,2922,16
236,2924,10
236,2926,12
236,2927,15
236,2928,29
236,2931,12
236,2932,14
236,2936,15
236,2939,17
236,2945,38
236,2947,12
236,2949,59
236,2958,21
236,2959,18
236,2960,14
236,2961,29
236,2962,14
236,2963,11
236,2964,14
236,2965,31
236,2966,12
236,2972,21
236,2973,12
236,2981,22
236,2982,46
236,2985,39
236,2989,35
236,2992,37
236,2994,21
236,2995,21
236,2996,14
236,2997,15
236,2998,14
236,2999,14
236,3000,10
236,3001,22
236,3002,17
236,3003,25
236,3004,29
236,3007,12
236,3010,26
236,3011,20
236,3013,16
236,3018,10
236,3019,10
236,3022,58
236,3023,12
236,3024,10
236,3025,11
236,3028,13
236,3030,10
236,3031,15
236,3032,15
236,3033,30
236,3034,10
236,3035,20
236,3036,14
236,3037,11
236,3038,17
236,3039,10
236,3040,10
236,3041,10
236,3043,18
236,3044,14
236,3045,14
236,3047,17
236,3049,40
236,3051,30
236,3053,17
236,3058,12
236,3059,16
236,3065,19
236,3097,10
236,3099,11
236,3125,16
236,3127,20
236,3134,18
236,3138,29
236,3145,60
236,3193,20
236,3196,34
236,3225,30
236,3230,14
236,3233,10
236,3236,10
236,3238,39
236,3242,26
236,3256,18
236,3270,58
236,3272,17
236,3273,10
236,3275,116
236,3280,16
236,3315,15
236,3316,19
236,3317,18
236,3333,22
236,3335,10
236,3340,12
236,3344,10
236,3356,10
236,3357,11
236,3363,13
236,3439,13
236,3525,11
236,3555,15
236,3560,19
236,3584,48
236,3603,12
236,3607,21
236,3665,14
236,3669,60
236,3670,15
236,3671,35
236,3692,11
236,3693,12
236,3694,16
236,3695,11
236,3696,26
236,3697,13
236,3698,46
236,3699,13
236,3700,13
236,3701,13
236,3702,39
236,3703,13
236,3704,17
236,3705,14
236,3706,19
236,3708,10
236,3710,14
236,3711,46
236,3713,17
236,3723,23
236,3733,10
236,3737,10
236,3744,10
236,3752,21
236,3755,14
236,3759,15
236,3780,11
236,3784,16
236,3785,13
236,3789,19
236,3797,10
236,3800,15
236,3801,22
236,3802,29
236,3803,16
236,3807,11
236,3809,10
236,3810,37
236,3811,13
236,3816,16
236,3824,26
236,3825,21
236,3827,11
236,3828,57
236,3829,12
236,3831,15
236,3833,35
236,3834,29
236,3835,43
236,3838,10
236,3840,19
236,3842,10
236,3844,19
236,3845,15
236,3858,15
236,3873,46
236,3895,18
236,3897,10
236,3930,14
236,3933,15
236,3953,15
236,3988,16
236,4051,10
236,4070,34
236,4084,12
236,4119,14
236,4190,17
236,4296,21
236,4405,12
236,4406,16
236,4471,10
236,4483,13
236,4535,10
236,4639,13
236,4740,106
236,4741,96
236,4771,13
236,4774,19
236,4780,31
236,4783,15
236,4784,12
236,4796,52
236,4799,41
236,4838,34
236,4846,10
236,4847,10
236,4848,10
236,4849,14
236,4850,10
236,4851,10
236,4852,10
236,4855,18
236,4857,10
236,4858,14
236,4860,18
236,4863,11
236,4865,18
236,4866,24
236,4867,12
236,4869,11
236,4874,10
236,4919,12
236,4926,12
236,4927,10
236,4928,15
236,4929,12
236,4930,10
236,4932,12
236,4933,14
236,4938,15
236,4939,16
236,4940,10
236,4943,16
236,4949,10
236,4951,16
236,4953,10
236,4974,10
236,4986,15
236,5066,10
236,5080,10
236,5091,12
236,5092,10
236,5129,179
236,5147,17
236,5150,12
236,5228,45
236,5247,10
236,5248,11
236,5258,10
236,5261,31
236,5282,14
236,5301,28
236,5303,14
236,5319,12
236,5366,29
236,5382,12
236,5388,12
236,5397,12
236,5410,20
236,5465,15
236,5467,13
236,5513,21
236,5514,22
236,5532,13
236,5533,13
236,5788,28
236,5821,11
236,5832,10
236,5926,25
236,5951,78
236,5952,14
236,5982,10
236,5983,13
236,5991,33
236,5992,12
236,6001,27
236,6040,17
236,6043,14
236,6061,10
236,6067,15
236,6068,12
236,6111,16
236,6210,13
236,6289,19
236,6420,14
236,6435,10
236,6535,16
236,6547,21
236,6548,21
236,6573,30
236,6577,13
236,6607,15
236,6638,17
236,6825,15
236,6926,10
236,7097,16
236,7125,23
236,7137,15
236,7208,10
236,7251,28
236,7451,11
236,7535,14
236,7574,10
236,7750,12
236,7857,15
236,7865,12
236,7866,15
236,7867,15
236,7872,10
236,8245,39
236,8252,13
236,8261,13
236,8310,10
236,8362,16
236,8635,29
236,8666,13
236,8835,80
236,8870,13
236,8930,19
236,8999,15
236,9064,13
236,9315,12
236,9316,13
236,9328,13
236,9336,15
236,9337,17
236,9349,10
236,9353,52
236,9355,10
236,9356,15
236,9358,27
236,9369,11
236,9370,82
236,9371,14
236,9372,15
236,9373,15
236,9374,13
236,9375,13
236,9376,11
236,9378,14
236,9382,10
236,9383,10
236,9387,15
236,9396,11
236,9397,11
236,9415,14
236,9417,15
236,9421,16
236,9462,11
236,9463,15
236,9480,12
236,9526,10
236,9573,11
236,9601,12
236,9633,39
236,9692,15
236,9694,11
236,10082,10
236,10084,11
236,10086,29
236,10104,19
236,10108,22
236,10110,14
236,10124,10
236,10134,15
236,10148,11
236,10171,19
238,12,21
238,35,13
238,36,16
238,58,11
238,68,33
238,81,13
238,83,13
238,87,19
238,145,18
238,146,17
238,238,28
238,241,13
238,245,77
238,247,10
238,249,23
238,253,13
238,323,10
238,375,28
238,404,10
238,428,11
238,508,22
238,525,14
238,535,14
238,573,10
238,583,12
238,599,27
238,604,22
238,605,12
238,627,13
238,656,11
238,668,10
238,797,13
238,808,23
238,811,15
238,832,10
238,867,12
238,987,16
238,1093,34
238,1122,12
238,1152,11
238,1187,10
238,1277,14
238,1355,70
238,1725,11
238,1801,32
238,2323,41
238,2741,14
238,2814,21
238,2816,26
238,2817,10
238,2842,10
238,2844,30
238,2845,10
238,2853,12
238,2961,17
238,2982,14
238,3131,17
238,3132,17
238,3134,11
238,3256,28
238,3331,19
238,3594,30
238,4497,10
241,35,10
241,36,11
241,68,34
241,81,13
241,87,17
241,109,11
241,202,10
241,245,35
241,249,10
241,278,21
241,295,10
241,475,14
241,524,10
241,951,16
241,1355,19
241,2371,10
241,2961,11
241,5927,13
242,7,13
242,35,10
242,36,10
242,57,14
242,58,13
242,68,18
242,74,17
242,87,11
242,92,14
242,245,31
242,322,10
242,475,14
242,533,34
242,3876,11
242,4740,13
242,5301,13
243,245,15
245,1,46
245,2,20
245,3,22
245,30,81
245,35,309
245,36,334
245,38,20
245,39,18
245,54,14
245,59,25
245,73,14
245,74,255
245,78,33
245,79,17
245,81,74
245,82,26
245,83,31
245,85,61
245,87,214
245,91,49
245,92,88
245,98,63
245,99,364
245,102,15
245,105,98
245,106,19
245,108,39
245,110,16
245,111,43
245,119,10
245,137,126
245,138,13
245,139,23
245,143,17
245,146,81
245,148,19
245,151,40
245,154,82
245,158,20
245,177,35
245,184,22
245,189,43
245,193,22
245,196,15
245,197,41
245,199,36
245,200,58
245,202,53
245,204,142
245,209,12
245,245,459
245,247,33
245,249,67
245,251,149
245,253,210
245,254,44
245,256,10
245,261,18
245,262,11
245,263,24
245,271,20
245,275,84
245,276,46
245,278,468
245,281,48
245,295,161
245,296,13
245,297,61
245,300,65
245,307,22
245,309,96
245,313,16
245,317,11
245,323,24
245,331,139
245,336,15
245,338,31
245,343,21
245,350,12
245,353,52
245,360,19
245,366,12
245,370,22
245,371,10
245,373,19
245,382,41
245,383,16
245,398,53
245,400,10
245,401,29
245,407,56
245,408,37
245,409,60
245,414,27
245,419,32
245,420,10
245,423,52
245,428,90
245,432,17
245,433,37
245,434,10
245,437,142
245,438,26
245,441,31
245,444,83
245,447,11
245,448,72
245,449,29
245,458,70
245,459,64
245,463,52
245,476,33
245,477,30
245,485,12
245,491,15
245,494,14
245,502,32
245,503,50
245,505,40
245,508,169
245,509,53
245,512,30
245,514,19
245,517,17
245,522,122
245,525,166
245,528,22
245,542,15
245,544,34
245,546,12
245,554,13
245,557,25
245,563,18
245,568,119
245,573,77
245,574,12
245,581,108
245,615,16
245,617,83
245,622,31
245,624,90
245,625,31
245,626,63
245,627,12
245,635,10
245,644,290
245,645,52
245,654,14
245,660,27
245,669,16
245,673,38
245,683,10
245,749,12
245,753,10
245,761,43
245,762,10
245,765,56
245,766,10
245,781,32
245,788,22
245,792,44
245,797,14
245,798,10
245,799,24
245,801,13
245,803,107
245,806,22
245,807,18
245,808,97
245,814,62
245,820,24
245,829,17
245,832,33
245,836,27
245,854,12
245,867,54
245,895,12
245,904,16
245,908,12
245,917,13
245,936,10
245,953,76
245,957,241
245,963,34
245,982,14
245,987,117
245,998,16
245,1028,21
245,1035,12
245,1049,15
245,1054,20
245,1058,15
245,1089,12
245,1093,175
245,1094,14
245,1101,21
245,1102,52
245,1113,29
245,1115,11
245,1122,36
245,1132,21
245,1163,41
245,1171,12
245,1187,32
245,1188,190
245,1203,10
245,1207,10
245,1210,38
245,1211,73
245,1220,11
245,1221,10
245,1226,31
245,1232,19
245,1240,10
245,1244,36
245,1251,149
245,1252,141
245,1262,23
245,1264,26
245,1265,41
245,1266,12
245,1270,239
245,1273,17
245,1274,13
245,1278,19
245,1310,16
245,1313,36
245,1339,18
245,1340,19
245,1356,18
245,1370,12
245,1371,28
245,1372,45
245,1417,24
245,1419,12
245,1420,18
245,1429,19
245,1440,66
245,1441,32
245,1444,12
245,1448,23
245,1460,19
245,1461,30
245,1478,39
245,1481,11
245,1484,14
245,1488,20
245,1489,76
245,1490,11
245,1494,11
245,1498,60
245,1504,19
245,1509,13
245,1523,54
245,1525,33
245,1544,10
245,1550,32
245,1555,16
245,1556,10
245,1568,11
245,1581,97
245,1599,28
245,1601,75
245,1619,24
245,1641,62
245,1646,11
245,1649,15
245,1673,14
245,1674,14
245,1684,48
245,1686,15
245,1688,12
245,1699,23
245,1700,10
245,1715,11
245,1716,10
245,1721,20
245,1729,12
245,1746,23
245,1755,22
245,1764,10
245,1768,11
245,1801,469
245,1811,110
245,1812,40
245,1813,43
245,1814,54
245,1831,25
245,1877,12
245,1878,19
245,1879,47
245,1892,40
245,1893,43
245,1895,15
245,1896,12
245,1912,30
245,1929,40
245,1936,12
245,1959,28
245,1960,18
245,1967,50
245,1973,24
245,2027,49
245,2037,13
245,2068,86
245,2074,31
245,2076,53
245,2077,23
245,2089,13
245,2090,10
245,2093,15
245,2099,55
245,2100,53
245,2102,18
245,2104,24
245,2113,12
245,2129,18
245,2133,20
245,2142,16
245,2143,24
245,2166,40
245,2167,31
245,2199,12
245,2201,10
245,2239,25
245,2243,11
245,2246,21
245,2252,11
245,2253,10
245,2276,12
245,2313,12
245,2316,22
245,2319,16
245,2323,22
245,2334,31
245,2338,19
245,2339,17
245,2371,61
245,2401,27
245,2463,14
245,2480,12
245,2583,23
245,2595,15
245,2645,15
245,2646,10
245,2661,32
245,2678,21
245,2685,15
245,2689,12
245,2696,22
245,2709,10
245,2741,23
245,2753,10
245,2756,19
245,2768,15
245,2769,14
245,2808,10
245,2810,18
245,2811,26
245,2812,15
245,2813,20
245,2814,13
245,2815,10
245,2816,41
245,2817,43
245,2823,11
245,2826,32
245,2829,11
245,2844,60
245,2845,16
245,2846,13
245,2847,24
245,2848,10
245,2891,17
245,2899,11
245,2900,19
245,2904,13
245,2915,28
245,2917,10
245,2921,24
245,2949,25
245,2959,15
245,2961,56
245,2989,12
245,2992,31
245,2994,10
245,2995,29
245,2998,10
245,2999,11
245,3003,14
245,3004,17
245,3007,12
245,3010,14
245,3019,22
245,3022,23
245,3031,15
245,3032,16
245,3033,28
245,3035,11
245,3049,34
245,3051,21
245,3053,23
245,3060,12
245,3062,10
245,3065,22
245,3067,15
245,3075,13
245,3082,15
245,3138,23
245,3145,36
245,3149,10
245,3179,16
245,3199,25
245,3250,21
245,3252,10
245,3253,13
245,3256,20
245,3270,63
245,3321,15
245,3324,82
245,3327,11
245,3331,47
245,3340,12
245,3363,16
245,3375,13
245,3410,16
245,3436,10
245,3473,33
245,3500,15
245,3503,15
245,3537,12
245,3555,18
245,3560,21
245,3607,32
245,3665,11
245,3669,51
245,3670,21
245,3671,40
245,3675,18
245,3690,10
245,3698,16
245,3702,32
245,3710,14
245,3711,42
245,3733,10
245,3734,13
245,3737,12
245,3741,10
245,3742,11
245,3744,17
245,3748,11
245,3759,14
245,3762,12
245,3764,24
245,3784,11
245,3785,10
245,3789,11
245,3800,15
245,3801,13
245,3802,21
245,3803,13
245,3810,19
245,3811,13
245,3816,18
245,3824,24
245,3825,11
245,3828,70
245,3830,11
245,3835,28
245,3876,43
245,3895,34
245,3930,19
245,3988,26
245,3998,11
245,4070,32
245,4084,34
245,4094,17
245,4113,33
245,4119,10
245,4137,12
245,4159,13
245,4187,24
245,4188,10
245,4190,12
245,4193,10
245,4194,44
245,4220,18
245,4233,34
245,4247,10
245,4296,33
245,4297,37
245,4298,19
245,4299,21
245,4303,12
245,4388,14
245,4406,19
245,4451,21
245,4462,14
245,4483,25
245,4485,11
245,4497,11
245,4560,22
245,4617,19
245,4629,10
245,4639,30
245,4664,12
245,4665,12
245,4702,21
245,4709,10
245,4722,15
245,4723,11
245,4753,10
245,4762,13
245,4767,13
245,4774,22
245,4780,45
245,4782,20
245,4783,19
245,4784,14
245,4790,11
245,4794,10
245,4795,10
245,4796,74
245,4797,10
245,4799,65
245,4800,25
245,4803,18
245,4807,16
245,4811,10
245,4813,13
245,4817,18
245,4832,10
245,4833,22
245,4834,20
245,4838,24
245,4858,11
245,4891,22
245,4902,11
245,4919,21
245,4920,12
245,4949,29
245,4951,23
245,4953,17
245,4974,20
245,4986,24
245,5007,10
245,5059,11
245,5091,13
245,5129,239
245,5132,10
245,5140,11
245,5141,25
245,5144,14
245,5145,11
245,5146,11
245,5147,11
245,5150,14
245,5192,13
245,5214,11
245,5228,37
245,5236,12
245,5253,12
245,5265,10
245,5296,12
245,5301,12
245,5315,12
245,5351,11
245,5395,27
245,5410,19
245,5465,11
245,5477,15
245,5502,22
245,5513,22
245,5514,24
245,5589,22
245,5590,18
245,5602,14
245,5658,10
245,5702,11
245,5709,15
245,5733,11
245,5826,10
245,5845,11
245,5849,14
245,5927,53
245,5949,18
245,5951,55
245,5968,10
245,5977,25
245,5979,10
245,5983,11
245,5988,11
245,5991,25
245,5992,13
245,6023,34
245,6111,14
245,6146,11
245,6210,28
245,6212,11
245,6218,14
245,6219,14
245,6220,14
245,6236,11
245,6241,42
245,6275,12
245,6277,19
245,6289,23
245,6318,30
245,6323,13
245,6332,18
245,6337,14
245,6340,31
245,6430,10
245,6435,38
245,6448,12
245,6496,13
245,6497,13
245,6501,19
245,6547,19
245,6548,17
245,6557,13
245,6559,11
245,6570,11
245,6573,14
245,6575,10
245,6577,15
245,6638,11
245,6776,33
245,6783,19
245,6784,30
245,6841,13
245,6874,10
245,6879,11
245,6921,23
245,6924,13
245,6941,19
245,7251,17
245,7736,11
245,7866,20
245,8032,11
245,8048,10
245,8091,12
245,8245,14
245,8310,12
245,8315,19
245,8607,28
245,8635,24
245,8835,47
245,8926,11
245,8999,13
245,9297,22
245,9299,11
245,9307,11
245,9337,15
245,9370,40
245,9387,11
245,9415,21
245,9417,16
245,9421,10
245,9510,10
245,9641,11
245,9687,10
245,9688,10
245,10086,25
245,10168,11
245,10332,10
245,10451,11
246,951,10
246,957,14
246,1581,11
246,1801,22
247,7,19
247,12,11
247,87,11
247,122,17
247,204,10
247,278,10
247,508,15
247,604,10
247,1188,13
249,30,11
249,55,11
249,122,10
249,249,15
249,254,12
249,278,28
249,295,12
249,297,12
249,322,14
249,351,21
249,428,13
249,524,14
249,533,59
249,534,17
249,535,28
249,565,10
249,573,10
249,581,19
249,604,13
249,624,10
249,644,22
249,808,21
249,814,11
249,823,13
249,951,16
249,957,18
249,961,14
249,1093,16
249,1355,35
249,1365,10
249,1419,10
249,1494,10
249,2826,11
249,3121,13
249,3127,11
249,3134,18
249,3138,18
249,3238,12
251,7,34
251,30,33
251,31,23
251,34,32
251,67,22
251,74,52
251,92,20
251,99,58
251,106,12
251,148,14
251,175,22
251,199,10
251,202,34
251,204,25
251,251,39
251,253,43
251,275,27
251,278,59
251,288,22
251,289,25
251,295,19
251,297,13
251,331,11
251,398,10
251,444,28
251,448,23
251,503,17
251,508,18
251,509,74
251,522,20
251,525,23
251,533,132
251,535,19
251,573,12
251,673,12
251,765,13
251,792,12
251,803,11
251,867,10
251,957,37
251,1211,11
251,1251,28
251,1252,33
251,1355,34
251,1356,11
251,1372,13
251,1591,14
251,1801,61
251,1811,27
251,1813,13
251,1814,21
251,1871,16
251,1889,33
251,1894,10
251,2076,10
251,2099,30
251,2100,21
251,2165,10
251,2166,13
251,2167,22
251,2288,29
251,2432,10
251,2595,14
251,2961,16
251,2992,14
251,3035,11
251,3835,18
251,3844,10
251,4194,13
251,4233,23
251,4296,21
251,4386,25
251,4387,15
251,4388,18
251,4389,11
251,4390,12
251,4391,12
251,4392,12
251,5658,15
251,5927,24
251,5951,24
251,6398,60
251,6399,24
251,6400,39
251,6455,10
251,6456,14
251,6484,15
251,6547,13
251,6548,14
253,7,53
253,30,16
253,34,23
253,74,75
253,82,13
253,91,15
253,92,32
253,94,10
253,96,12
253,103,15
253,105,13
253,109,49
253,111,22
253,122,63
253,136,16
253,153,18
253,154,26
253,161,14
253,184,12
253,202,23
253,204,28
253,215,13
253,253,60
253,254,11
253,275,21
253,278,50
253,295,40
253,300,11
253,322,24
253,350,11
253,411,11
253,414,10
253,416,52
253,423,12
253,433,10
253,437,32
253,438,13
253,441,14
253,443,23
253,444,27
253,446,18
253,448,21
253,449,16
253,450,11
253,458,16
253,463,13
253,479,21
253,503,15
253,514,11
253,515,10
253,522,43
253,525,41
253,535,27
253,581,17
253,604,17
253,624,14
253,644,41
253,656,17
253,803,20
253,811,29
253,951,41
253,953,18
253,987,28
253,1093,19
253,1113,11
253,1211,12
253,1226,14
253,1270,81
253,1278,22
253,1355,22
253,1372,35
253,1440,26
253,1441,11
253,1448,12
253,1478,13
253,1489,20
253,1581,15
253,1589,23
253,1645,11
253,1904,20
253,1938,17
253,2008,10
253,2074,10
253,2099,10
253,2239,10
253,2676,10
253,2817,12
253,2844,10
253,2949,10
253,2989,17
253,3022,12
253,3053,13
253,3270,14
253,3275,15
253,3560,13
253,3844,12
253,3889,14
253,3895,10
253,4094,12
253,4741,48
253,4799,20
253,4953,14
253,5129,74
253,6199,10
253,6399,12
253,6430,10
253,6547,10
253,9290,20
253,9297,10
253,9353,15
253,9421,10
253,9463,11
254,7,24
254,30,19
254,34,12
254,92,10
254,204,16
254,275,11
254,278,26
254,295,14
254,469,11
254,475,20
254,508,28
254,533,35
254,583,17
254,957,16
254,987,10
254,1188,11
254,1355,20
254,1489,12
254,1801,23
256,30,15
256,122,20
256,275,11
256,814,10
256,823,17
256,1102,15
256,1355,14
256,3711,12
256,4796,16
261,31,15
261,99,12
261,122,19
261,533,23
261,987,16
262,74,12
262,5927,13
263,30,11
263,31,19
263,99,20
263,127,13
263,136,11
263,154,11
263,186,13
263,278,19
263,475,29
263,535,11
263,814,38
263,823,44
263,953,11
263,1132,10
263,3503,10
267,644,24
267,950,22
267,1278,20
267,2126,21
267,3406,18
267,3408,19
271,31,17
271,122,17
271,127,12
271,278,13
271,295,10
271,475,16
271,583,10
271,811,16
271,961,10
275,7,64
275,23,10
275,30,39
275,31,42
275,34,19
275,35,10
275,36,11
275,37,12
275,38,13
275,67,12
275,74,63
275,96,10
275,99,91
275,103,11
275,105,39
275,108,16
275,109,19
275,111,13
275,127,22
275,136,19
275,148,24
275,175,25
275,184,20
275,204,18
275,216,11
275,229,13
275,275,21
275,278,17
275,281,11
275,288,20
275,289,17
275,295,22
275,296,14
275,297,18
275,309,22
275,312,14
275,313,10
275,322,54
275,351,11
275,352,10
275,375,23
275,376,10
275,408,16
275,423,16
275,437,17
275,466,11
275,502,15
275,505,21
275,508,30
275,509,10
275,517,20
275,522,22
275,524,19
275,525,17
275,573,20
275,583,12
275,656,13
275,823,12
275,957,15
275,987,23
275,1152,10
275,1270,30
275,1361,11
275,1489,15
275,1589,15
275,1721,11
275,2288,15
275,3065,16
275,3555,10
275,4740,16
275,4799,10
275,5084,14
275,5129,30
275,5168,14
276,7,51
276,30,14
276,31,28
276,34,14
276,35,10
276,36,15
276,37,10
276,57,14
276,127,29
276,137,11
276,138,10
276,139,12
276,153,11
276,186,13
276,204,17
276,278,38
276,295,11
276,351,17
276,448,16
276,570,12
276,605,15
276,617,16
276,622,10
276,624,11
276,656,11
276,741,10
276,792,10
276,823,12
276,836,11
276,953,15
276,957,11
276,1093,15
276,1132,10
276,2288,22
276,3115,11
276,3280,24
278,5,22
278,12,47
278,23,430
278,27,20
278,31,131
278,34,111
278,37,32
278,38,27
278,59,28
278,60,10
278,67,105
278,68,407
278,71,18
278,73,28
278,79,18
278,91,28
278,99,220
278,105,64
278,108,29
278,109,626
278,110,17
278,112,19
278,122,168
278,126,19
278,127,55
278,128,51
278,137,308
278,138,22
278,139,27
278,143,10
278,146,23
278,147,13
278,148,42
278,151,21
278,153,24
278,154,18
278,156,10
278,158,12
278,161,20
278,175,27
278,178,11
278,183,10
278,184,11
278,185,21
278,186,49
278,193,12
278,197,34
278,199,37
278,207,20
278,214,18
278,218,18
278,228,21
278,230,34
278,234,19
278,235,273
278,236,272
278,238,53
278,242,29
278,246,16
278,278,408
278,281,51
278,282,26
278,285,10
278,288,35
278,289,24
278,295,80
278,297,150
278,307,11
278,309,35
278,331,360
278,338,26
278,341,12
278,345,25
278,353,112
278,354,11
278,365,11
278,375,91
278,398,34
278,401,22
278,404,41
278,408,11
278,409,19
278,414,14
278,416,71
278,419,19
278,420,10
278,425,13
278,428,35
278,432,10
278,437,66
278,441,14
278,443,21
278,444,27
278,445,15
278,446,30
278,448,16
278,458,19
278,459,34
278,463,19
278,476,16
278,479,27
278,503,13
278,508,87
278,509,66
278,512,17
278,517,17
278,522,43
278,524,19
278,525,37
278,528,21
278,533,343
278,544,38
278,547,10
278,554,16
278,557,14
278,559,14
278,566,37
278,568,62
278,574,14
278,581,47
278,583,27
278,593,13
278,597,20
278,599,16
278,615,18
278,627,11
278,635,10
278,644,592
278,654,16
278,712,18
278,723,13
278,726,22
278,729,11
278,741,28
278,743,13
278,763,12
278,765,58
278,766,24
278,769,13
278,798,10
278,799,23
278,800,10
278,807,13
278,808,208
278,814,24
278,820,17
278,827,18
278,830,13
278,832,19
278,843,14
278,847,15
278,852,12
278,867,33
278,904,10
278,928,16
278,931,12
278,932,23
278,951,1098
278,961,34
278,963,18
278,987,65
278,998,33
278,1049,14
278,1075,10
278,1093,403
278,1101,16
278,1113,11
278,1117,16
278,1122,17
278,1145,11
278,1152,12
278,1187,13
278,1188,58
278,1220,19
278,1232,11
278,1236,10
278,1251,384
278,1252,466
278,1253,11
278,1264,31
278,1270,24
278,1273,10
278,1276,11
278,1277,12
278,1302,11
278,1307,14
278,1313,13
278,1355,75
278,1356,24
278,1366,10
278,1367,15
278,1371,15
278,1372,36
278,1429,13
278,1440,16
278,1444,14
278,1488,17
278,1489,55
278,1492,20
278,1525,22
278,1581,326
278,1589,374
278,1599,31
278,1610,12
278,1641,11
278,1645,41
278,1646,10
278,1649,21
278,1684,16
278,1701,34
278,1725,11
278,1732,57
278,1749,18
278,1763,37
278,1764,10
278,1792,16
278,1793,24
278,1799,189
278,1801,1063
278,1804,21
278,1805,105
278,1809,14
278,1811,175
278,1812,79
278,1813,103
278,1814,148
278,1816,17
278,1819,14
278,1831,30
278,1832,13
278,1833,214
278,1845,13
278,1846,26
278,1849,10
278,1850,11
278,1851,57
278,1852,39
278,1853,39
278,1854,34
278,1855,11
278,1871,17
278,1877,28
278,1878,38
278,1879,62
278,1888,14
278,1890,12
278,1891,101
278,1892,59
278,1893,71
278,1894,58
278,1895,18
278,1896,21
278,1897,10
278,1899,14
278,1904,148
278,1915,13
278,1916,45
278,1929,22
278,1950,20
278,1967,26
278,1973,41
278,1980,22
278,1981,14
278,1994,23
278,1995,41
278,1996,37
278,2004,19
278,2006,16
278,2025,13
278,2026,25
278,2027,85
278,2030,10
278,2032,18
278,2038,25
278,2048,10
278,2055,10
278,2062,11
278,2074,13
278,2076,30
278,2077,25
278,2089,12
278,2090,10
278,2125,28
278,2128,10
278,2129,11
278,2133,18
278,2141,11
278,2142,20
278,2143,26
278,2144,10
278,2166,29
278,2167,25
278,2195,17
278,2196,10
278,2202,21
278,2203,10
278,2239,27
278,2276,17
278,2280,11
278,2285,10
278,2288,35
278,2313,27
278,2316,27
278,2319,14
278,2322,12
278,2323,15
278,2334,10
278,2346,15
278,2353,10
278,2371,27
278,2375,11
278,2377,12
278,2378,12
278,2379,12
278,2381,24
278,2382,11
278,2383,14
278,2384,38
278,2385,11
278,2386,11
278,2388,11
278,2389,12
278,2394,10
278,2396,12
278,2400,11
278,2401,17
278,2402,10
278,2423,13
278,2432,28
278,2436,14
278,2476,10
278,2479,21
278,2483,12
278,2488,19
278,2491,12
278,2513,10
278,2514,10
278,2516,10
278,2517,10
278,2519,10
278,2524,13
278,2531,12
278,2532,13
278,2537,11
278,2550,15
278,2576,16
278,2578,12
278,2581,13
278,2583,29
278,2595,22
278,2632,22
278,2649,14
278,2650,10
278,2657,24
278,2670,44
278,2678,15
278,2680,10
278,2716,12
278,2753,22
278,2756,36
278,2768,15
278,2769,15
278,2786,11
278,2817,19
278,2823,11
278,2839,16
278,2847,20
278,2859,13
278,2900,32
278,2915,10
278,2927,13
278,2928,17
278,2961,70
278,3047,21
278,3051,21
278,3061,10
278,3067,12
278,3075,16
278,3131,10
278,3132,12
278,3156,15
278,3238,12
278,3242,13
278,3256,14
278,3275,12
278,3280,31
278,3316,10
278,3321,14
278,3324,22
278,3400,15
278,3526,13
278,3594,22
278,3609,21
278,3675,14
278,3710,16
278,3748,10
278,3764,10
278,3789,14
278,3809,10
278,3810,19
278,3828,29
278,3860,12
278,3873,21
278,3889,30
278,3965,22
278,3971,12
278,3988,42
278,4017,18
278,4018,11
278,4023,12
278,4033,10
278,4127,10
278,4138,10
278,4168,17
278,4178,10
278,4187,59
278,4189,10
278,4190,20
278,4191,12
278,4194,72
278,4195,19
278,4198,13
278,4201,12
278,4203,12
278,4206,12
278,4207,12
278,4220,23
278,4225,12
278,4232,13
278,4233,12
278,4295,10
278,4296,27
278,4297,23
278,4299,14
278,4301,13
278,4303,11
278,4309,11
278,4313,11
278,4314,10
278,4330,10
278,4343,10
278,4445,12
278,4446,12
278,4450,15
278,4451,11
278,4457,16
278,4460,14
278,4462,34
278,4483,13
278,4560,10
278,4617,26
278,4639,11
278,4702,17
278,4703,15
278,4723,12
278,4762,15
278,4846,13
278,4858,11
278,5003,15
278,5222,15
278,5236,12
278,5282,12
278,5364,10
278,5781,10
278,5845,21
278,5912,15
278,5945,14
278,5951,16
278,5972,13
278,5973,40
278,6239,10
278,6340,10
278,6386,13
278,6448,14
278,6481,16
278,6492,17
278,6575,11
278,6783,15
278,6784,34
278,6785,10
278,6786,43
278,6787,14
278,6921,22
278,6924,13
278,6941,17
278,6955,10
278,7249,11
278,8301,290
278,8305,11
278,8308,13
278,8310,15
278,8315,59
278,8570,11
278,8669,10
278,8835,21
278,8836,18
278,8968,10
278,8969,17
278,9114,12
281,31,34
281,35,12
281,36,30
281,74,23
281,87,14
281,105,12
281,127,21
281,136,20
281,175,15
281,229,12
281,235,49
281,236,51
281,281,11
281,289,11
281,295,12
281,352,18
281,375,10
281,753,10
281,765,11
281,1601,17
281,1811,10
281,3270,10
281,5845,11
281,6786,11
282,58,28
282,137,24
282,331,17
282,753,10
282,951,59
282,957,11
282,1093,12
282,1589,15
282,1833,10
282,1973,10
282,1995,12
282,1996,11
288,12,17
288,58,11
288,68,21
288,74,48
288,87,13
288,99,71
288,105,13
288,109,19
288,136,10
288,154,22
288,161,15
288,166,10
288,186,12
288,204,17
288,216,12
288,245,67
288,253,32
288,288,13
288,289,24
288,295,25
288,297,16
288,309,30
288,313,10
288,360,14
288,364,10
288,365,15
288,376,15
288,428,12
288,475,46
288,477,10
288,479,15
288,508,23
288,522,21
288,525,25
288,533,64
288,535,14
288,570,10
288,644,20
288,1131,11
288,1251,12
288,1270,30
288,1355,12
288,1367,11
288,1871,15
288,3038,11
288,3876,16
288,4796,23
288,5129,29
288,6001,11
289,74,44
289,103,12
289,105,18
289,111,11
289,127,11
289,245,126
289,253,49
289,289,12
289,295,16
289,297,13
289,309,32
289,365,14
289,375,17
289,416,14
289,508,17
289,525,17
289,535,16
289,581,10
289,1163,13
289,1226,13
289,1440,13
289,2076,10
289,2128,10
289,2288,17
289,2842,10
289,3270,17
289,5951,10
289,9297,10
295,1,14
295,35,50
295,36,50
295,39,18
295,57,38
295,74,65
295,78,17
295,98,27
295,103,14
295,105,31
295,108,12
295,109,46
295,111,29
295,118,12
295,122,192
295,128,17
295,136,41
295,140,13
295,145,24
295,146,36
295,147,16
295,151,16
295,154,61
295,184,10
295,185,22
295,186,35
295,216,12
295,218,12
295,238,21
295,263,10
295,295,38
295,296,12
295,297,20
295,299,10
295,300,16
295,309,29
295,322,64
295,323,14
295,338,13
295,365,10
295,370,13
295,398,11
295,416,36
295,419,17
295,463,40
295,466,16
295,469,20
295,471,26
295,472,10
295,474,14
295,475,95
295,477,10
295,479,20
295,508,48
295,531,14
295,533,228
295,534,11
295,535,35
295,566,15
295,568,37
295,570,72
295,573,12
295,583,19
295,589,12
295,590,37
295,604,19
295,605,83
295,609,18
295,611,21
295,622,16
295,624,29
295,625,15
295,644,109
295,654,10
295,668,11
295,734,10
295,741,12
295,781,10
295,789,108
295,792,15
295,808,17
295,814,70
295,820,15
295,832,14
295,953,69
295,957,49
295,987,29
295,1028,10
295,1093,35
295,1132,14
295,1179,23
295,1188,65
295,1210,12
295,1240,10
295,1251,13
295,1264,20
295,1277,19
295,1289,14
295,1355,60
295,1372,12
295,1443,11
295,1489,21
295,1550,14
295,1641,13
295,1749,10
295,1904,13
295,1938,12
295,2032,10
295,2113,12
295,2316,10
295,2319,10
295,2323,18
295,2463,13
295,2657,11
295,2741,11
295,2814,16
295,2816,17
295,2817,14
295,2844,28
295,2958,12
295,2961,19
295,2982,17
295,2985,18
295,3019,11
295,3131,14
295,3132,15
295,3327,17
295,3331,22
295,3333,10
295,3335,12
295,3363,27
295,3410,15
295,3560,11
295,3604,10
295,3671,14
295,3755,13
295,3759,12
295,4741,53
295,4791,43
295,4796,65
295,4799,12
295,4919,18
295,4951,15
295,5228,33
295,5926,10
295,5927,27
295,5951,17
295,5979,20
295,6267,32
295,6340,26
295,6398,10
295,6435,10
295,8128,54
295,8129,33
295,8130,43
295,8131,42
296,74,12
296,98,21
296,153,24
296,197,10
296,253,10
296,296,15
296,297,25
296,303,10
296,309,11
296,313,21
296,360,10
296,375,15
296,437,19
296,469,17
296,966,10
296,1278,10
296,3324,10
297,1,13
297,35,46
297,36,46
297,57,91
297,67,15
297,68,29
297,74,37
297,98,20
297,105,27
297,106,12
297,108,14
297,109,94
297,110,12
297,122,27
297,136,13
297,153,10
297,184,15
297,229,12
297,230,10
297,253,16
297,297,33
297,305,14
297,309,19
297,313,36
297,331,50
297,366,12
297,375,18
297,376,28
297,437,21
297,469,11
297,508,15
297,808,33
297,811,13
297,953,12
297,957,50
297,987,13
297,1093,58
297,1131,10
297,1581,63
297,1601,19
297,1604,11
297,1904,16
297,1938,22
297,2027,16
297,2068,16
297,2696,10
297,2741,17
297,2853,18
297,2854,12
297,3604,10
297,5847,10
297,5848,10
297,5927,38
299,375,12
300,74,17
300,87,12
300,103,14
300,122,25
300,136,16
300,145,10
300,204,19
300,218,16
300,300,14
300,309,14
300,322,18
300,475,18
300,525,11
300,535,14
300,604,10
300,624,13
300,1188,13
300,1355,18
300,1523,10
300,2288,18
300,3755,10
300,6919,10
303,57,13
303,245,12
303,322,12
303,533,10
305,92,10
305,313,15
307,109,16
307,533,22
307,951,14
307,957,15
307,1904,11
309,7,28
309,12,16
309,28,10
309,37,10
309,39,24
309,57,22
309,81,13
309,87,13
309,92,19
309,98,35
309,109,22
309,119,11
309,137,16
309,138,12
309,146,21
309,148,34
309,164,19
309,166,31
309,184,13
309,186,24
309,202,20
309,204,15
309,229,16
309,251,39
309,253,43
309,309,24
309,312,13
309,313,10
309,317,11
309,322,19
309,375,22
309,376,22
309,416,34
309,419,10
309,438,13
309,469,28
309,474,12
309,479,25
309,509,20
309,581,12
309,604,15
309,617,18
309,624,22
309,626,12
309,765,10
309,823,12
309,998,15
309,1113,10
309,1188,26
309,1211,12
309,1251,11
309,1355,22
309,1440,14
309,1443,11
309,1641,13
309,1871,12
309,2074,14
309,2288,16
309,2339,16
309,3833,10
309,3835,11
309,5951,36
309,6001,16
309,9421,15
312,99,33
312,360,12
312,364,15
312,520,13
312,617,10
313,92,19
313,98,14
313,108,12
313,109,16
313,110,13
313,153,10
313,184,13
313,278,10
313,313,12
313,360,11
313,366,12
313,376,14
313,437,29
313,644,16
313,1270,12
313,1456,10
313,5129,11
313,5848,10
317,92,10
317,99,11
321,7,20
321,644,12
321,646,11
321,656,10
322,57,12
322,68,79
322,83,11
322,86,11
322,92,11
322,98,19
322,99,33
322,109,21
322,111,50
322,128,10
322,130,10
322,136,16
322,147,18
322,153,10
322,168,12
322,186,26
322,189,14
322,197,10
322,204,22
322,220,12
322,238,11
322,245,100
322,254,12
322,256,12
322,263,19
322,278,26
322,288,46
322,322,92
322,323,17
322,324,13
322,433,12
322,437,34
322,444,11
322,448,15
322,458,10
322,469,11
322,475,221
322,479,11
322,504,11
322,505,29
322,508,43
322,524,14
322,533,108
322,535,17
322,581,22
322,590,12
322,604,14
322,611,10
322,626,11
322,643,10
322,668,10
322,671,12
322,765,12
322,789,64
322,792,14
322,805,13
322,832,11
322,858,11
322,953,42
322,957,87
322,1049,16
322,1131,10
322,1132,23
322,1134,11
322,1150,15
322,1171,10
322,1188,37
322,1210,10
322,1300,10
322,1371,17
322,1443,18
322,1488,23
322,1489,47
322,1498,12
322,1525,10
322,1555,11
322,1589,16
322,1699,10
322,1801,17
322,2371,10
322,2646,14
322,2696,17
322,2819,42
322,2949,14
322,2996,11
322,3043,11
322,3065,15
322,3238,10
322,3250,10
322,3265,12
322,3280,11
322,3363,70
322,3526,15
322,3607,10
322,3665,13
322,3671,11
322,3711,14
322,3752,32
322,3840,14
322,3844,19
322,4762,12
322,4892,15
322,5084,14
322,5097,12
322,5099,14
322,5140,10
322,5141,26
322,5150,14
322,5902,10
322,5951,10
322,6267,34
322,7768,12
322,7769,12
322,8623,65
322,8625,32
322,8628,24
322,8734,14
322,8809,12
322,8847,14
323,154,16
323,278,18
323,533,30
324,7,28
324,245,10
324,533,21
324,966,12
331,1,22
331,7,64
331,23,168
331,35,107
331,51,11
331,57,289
331,67,33
331,87,22
331,96,14
331,122,20
331,128,15
331,136,10
331,137,153
331,155,20
331,202,25
331,204,11
331,229,24
331,253,12
331,281,16
331,331,90
331,343,13
331,345,12
331,351,174
331,352,161
331,353,39
331,375,30
331,376,28
331,416,14
331,479,10
331,508,32
331,535,13
331,566,12
331,568,21
331,574,11
331,581,10
331,611,37
331,753,33
331,765,22
331,808,81
331,987,15
331,1365,10
331,1372,11
331,1581,138
331,1589,153
331,1599,11
331,1645,14
331,1805,41
331,1809,10
331,1820,10
331,1833,88
331,1851,22
331,1852,13
331,1853,12
331,1877,15
331,1878,20
331,1879,34
331,1916,37
331,1938,110
331,1960,18
331,1962,15
331,1964,14
331,1967,15
331,1973,26
331,1980,13
331,1981,10
331,1987,23
331,1988,10
331,1994,14
331,1995,36
331,1996,41
331,2004,13
331,2006,12
331,2007,10
331,2008,18
331,2027,21
331,2032,10
331,2038,12
331,2062,11
331,2065,15
331,2068,51
331,2166,11
331,2167,17
331,2313,12
331,2316,12
331,2432,16
331,2479,16
331,2480,14
331,2488,20
331,2491,10
331,2519,10
331,2583,11
331,2677,10
331,2696,10
331,2743,10
331,2744,10
331,2753,12
331,2756,21
331,2853,11
331,2901,10
331,2992,10
331,3828,10
331,3889,13
331,4113,15
331,4194,21
331,4521,15
331,4741,11
331,4891,13
331,5236,12
331,5502,14
331,5602,11
331,8707,16
331,8836,13
331,8990,12
331,8991,10
331,9114,12
336,23,12
336,55,11
336,336,38
336,338,33
336,351,11
336,885,19
336,951,21
336,1251,27
336,1581,15
336,4683,36
336,7479,12
336,7779,25
336,8007,39
336,8013,12
336,8014,23
336,8015,22
336,8016,11
336,8018,25
336,8019,25
336,8594,28
336,8599,18
338,23,25
338,35,15
338,36,17
338,57,27
338,235,22
338,236,22
338,345,36
338,351,29
338,352,21
338,379,11
338,535,13
338,624,11
338,644,19
338,646,11
338,656,15
338,1093,17
338,1251,19
338,1581,11
338,1801,28
338,1811,16
338,1891,10
338,2288,10
338,4084,11
338,4085,11
338,4741,15
338,4762,14
338,6760,11
338,6762,11
341,23,13
341,68,12
341,351,11
341,352,11
343,23,40
343,278,19
343,351,41
343,352,39
343,353,10
343,957,14
343,1093,11
343,1811,10
343,1904,11
343,1938,10
343,2102,14
345,23,30
345,31,10
345,58,19
345,68,28
345,245,16
345,351,35
345,352,23
345,379,11
345,533,17
345,644,11
345,1093,12
345,1801,18
345,1811,15
345,4084,10
345,4085,10
345,4741,13
345,5974,11
345,6269,13
345,6760,11
350,23,10
350,99,14
350,235,25
350,236,25
350,278,11
350,375,10
351,4,10
351,5,21
351,15,20
351,23,593
351,30,34
351,31,54
351,34,42
351,35,159
351,36,144
351,43,13
351,54,10
351,55,33
351,58,231
351,68,137
351,73,21
351,77,14
351,87,34
351,96,11
351,105,46
351,110,13
351,112,18
351,115,11
351,118,27
351,119,27
351,122,43
351,127,21
351,128,16
351,136,44
351,137,107
351,155,21
351,168,11
351,185,11
351,186,11
351,202,43
351,207,17
351,228,15
351,229,30
351,230,14
351,238,23
351,245,206
351,251,38
351,253,27
351,278,435
351,281,18
351,288,12
351,295,22
351,297,81
351,309,16
351,351,191
351,352,569
351,353,158
351,354,16
351,375,51
351,376,56
351,379,21
351,409,10
351,416,41
351,428,13
351,437,19
351,443,15
351,446,10
351,456,12
351,459,17
351,469,20
351,475,17
351,479,12
351,508,38
351,509,34
351,512,12
351,517,11
351,522,11
351,533,149
351,534,13
351,535,10
351,544,19
351,568,16
351,581,18
351,597,16
351,604,18
351,608,10
351,624,10
351,626,12
351,644,318
351,646,14
351,673,10
351,726,18
351,753,10
351,762,14
351,765,23
351,766,18
351,799,10
351,803,106
351,808,73
351,853,13
351,858,12
351,931,10
351,932,10
351,957,218
351,963,19
351,987,23
351,998,21
351,1093,158
351,1163,19
351,1211,17
351,1251,194
351,1252,181
351,1293,10
351,1355,21
351,1356,14
351,1419,15
351,1429,14
351,1447,11
351,1489,17
351,1492,19
351,1498,16
351,1511,17
351,1513,11
351,1525,13
351,1581,128
351,1582,10
351,1589,156
351,1599,31
351,1601,31
351,1610,15
351,1619,25
351,1645,11
351,1649,10
351,1688,21
351,1701,31
351,1716,12
351,1730,17
351,1731,12
351,1732,48
351,1792,14
351,1799,123
351,1801,576
351,1804,19
351,1805,44
351,1809,17
351,1811,105
351,1812,53
351,1813,76
351,1814,101
351,1815,20
351,1816,13
351,1824,14
351,1828,21
351,1831,12
351,1832,10
351,1833,85
351,1845,12
351,1846,13
351,1855,14
351,1872,10
351,1877,17
351,1878,20
351,1879,38
351,1880,10
351,1881,10
351,1889,20
351,1891,61
351,1892,46
351,1893,46
351,1894,55
351,1895,11
351,1904,111
351,1916,18
351,1936,14
351,1938,145
351,1950,10
351,1960,20
351,1967,17
351,1973,11
351,2027,37
351,2032,20
351,2039,12
351,2040,12
351,2041,13
351,2051,12
351,2062,11
351,2065,24
351,2068,94
351,2070,10
351,2074,13
351,2075,10
351,2076,13
351,2089,11
351,2099,44
351,2100,47
351,2102,39
351,2104,21
351,2129,10
351,2144,10
351,2166,10
351,2167,19
351,2171,10
351,2174,10
351,2195,10
351,2239,15
351,2245,11
351,2246,28
351,2247,16
351,2311,12
351,2313,15
351,2316,24
351,2319,10
351,2371,12
351,2380,12
351,2384,12
351,2432,18
351,2436,12
351,2583,10
351,2680,25
351,2681,12
351,2689,12
351,2696,18
351,2753,15
351,2823,10
351,2839,10
351,2844,22
351,2846,13
351,2859,17
351,2928,16
351,2947,10
351,2961,18
351,2981,10
351,2992,13
351,3047,13
351,3138,11
351,3500,12
351,3552,12
351,3690,12
351,3711,20
351,3873,14
351,3965,10
351,4110,10
351,4113,25
351,4187,16
351,4194,26
351,4195,18
351,4220,12
351,4225,11
351,4233,18
351,4247,10
351,4296,10
351,4323,15
351,4330,15
351,4388,10
351,4396,10
351,4413,10
351,4471,14
351,4497,11
351,4740,12
351,4920,11
351,6269,13
351,6760,11
352,23,558
352,30,35
352,35,147
352,36,137
352,43,12
352,55,30
352,58,214
352,68,118
352,73,20
352,74,51
352,77,14
352,87,34
352,94,10
352,96,11
352,99,50
352,105,42
352,110,13
352,112,18
352,115,11
352,118,27
352,119,26
352,122,38
352,127,14
352,128,13
352,136,37
352,137,106
352,155,17
352,168,11
352,185,10
352,186,12
352,202,40
352,207,14
352,228,12
352,229,28
352,230,15
352,235,94
352,236,98
352,238,21
352,245,196
352,249,17
352,251,32
352,253,25
352,276,14
352,278,411
352,288,11
352,295,19
352,297,75
352,309,15
352,352,167
352,353,154
352,354,15
352,375,52
352,376,57
352,379,19
352,416,35
352,428,12
352,437,19
352,443,15
352,456,11
352,459,16
352,469,19
352,475,16
352,479,13
352,508,35
352,509,32
352,512,11
352,522,11
352,533,138
352,534,12
352,544,17
352,568,11
352,581,17
352,597,13
352,604,18
352,608,11
352,626,11
352,644,302
352,646,10
352,656,19
352,726,18
352,753,10
352,762,13
352,765,24
352,766,18
352,803,100
352,808,67
352,811,15
352,853,13
352,858,12
352,867,10
352,931,10
352,932,10
352,951,450
352,957,201
352,963,19
352,987,20
352,998,20
352,1093,141
352,1163,18
352,1211,16
352,1251,181
352,1252,172
352,1293,10
352,1355,20
352,1356,14
352,1419,16
352,1429,13
352,1447,10
352,1489,14
352,1492,20
352,1498,17
352,1511,16
352,1513,11
352,1525,13
352,1581,120
352,1582,10
352,1589,151
352,1599,30
352,1601,33
352,1610,14
352,1619,23
352,1649,10
352,1688,21
352,1701,31
352,1716,10
352,1730,16
352,1731,12
352,1732,45
352,1792,11
352,1799,119
352,1801,553
352,1804,19
352,1805,43
352,1809,18
352,1811,103
352,1812,52
352,1813,74
352,1814,100
352,1815,20
352,1816,14
352,1824,14
352,1828,20
352,1831,12
352,1832,11
352,1833,80
352,1845,12
352,1846,12
352,1851,21
352,1855,15
352,1872,11
352,1877,15
352,1878,17
352,1879,35
352,1880,10
352,1881,10
352,1889,16
352,1891,53
352,1892,42
352,1893,42
352,1894,50
352,1895,12
352,1904,107
352,1916,18
352,1936,14
352,1938,134
352,1960,19
352,1967,14
352,1973,12
352,2027,34
352,2032,18
352,2039,12
352,2040,12
352,2041,12
352,2051,11
352,2062,10
352,2065,23
352,2068,88
352,2074,12
352,2076,11
352,2089,11
352,2090,11
352,2099,42
352,2100,43
352,2102,38
352,2104,21
352,2129,10
352,2144,10
352,2167,17
352,2171,10
352,2174,10
352,2239,14
352,2245,10
352,2246,26
352,2247,16
352,2311,11
352,2313,13
352,2316,23
352,2319,10
352,2371,10
352,2380,12
352,2384,12
352,2432,17
352,2583,10
352,2680,25
352,2689,12
352,2696,14
352,2741,12
352,2753,14
352,2844,23
352,2846,11
352,2859,16
352,2961,17
352,2981,11
352,2992,13
352,3047,12
352,3138,11
352,3500,10
352,3552,11
352,3690,11
352,3711,18
352,3873,11
352,4084,10
352,4113,24
352,4187,12
352,4194,22
352,4195,17
352,4220,12
352,4233,16
352,4323,11
352,4330,14
352,4471,14
352,4617,10
352,6269,13
352,6760,11
353,7,24
353,30,11
353,31,12
353,55,13
353,58,56
353,74,12
353,87,12
353,118,10
353,122,10
353,137,15
353,297,23
353,353,12
353,375,14
353,376,18
353,533,35
353,644,78
353,808,26
353,951,122
353,957,48
353,1093,36
353,1251,49
353,1589,37
353,1601,16
353,1732,14
353,1799,30
353,1801,155
353,1805,13
353,1833,21
353,1891,19
353,1892,15
353,1894,13
353,1904,27
353,1938,46
353,2032,10
353,2859,10
354,951,10
354,1801,21
355,359,11
355,2861,10
358,245,10
360,30,30
360,98,11
360,99,60
360,111,18
360,122,25
360,154,11
360,215,10
360,235,45
360,236,50
360,253,13
360,275,23
360,278,10
360,295,10
360,309,14
360,322,23
360,364,21
360,365,10
360,375,20
360,376,12
360,533,18
360,617,12
360,1102,17
360,1488,10
360,1489,22
360,2819,16
364,30,33
364,58,10
364,92,12
364,99,57
364,118,12
364,122,34
364,140,11
364,175,15
364,190,11
364,191,12
364,229,11
364,235,46
364,236,45
364,275,12
364,364,16
364,375,36
364,376,17
364,520,12
364,617,16
364,1015,10
364,1153,10
365,31,19
365,74,31
365,85,13
365,87,13
365,92,33
365,98,12
365,105,17
365,106,13
365,107,14
365,108,12
365,109,16
365,111,17
365,115,16
365,116,17
365,117,12
365,119,18
365,184,20
365,200,15
365,235,19
365,236,19
365,245,23
365,251,12
365,275,14
365,297,56
365,305,19
365,309,12
365,313,55
365,365,43
365,366,27
365,370,14
365,376,16
365,408,10
365,437,43
365,458,13
365,499,13
365,525,19
365,533,17
365,1210,26
365,1270,22
365,1293,14
365,1411,12
365,1604,23
365,3604,25
365,4432,10
365,5129,21
365,5847,17
365,5848,20
365,5920,13
365,5926,11
365,5927,122
365,5939,12
365,6122,18
365,6123,10
366,92,10
366,118,12
366,119,13
366,1210,10
369,235,14
369,236,13
370,68,15
370,109,24
370,145,24
370,235,37
370,236,36
370,278,11
370,370,16
370,437,11
370,525,11
370,528,11
370,531,10
370,605,13
370,611,20
370,617,15
370,823,11
370,2830,14
370,4741,10
370,7788,16
370,7789,19
371,235,15
371,236,15
371,533,24
373,31,10
373,235,40
373,236,40
373,375,10
373,376,13
375,7,66
375,30,40
375,31,41
375,34,23
375,38,12
375,57,54
375,58,37
375,86,15
375,92,41
375,96,12
375,99,122
375,105,16
375,111,16
375,127,23
375,136,21
375,146,14
375,153,11
375,154,16
375,167,10
375,197,17
375,202,30
375,204,36
375,229,27
375,235,246
375,236,244
375,245,122
375,247,10
375,249,15
375,251,32
375,253,41
375,254,18
375,276,19
375,288,27
375,295,29
375,322,23
375,375,45
375,376,71
375,382,15
375,407,11
375,409,10
375,410,14
375,416,24
375,419,11
375,437,33
375,443,10
375,493,13
375,494,10
375,499,15
375,502,12
375,503,16
375,505,10
375,508,47
375,509,19
375,512,12
375,513,10
375,514,14
375,515,24
375,517,16
375,522,29
375,525,18
375,528,10
375,533,95
375,535,13
375,581,18
375,604,33
375,605,23
375,617,10
375,624,10
375,627,12
375,646,11
375,803,14
375,808,23
375,811,19
375,951,74
375,953,11
375,957,44
375,998,17
375,1093,39
375,1210,12
375,1285,11
375,1314,13
375,1355,31
375,1456,12
375,1489,26
375,1492,11
375,1493,14
375,1498,10
375,1510,10
375,1511,12
375,1523,17
375,1525,11
375,1581,36
375,1589,49
375,1601,19
375,1619,16
375,1799,29
375,1811,29
375,1812,20
375,1813,18
375,1814,19
375,1893,25
375,2099,11
375,2100,12
375,2167,12
375,2816,12
375,2817,11
375,3099,10
375,3104,13
375,3270,12
375,3833,13
375,3889,15
375,4741,16
375,5192,14
375,5709,12
375,6398,11
375,6400,11
375,6573,10
376,7,51
376,30,17
376,31,39
376,34,12
376,55,11
376,57,76
376,58,44
376,91,11
376,92,29
376,99,75
376,103,10
376,105,22
376,111,10
376,127,11
376,136,18
376,146,10
376,175,26
376,185,10
376,202,10
376,204,14
376,229,16
376,235,140
376,236,141
376,245,78
376,251,12
376,253,28
376,254,11
376,278,87
376,295,17
376,376,21
376,382,16
376,398,11
376,407,10
376,438,10
376,508,16
376,525,16
376,533,61
376,535,10
376,624,12
376,626,12
376,803,22
376,1188,17
376,1210,24
376,1244,11
376,1356,11
376,1372,14
376,1467,11
376,1489,17
376,1492,15
376,1511,14
376,1589,41
376,1591,13
376,1599,30
376,1601,31
376,1619,19
376,1799,28
376,1805,13
376,1812,24
376,1851,12
376,1852,10
376,1853,10
376,1879,12
376,1886,12
376,1904,29
376,2008,10
376,2288,13
376,2677,10
376,3889,21
376,8301,18
379,30,11
379,31,36
379,35,40
379,36,42
379,68,128
379,74,21
379,105,10
379,128,21
379,133,12
379,136,34
379,139,12
379,218,19
379,235,36
379,236,32
379,245,64
379,278,66
379,295,26
379,379,23
379,438,11
379,525,17
379,533,48
379,617,23
379,624,19
379,646,14
379,656,13
379,765,21
379,769,16
379,797,17
379,814,10
379,820,10
379,832,20
379,841,10
379,853,13
379,951,28
379,957,11
379,1035,10
379,1093,25
379,1220,13
379,1950,11
379,3324,10
379,3400,23
379,4617,24
379,5859,17
379,5972,10
379,5973,21
379,6435,21
379,6762,21
379,6776,15
379,6784,20
379,6786,24
379,6921,19
379,6924,10
379,6941,13
379,6960,12
379,6977,10
379,6991,13
379,6995,16
379,6996,16
380,235,10
380,236,10
382,7,12
382,57,15
382,68,11
382,202,10
382,235,70
382,236,69
382,253,20
382,278,15
382,288,10
382,295,12
382,309,16
382,444,12
382,446,11
382,535,10
382,823,12
382,998,10
382,1188,18
382,3711,11
383,31,11
383,99,14
383,122,21
383,235,38
383,236,38
383,533,17
385,235,12
385,236,12
386,235,13
386,236,13
387,235,20
387,236,20
387,278,13
388,235,22
388,236,22
388,278,11
397,12,25
397,74,13
397,85,23
397,146,12
397,154,29
397,204,22
397,238,11
397,245,24
397,278,17
397,295,25
397,397,36
397,407,26
397,416,10
397,419,11
397,471,44
397,475,18
397,508,17
397,522,17
397,525,14
397,533,141
397,581,15
397,605,25
397,654,10
397,789,82
397,792,10
397,836,17
397,961,27
397,964,18
397,1004,24
397,1049,29
397,1117,26
397,1152,19
397,1277,20
397,1283,13
397,1355,19
397,1510,18
397,1589,76
397,2125,16
397,3280,72
397,3324,30
397,3410,17
397,3458,14
397,3873,33
397,4803,12
397,5140,10
397,5168,28
397,5265,21
397,6340,20
397,7813,32
397,8128,40
397,8129,36
397,10087,16
397,10274,36
398,12,15
398,74,14
398,87,24
398,109,22
398,185,10
398,186,11
398,199,11
398,253,15
398,401,11
398,416,13
398,428,10
398,475,46
398,508,21
398,522,14
398,525,12
398,533,49
398,605,11
398,644,18
398,1270,11
398,1277,10
398,1801,20
398,3711,17
398,4741,18
398,4796,30
401,57,14
401,74,15
401,251,13
401,253,11
401,522,10
401,644,11
401,1811,11
404,7,79
404,23,24
404,34,12
404,35,17
404,36,18
404,57,29
404,58,16
404,68,71
404,99,14
404,109,23
404,114,12
404,127,10
404,128,12
404,132,16
404,136,40
404,137,10
404,145,18
404,218,12
404,220,12
404,245,42
404,253,10
404,275,12
404,281,12
404,295,18
404,351,29
404,352,27
404,353,11
404,404,15
404,568,11
404,599,15
404,605,20
404,624,12
404,644,24
404,761,11
404,765,13
404,787,12
404,802,11
404,803,18
404,811,42
404,823,19
404,858,11
404,1040,14
404,1102,19
404,1251,16
404,1755,18
404,1763,15
404,1801,23
404,3503,14
404,3512,11
404,3525,11
404,4796,22
404,4799,30
404,5097,14
407,7,36
407,74,22
407,81,16
407,87,16
407,146,13
407,154,18
407,175,10
407,185,16
407,253,15
407,275,17
407,278,15
407,288,13
407,295,26
407,322,28
407,416,21
407,419,12
407,437,10
407,444,11
407,475,64
407,479,10
407,522,26
407,524,18
407,533,84
407,570,22
407,573,11
407,581,10
407,611,12
407,761,11
407,789,29
407,803,20
407,957,16
407,1132,20
407,1188,27
407,1355,18
407,1589,21
407,1871,15
407,2288,22
407,3280,19
407,3363,13
407,3752,10
407,3873,16
407,4741,11
407,6289,10
408,7,13
408,74,21
408,99,28
408,105,12
408,175,10
408,184,10
408,253,10
408,360,10
408,437,11
408,475,15
408,533,29
408,617,13
408,4740,15
408,4741,14
408,4780,13
409,85,11
409,87,10
409,127,14
409,145,13
409,253,16
409,416,17
409,437,11
409,533,54
409,570,21
409,583,11
409,604,13
409,644,36
409,811,11
409,1355,10
409,1489,13
409,3555,13
409,4780,13
409,4796,17
410,245,23
410,253,16
410,437,11
410,4799,11
414,57,10
414,68,17
414,109,12
414,122,11
416,7,62
416,34,24
416,74,39
416,78,13
416,81,20
416,85,14
416,87,53
416,92,12
416,94,11
416,98,19
416,105,12
416,109,40
416,127,25
416,154,15
416,175,16
416,186,16
416,189,11
416,204,49
416,215,10
416,229,11
416,245,139
416,251,73
416,254,15
416,256,10
416,275,16
416,276,13
416,288,19
416,299,14
416,300,25
416,322,23
416,353,10
416,376,20
416,379,12
416,382,10
416,416,50
416,419,32
416,420,26
416,423,14
416,428,18
416,437,18
416,438,10
416,443,20
416,444,32
416,445,13
416,446,17
416,448,36
416,463,13
416,474,15
416,479,37
416,503,14
416,508,34
416,525,32
416,533,190
416,534,14
416,535,41
416,568,19
416,583,19
416,604,20
416,622,10
416,624,17
416,644,36
416,765,13
416,781,14
416,792,13
416,808,22
416,811,33
416,836,49
416,963,17
416,971,30
416,987,36
416,1004,12
416,1117,34
416,1152,10
416,1187,14
416,1302,11
416,1355,37
416,1372,12
416,1415,11
416,1441,11
416,1444,11
416,1453,10
416,1489,11
416,1510,19
416,1581,20
416,1589,23
416,2099,19
416,2100,13
416,2167,16
416,2288,65
416,2334,21
416,2339,12
416,2844,11
416,2904,11
416,2959,10
416,2961,20
416,3204,12
416,3324,25
416,3711,19
416,3835,17
416,3840,12
416,3873,14
416,4145,10
416,4233,14
416,4388,10
416,4740,22
416,4799,16
416,5849,18
416,5951,29
416,5991,16
416,6111,13
416,6289,23
416,6311,10
416,6398,22
416,6400,15
416,7251,10
416,8835,43
416,9633,23
416,10171,18
419,7,39
419,68,29
419,81,14
419,85,25
419,99,31
419,127,12
419,154,10
419,186,12
419,322,19
419,423,12
419,508,17
419,525,12
419,533,65
419,604,12
419,605,10
419,644,24
419,646,10
419,751,28
419,811,10
419,814,13
419,957,42
419,1102,24
419,1489,10
419,1510,14
419,3101,17
419,3327,37
419,3363,38
419,3711,13
419,3759,12
419,4629,28
419,4720,24
419,4796,23
419,4919,38
419,6201,24
419,6340,23
419,7125,11
419,8129,12
419,8130,14
419,8131,12
420,68,10
420,484,12
420,836,15
420,4723,12
423,7,42
423,35,11
423,36,16
423,74,18
423,87,12
423,122,25
423,127,12
423,145,11
423,278,22
423,295,13
423,379,15
423,437,10
423,508,23
423,522,10
423,524,10
423,525,15
423,535,15
423,568,18
423,605,10
423,626,10
423,656,10
423,660,10
423,811,20
423,951,13
423,1004,10
423,1093,10
423,1102,11
423,1152,12
423,1188,13
423,1355,10
425,7,15
425,99,16
425,122,20
425,127,12
425,204,11
425,533,12
428,7,46
428,58,18
428,74,23
428,87,11
428,92,10
428,99,73
428,105,12
428,127,15
428,136,11
428,154,13
428,295,27
428,322,21
428,375,25
428,376,13
428,428,11
428,437,11
428,446,11
428,448,16
428,458,20
428,469,15
428,475,36
428,479,15
428,522,14
428,525,19
428,583,10
428,597,11
428,611,10
428,660,12
428,811,10
428,823,11
428,953,12
428,987,24
428,1004,12
428,1152,13
428,1211,12
428,1251,12
428,1264,15
428,1313,10
428,1361,12
428,1489,11
428,1581,12
428,1684,15
428,1746,10
428,1801,31
428,2670,12
428,3138,14
428,3331,10
428,5168,20
432,74,16
432,85,17
432,449,11
432,463,14
433,74,23
433,122,16
433,437,12
433,444,11
433,446,16
433,448,11
433,535,13
433,1915,10
437,7,43
437,12,12
437,30,34
437,34,23
437,35,50
437,36,52
437,58,15
437,86,25
437,91,11
437,94,12
437,96,11
437,98,28
437,103,11
437,106,13
437,107,11
437,108,23
437,110,17
437,118,11
437,119,13
437,127,23
437,140,10
437,153,21
437,154,33
437,175,25
437,197,13
437,199,12
437,215,13
437,216,10
437,229,21
437,235,108
437,242,10
437,251,29
437,281,14
437,288,24
437,289,16
437,295,33
437,305,10
437,309,34
437,360,18
437,366,10
437,376,28
437,382,11
437,398,20
437,437,37
437,443,10
437,444,11
437,446,24
437,448,13
437,458,14
437,459,14
437,477,21
437,508,26
437,509,25
437,522,32
437,524,11
437,533,109
437,534,11
437,535,22
437,581,12
437,765,14
437,814,32
437,823,25
437,867,11
437,957,41
437,987,13
437,1004,14
437,1093,29
437,1102,33
437,1211,16
437,1355,22
437,1441,10
437,1456,12
437,1619,10
437,1701,16
437,1805,18
437,1811,38
437,1812,20
437,1813,10
437,1814,14
437,1871,19
437,1891,15
437,1893,13
437,1895,10
437,1929,10
437,2076,11
437,2133,10
437,2166,13
437,2288,13
437,3555,10
437,3669,10
437,3711,13
437,3889,10
437,5301,10
437,5514,10
437,5927,27
437,5951,14
437,6023,12
437,6494,11
438,7,26
438,30,15
438,136,12
438,145,11
438,204,13
438,235,81
438,236,82
438,295,10
438,375,18
438,479,19
438,515,16
438,656,10
438,1102,11
438,3889,11
440,99,12
440,235,18
440,236,18
441,7,13
441,39,10
441,68,20
441,122,30
441,127,17
441,235,16
441,236,16
441,644,11
441,646,10
441,656,10
441,2288,11
443,35,21
443,36,22
443,109,15
443,122,11
443,235,48
443,236,48
443,245,48
443,251,20
443,309,22
443,444,23
443,446,13
443,533,43
443,765,12
443,1251,11
443,1510,11
443,2288,16
443,5927,18
443,5951,18
444,7,42
444,31,22
444,81,10
444,98,10
444,105,11
444,122,103
444,145,11
444,153,10
444,154,23
444,175,10
444,186,17
444,193,10
444,204,27
444,235,141
444,236,143
444,276,17
444,288,14
444,295,17
444,309,29
444,397,35
444,444,27
444,445,67
444,446,37
444,448,71
444,449,14
444,479,20
444,503,10
444,508,18
444,525,26
444,533,145
444,570,19
444,581,31
444,617,15
444,622,12
444,624,18
444,803,17
444,811,22
444,823,52
444,964,19
444,987,28
444,1113,12
444,1132,44
444,1152,15
444,1270,32
444,1277,12
444,1355,12
444,1478,11
444,1510,17
444,1589,43
444,1645,17
444,1725,14
444,2339,12
444,3196,11
444,3324,46
444,3560,10
444,3748,13
444,3784,11
444,4799,12
444,4803,15
444,5129,30
444,5168,24
444,5927,17
444,5951,52
444,5991,39
444,6111,27
444,6275,12
444,6289,30
444,7251,13
444,7813,12
444,9450,10
444,9633,55
444,10086,40
444,10087,15
444,10168,10
445,7,37
445,31,16
445,68,38
445,122,89
445,145,19
445,154,17
445,235,66
445,236,67
445,245,45
445,276,15
445,397,38
445,445,15
445,446,15
445,448,54
445,458,10
445,471,26
445,508,14
445,525,11
445,581,26
445,597,14
445,611,11
445,617,18
445,622,13
445,624,11
445,803,17
445,811,18
445,823,54
445,961,18
445,964,18
445,971,11
445,1132,48
445,1152,11
445,1277,13
445,1510,13
445,1589,47
445,1725,10
445,2125,13
445,2334,18
445,3196,10
445,3324,47
445,3560,11
445,3669,19
445,3748,14
445,3784,11
445,4799,16
445,4803,16
445,5168,27
445,5991,39
445,6111,28
445,6275,12
445,6289,37
445,7251,16
445,7813,13
445,9633,55
445,10086,44
445,10087,20
445,10088,12
445,10168,13
446,7,26
446,30,11
446,31,21
446,34,12
446,35,41
446,36,44
446,67,18
446,87,14
446,98,10
446,99,46
446,105,11
446,122,44
446,146,11
446,153,22
446,175,12
446,235,139
446,236,137
446,245,82
446,251,37
446,288,12
446,289,14
446,295,14
446,309,25
446,375,17
446,376,12
446,446,19
446,448,16
446,449,15
446,469,12
446,471,27
446,479,15
446,508,13
446,509,42
446,525,17
446,535,13
446,765,10
446,803,11
446,811,13
446,1314,10
446,1371,10
446,1478,12
446,1799,16
446,1805,10
446,1811,14
446,1812,14
446,1813,12
446,1851,14
446,1852,14
446,1853,14
446,1889,36
446,1938,33
446,2284,11
446,2287,12
446,2288,24
446,3324,11
446,4741,22
446,6398,14
446,6399,19
446,6400,22
448,7,47
448,68,40
448,91,10
448,122,103
448,147,12
448,153,13
448,154,29
448,288,11
448,295,21
448,309,19
448,397,29
448,407,11
448,448,22
448,458,20
448,471,21
448,479,17
448,508,27
448,525,28
448,533,118
448,597,12
448,622,14
448,624,21
448,792,13
448,823,33
448,961,10
448,964,11
448,987,44
448,1004,18
448,1132,35
448,1270,11
448,1277,13
448,1589,33
448,1645,14
448,1725,10
448,1767,10
448,2949,19
448,3236,15
448,3280,40
448,3671,10
448,3784,10
448,4799,15
448,5168,43
448,5927,29
448,6111,19
448,6275,12
448,6289,34
448,8635,18
448,9633,56
448,10086,39
448,10087,15
448,10088,10
449,7,34
449,31,27
449,57,12
449,122,50
449,278,15
449,295,21
449,309,12
449,515,15
449,605,17
449,803,14
449,4791,11
449,7125,25
449,8129,11
449,8130,14
449,8131,11
450,245,15
450,533,10
458,7,34
458,30,13
458,105,14
458,122,29
458,145,29
458,154,14
458,200,10
458,204,20
458,275,12
458,295,18
458,404,14
458,416,13
458,475,17
458,531,14
458,535,17
458,605,23
458,644,11
458,987,17
458,1102,15
458,1313,25
458,2288,44
458,3669,12
458,4796,15
458,4799,31
458,6340,10
458,8835,20
459,7,18
459,87,16
459,295,12
459,331,17
459,375,10
459,376,13
459,416,11
459,533,43
459,957,29
459,1093,16
459,1252,24
459,1938,12
459,5614,10
461,122,14
461,245,19
461,462,11
461,533,19
461,1959,11
462,99,12
462,122,14
462,245,22
462,533,24
462,1959,12
463,85,24
463,122,23
463,185,13
463,186,11
463,568,13
463,789,21
463,987,12
463,1113,14
463,1355,24
463,1510,10
463,2113,11
463,3759,14
463,4799,12
463,6340,34
464,122,13
464,245,21
464,475,14
464,533,21
465,99,13
465,122,15
466,7,14
466,30,46
466,34,26
466,37,27
466,39,36
466,74,14
466,86,17
466,98,26
466,99,99
466,118,15
466,137,24
466,138,24
466,139,11
466,140,14
466,148,47
466,151,16
466,156,14
466,175,19
466,186,25
466,204,16
466,254,10
466,278,21
466,309,21
466,375,13
466,466,12
466,469,13
466,507,10
466,554,10
466,617,25
466,814,16
466,827,10
466,867,15
466,953,11
466,957,13
466,998,14
468,190,15
468,191,15
469,7,32
469,30,43
469,31,27
469,37,19
469,38,12
469,39,14
469,68,27
469,78,14
469,86,15
469,98,32
469,118,29
469,119,17
469,140,12
469,175,24
469,186,14
469,190,18
469,191,18
469,202,16
469,204,23
469,229,17
469,245,54
469,251,14
469,253,25
469,275,17
469,278,25
469,288,17
469,289,10
469,360,13
469,375,42
469,376,26
469,416,12
469,437,29
469,438,15
469,469,15
469,475,19
469,479,24
469,502,14
469,508,23
469,514,10
469,515,19
469,517,17
469,522,10
469,525,18
469,533,43
469,604,12
469,998,13
469,1188,21
469,1211,20
469,1251,15
469,1355,19
469,1396,16
469,1581,13
469,1801,20
469,1811,16
469,1813,11
469,1814,11
469,1893,13
469,4741,13
471,73,10
471,146,11
471,154,18
471,186,14
471,245,44
471,278,13
471,444,31
471,471,20
471,524,12
471,525,12
471,570,23
471,581,11
471,605,21
471,811,12
471,953,16
471,961,22
471,1113,13
471,1510,10
471,2288,30
471,2334,15
471,3410,10
471,3673,17
471,3752,10
471,3828,10
471,3873,23
471,6111,10
471,6267,14
471,6997,11
471,7813,25
471,9633,15
471,10171,38
471,10274,17
472,186,16
472,475,22
472,477,15
472,508,14
472,535,12
472,761,12
472,814,63
472,823,72
472,957,27
472,1156,11
472,5927,35
474,7,29
474,30,15
474,38,12
474,148,10
474,153,14
474,155,12
474,175,10
474,186,13
474,190,11
474,191,11
474,202,14
474,245,45
474,251,12
474,278,31
474,428,11
474,437,14
474,477,10
474,479,13
474,535,13
474,611,12
474,644,14
474,836,15
474,987,20
474,1093,11
474,1117,17
474,2288,26
474,3669,10
474,5228,14
474,5927,13
474,8301,13
475,12,67
475,30,36
475,68,170
475,81,67
475,99,95
475,105,18
475,109,32
475,110,10
475,111,45
475,127,107
475,136,17
475,140,12
475,143,13
475,145,54
475,154,151
475,161,24
475,175,27
475,185,47
475,186,68
475,189,33
475,197,42
475,199,16
475,203,17
475,204,38
475,209,12
475,213,22
475,214,23
475,216,20
475,217,15
475,219,28
475,245,160
475,249,11
475,253,22
475,256,23
475,275,65
475,276,19
475,278,52
475,293,13
475,323,22
475,324,17
475,360,35
475,370,20
475,375,17
475,376,16
475,382,22
475,404,27
475,409,29
475,415,14
475,416,36
475,419,35
475,420,20
475,423,40
475,437,57
475,438,12
475,475,333
475,476,19
475,477,40
475,479,10
475,484,28
475,504,18
475,517,15
475,522,60
475,524,27
475,532,17
475,533,226
475,534,28
475,535,36
475,563,15
475,568,60
475,569,11
475,570,159
475,581,26
475,586,18
475,597,20
475,605,91
475,609,12
475,617,19
475,643,16
475,656,16
475,660,23
475,761,37
475,781,10
475,811,47
475,813,11
475,814,305
475,858,12
475,908,16
475,953,15
475,957,207
475,1004,24
475,1006,22
475,1040,15
475,1042,12
475,1093,20
475,1102,518
475,1113,11
475,1117,30
475,1122,27
475,1123,11
475,1150,19
475,1156,12
475,1168,14
475,1169,10
475,1171,17
475,1187,13
475,1188,86
475,1203,14
475,1253,11
475,1262,11
475,1290,26
475,1300,25
475,1302,10
475,1361,15
475,1396,12
475,1415,13
475,1416,11
475,1423,12
475,1443,15
475,1461,15
475,1488,37
475,1489,100
475,1550,11
475,1555,10
475,1558,10
475,1589,17
475,1681,12
475,1684,29
475,1715,14
475,1763,23
475,1871,42
475,1904,15
475,2076,11
475,2113,19
475,2234,10
475,2236,20
475,2253,12
475,2262,23
475,2371,90
475,2423,17
475,2436,27
475,2463,26
475,2649,13
475,2661,10
475,2814,10
475,2817,26
475,2819,65
475,2826,10
475,2872,11
475,2904,24
475,2921,10
475,2949,17
475,2961,26
475,2994,15
475,2996,21
475,3032,22
475,3038,42
475,3043,20
475,3049,15
475,3089,18
475,3115,37
475,3116,24
475,3179,10
475,3204,10
475,3213,11
475,3230,11
475,3238,20
475,3250,79
475,3264,23
475,3265,15
475,3327,28
475,3410,16
475,3473,10
475,3517,21
475,3537,24
475,3555,115
475,3584,14
475,3589,14
475,3607,11
475,3665,12
475,3669,24
475,3671,36
475,3675,11
475,3684,10
475,3694,11
475,3710,10
475,3723,16
475,3737,15
475,3747,18
475,3752,70
475,3755,19
475,3762,26
475,3801,16
475,3830,27
475,3844,12
475,3866,12
475,3872,11
475,3880,11
475,3881,16
475,3953,32
475,4629,14
475,4715,19
475,4723,32
475,4762,12
475,4780,105
475,4782,16
475,4784,20
475,4790,29
475,4796,532
475,4799,46
475,4803,25
475,4831,10
475,4867,14
475,4919,28
475,4923,10
475,4931,13
475,5002,13
475,5003,28
475,5007,10
475,5140,11
475,5145,13
475,5150,24
475,5205,12
475,5206,17
475,5222,16
475,5228,48
475,5253,13
475,5261,16
475,5293,10
475,5301,27
475,5366,51
475,5368,12
475,5419,21
475,5737,19
475,5864,13
475,5902,22
475,5927,40
475,5945,25
475,5962,10
475,6289,17
475,6420,10
475,6435,12
475,6494,31
475,6572,21
475,6607,13
475,6784,12
475,6786,11
475,6895,12
475,7740,10
475,7839,16
475,8096,12
475,8446,21
475,8572,71
475,8613,12
475,8614,12
475,8621,10
475,8623,98
475,8625,57
475,8626,14
475,8628,56
475,8629,39
475,8630,42
475,8631,46
475,8632,40
475,8633,31
475,8634,36
475,8635,45
475,8669,13
475,8696,13
475,8704,10
475,8723,12
475,8734,58
475,8738,10
475,8785,14
475,8786,42
475,8787,42
475,8792,13
475,8794,22
475,8795,11
475,8796,21
475,8802,19
475,8809,18
475,8810,16
475,8828,13
475,8829,12
475,8830,12
475,8831,12
475,8834,13
475,8847,16
475,8880,15
475,8888,12
475,8922,24
476,35,14
476,36,11
476,68,22
476,186,14
476,379,11
476,477,18
476,508,11
476,566,14
476,611,15
476,761,11
476,803,28
476,1589,10
476,5859,26
476,6764,12
476,6793,10
476,7125,19
477,7,27
477,30,12
477,36,11
477,136,19
477,175,13
477,186,25
477,190,11
477,191,11
477,202,10
477,218,12
477,263,10
477,278,20
477,375,16
477,376,12
477,449,11
477,525,16
477,533,36
477,604,11
477,617,10
477,761,19
477,810,10
477,814,59
477,823,58
477,1102,30
477,1188,15
477,1367,10
477,1525,10
477,1763,13
477,2696,14
477,3115,20
477,4790,10
477,5003,11
477,5366,11
477,6435,12
477,6921,11
477,8572,12
477,8629,14
477,8630,20
477,8631,20
477,8632,16
477,8802,10
479,12,17
479,31,35
479,34,20
479,68,49
479,81,12
479,87,12
479,99,47
479,119,11
479,127,10
479,153,17
479,186,22
479,189,11
479,197,10
479,202,15
479,204,36
479,245,86
479,251,29
479,254,10
479,275,30
479,289,14
479,364,13
479,375,42
479,376,20
479,479,10
479,499,14
479,503,16
479,508,35
479,515,20
479,522,18
479,525,19
479,568,10
479,597,13
479,624,10
479,656,10
479,811,16
479,971,11
479,987,22
479,1117,13
479,1188,21
479,1725,11
479,1732,11
479,2288,34
479,3324,11
479,4741,13
479,5228,11
479,7251,10
483,7,10
483,245,11
483,533,12
484,416,24
484,508,11
484,836,13
484,3711,14
485,987,10
488,148,13
489,23,11
489,251,13
489,278,12
489,351,11
491,7,15
491,238,10
491,278,10
491,295,10
491,533,12
491,1355,13
494,99,10
494,533,10
497,245,19
497,278,10
497,533,16
499,31,14
499,364,10
499,376,11
499,1270,10
499,5129,10
502,31,16
502,99,69
502,175,16
502,204,11
502,278,10
502,525,11
502,2288,12
503,74,12
503,99,26
503,204,19
503,295,11
503,508,11
503,525,19
503,1188,12
503,1270,11
503,1725,11
503,5129,11
503,8835,10
504,99,12
505,31,10
505,74,25
505,99,13
505,108,10
505,109,13
505,111,18
505,122,18
505,186,11
505,360,10
505,437,28
505,475,78
505,508,17
505,583,12
505,823,29
505,1488,10
505,1589,23
505,2371,13
505,2819,11
505,3555,17
505,4741,13
505,5192,18
505,7125,10
505,8623,12
505,8625,10
505,8628,10
506,99,11
506,245,11
506,533,11
507,7,10
507,31,10
507,34,10
507,99,30
507,508,10
507,803,11
507,814,12
507,823,14
507,5927,13
508,7,101
508,30,31
508,31,59
508,34,26
508,35,49
508,36,54
508,39,10
508,68,102
508,78,16
508,92,19
508,98,19
508,99,97
508,109,50
508,111,14
508,127,66
508,128,25
508,136,20
508,137,16
508,146,26
508,147,17
508,155,20
508,161,11
508,177,13
508,185,18
508,186,46
508,197,18
508,199,17
508,204,55
508,209,15
508,214,20
508,215,10
508,228,11
508,230,13
508,241,19
508,249,26
508,253,32
508,256,12
508,263,14
508,323,10
508,353,13
508,371,11
508,407,32
508,409,17
508,420,10
508,428,32
508,449,13
508,458,12
508,459,10
508,463,22
508,464,13
508,474,33
508,475,164
508,477,30
508,508,51
508,515,20
508,517,12
508,522,48
508,524,18
508,525,32
508,531,24
508,533,232
508,534,23
508,535,41
508,557,11
508,568,41
508,570,32
508,573,24
508,581,28
508,583,37
508,597,23
508,604,37
508,605,17
508,609,10
508,624,11
508,644,59
508,645,14
508,656,16
508,741,10
508,761,25
508,802,11
508,803,104
508,811,31
508,813,11
508,814,112
508,823,138
508,951,58
508,961,10
508,987,71
508,1093,26
508,1102,88
508,1113,15
508,1122,24
508,1168,11
508,1171,12
508,1188,72
508,1211,29
508,1251,33
508,1270,34
508,1372,12
508,1494,10
508,1498,20
508,1645,16
508,1672,10
508,1725,16
508,1730,13
508,1732,20
508,1767,11
508,1768,11
508,1805,16
508,1871,25
508,1891,16
508,1892,13
508,1893,14
508,1904,20
508,1938,18
508,2008,11
508,2068,25
508,2076,15
508,2371,29
508,2401,24
508,2436,18
508,2463,14
508,2657,12
508,2696,19
508,2741,14
508,2756,10
508,2817,21
508,2826,14
508,2842,18
508,2844,14
508,2904,18
508,2905,11
508,2926,10
508,2949,11
508,2982,13
508,2985,10
508,3022,10
508,3047,17
508,3116,10
508,3138,17
508,3193,10
508,3270,10
508,3280,12
508,3363,63
508,3473,10
508,3503,16
508,3555,27
508,3584,13
508,3669,24
508,3670,10
508,3671,14
508,3673,11
508,3711,43
508,3723,10
508,3762,12
508,3873,17
508,3876,16
508,3889,11
508,3953,10
508,4723,10
508,4740,24
508,4780,26
508,4796,93
508,4803,16
508,5129,32
508,5168,18
508,5419,10
508,5902,11
508,6267,27
508,7125,52
508,8629,19
508,8630,24
508,8631,29
508,8632,23
508,8635,25
508,8734,14
508,10171,14
509,7,25
509,31,14
509,34,31
509,35,71
509,36,69
509,74,28
509,99,40
509,137,14
509,148,15
509,199,12
509,253,14
509,289,10
509,297,16
509,353,10
509,376,11
509,416,22
509,509,19
509,522,11
509,533,39
509,673,13
509,765,14
509,803,11
509,951,149
509,957,27
509,987,10
509,1251,35
509,1252,38
509,1355,16
509,1356,12
509,1581,19
509,1801,63
509,1811,43
509,1812,16
509,1813,26
509,1814,32
509,1870,10
509,1871,13
509,1879,23
509,1904,13
509,2099,18
509,2166,14
509,2167,14
509,2287,10
509,2288,11
509,4194,10
509,4741,23
509,5658,11
509,5927,26
509,6400,37
512,99,20
512,122,12
512,533,26
512,1270,11
512,5129,12
513,7,20
513,31,12
513,99,12
513,245,15
513,533,30
514,99,25
514,533,16
515,30,12
515,31,22
515,68,19
515,74,23
515,99,42
515,103,10
515,122,37
515,245,38
515,376,11
515,525,11
515,533,32
515,3889,11
517,30,32
517,31,25
517,37,10
517,38,10
517,98,20
517,99,59
517,122,62
517,128,17
517,131,16
517,136,13
517,137,11
517,175,12
517,190,10
517,295,12
517,322,23
517,428,10
517,466,13
517,522,11
517,533,23
517,617,14
517,829,14
517,951,21
517,953,10
517,1093,14
517,1124,18
517,1355,15
519,99,11
520,30,13
520,99,23
520,122,10
521,68,10
521,533,17
522,7,52
522,30,20
522,35,32
522,36,23
522,39,11
522,74,34
522,87,20
522,98,25
522,99,109
522,103,24
522,122,143
522,127,36
522,136,22
522,137,16
522,146,18
522,153,15
522,154,34
522,175,23
522,177,10
522,189,11
522,215,10
522,229,10
522,276,10
522,289,27
522,295,31
522,309,15
522,322,28
522,376,15
522,382,13
522,409,11
522,416,12
522,444,36
522,445,24
522,446,20
522,448,27
522,471,11
522,477,14
522,522,21
522,525,19
522,533,138
522,534,18
522,535,31
522,557,10
522,604,26
522,646,10
522,803,35
522,823,60
522,836,10
522,987,24
522,1132,23
522,1163,11
522,1188,28
522,1226,21
522,1240,14
522,1417,19
522,1443,11
522,1525,10
522,1581,12
522,1601,13
522,1684,20
522,1701,10
522,1811,15
522,1814,12
522,1833,13
522,1891,16
522,1892,15
522,1895,13
522,1904,16
522,2288,53
522,2676,11
522,2949,12
522,3280,16
522,3555,10
522,3560,10
522,3702,11
522,3873,30
522,3876,12
522,3889,11
522,5168,29
522,5951,11
522,5991,16
522,8635,15
522,8835,33
522,9297,12
522,10171,24
524,7,137
524,105,20
524,122,68
524,127,13
524,181,11
524,182,10
524,186,17
524,220,13
524,238,12
524,245,62
524,295,34
524,397,50
524,419,19
524,432,16
524,449,12
524,458,13
524,463,32
524,524,56
524,525,20
524,531,24
524,533,109
524,534,18
524,535,28
524,568,26
524,581,13
524,583,23
524,751,12
524,761,18
524,803,52
524,811,12
524,814,14
524,957,16
524,1050,11
524,1117,16
524,1152,17
524,1265,13
524,1277,10
524,1283,11
524,1307,13
524,1386,10
524,1490,26
524,2436,12
524,2696,25
524,2808,12
524,2915,10
524,3004,17
524,3101,11
524,3242,12
524,3324,10
524,3327,28
524,3331,12
524,3344,22
524,3363,15
524,3410,35
524,3458,11
524,3711,20
524,3759,71
524,3807,10
524,3828,13
524,3875,13
524,4629,13
524,4741,37
524,4799,14
524,4919,23
524,5140,17
524,5228,18
524,5248,10
524,5416,15
524,6267,48
524,7125,71
524,7860,15
524,8039,18
524,8128,37
524,8129,39
524,8130,41
524,8131,25
524,8229,11
525,12,27
525,30,18
525,35,15
525,36,25
525,57,10
525,67,12
525,68,87
525,74,54
525,80,10
525,81,15
525,85,18
525,86,17
525,91,15
525,98,24
525,108,13
525,109,14
525,111,12
525,122,80
525,127,27
525,128,14
525,147,12
525,153,22
525,161,17
525,175,21
525,185,15
525,186,12
525,189,13
525,200,17
525,215,11
525,254,15
525,261,11
525,276,13
525,295,38
525,309,24
525,313,11
525,322,26
525,382,20
525,404,12
525,407,15
525,433,10
525,437,39
525,458,22
525,459,15
525,463,11
525,475,42
525,525,15
525,531,19
525,533,174
525,534,20
525,535,52
525,544,10
525,566,11
525,573,11
525,581,21
525,624,15
525,644,30
525,811,26
525,814,28
525,823,24
525,867,13
525,928,14
525,951,12
525,961,11
525,987,19
525,1113,11
525,1132,10
525,1211,16
525,1270,41
525,1277,13
525,1302,11
525,1367,12
525,1440,11
525,1498,10
525,1601,20
525,1645,19
525,1673,12
525,1746,10
525,1871,16
525,2125,16
525,2949,11
525,3022,10
525,3145,11
525,3275,12
525,3669,28
525,3711,21
525,4796,27
525,4919,10
525,5129,40
525,5168,11
525,5927,31
525,6001,11
525,8130,14
525,8131,12
527,122,10
527,533,18
528,36,17
528,68,30
528,122,18
528,137,15
528,186,12
528,416,13
528,459,10
528,475,24
528,533,24
528,534,19
528,535,16
528,568,29
528,811,11
528,957,15
528,1355,10
528,5228,22
528,6318,21
528,7740,14
531,7,40
531,36,15
531,74,11
531,78,10
531,122,18
531,245,46
531,278,21
531,531,13
531,533,77
531,535,46
531,789,11
531,814,12
531,987,12
531,1801,12
531,1915,14
531,3324,10
531,4282,10
531,4919,16
531,5927,18
531,5951,10
531,6210,10
531,7125,13
532,127,11
532,235,21
532,236,21
532,245,12
532,533,48
532,535,19
532,1102,16
532,3238,14
532,4796,15
533,29,12
533,30,58
533,37,11
533,54,11
533,59,13
533,74,242
533,82,24
533,83,29
533,85,100
533,86,94
533,87,205
533,92,82
533,98,62
533,102,44
533,106,14
533,108,38
533,109,232
533,110,10
533,122,532
533,127,163
533,133,15
533,137,61
533,138,14
533,143,13
533,145,211
533,148,13
533,151,44
533,153,101
533,154,161
533,155,60
533,158,31
533,161,62
533,175,74
533,177,32
533,178,14
533,183,25
533,184,14
533,185,73
533,186,131
533,187,13
533,189,39
533,193,36
533,195,10
533,200,57
533,203,11
533,208,10
533,209,20
533,212,10
533,213,29
533,214,22
533,215,40
533,217,10
533,220,22
533,238,52
533,241,30
533,243,11
533,245,1024
533,247,25
533,253,176
533,256,24
533,263,32
533,271,48
533,275,96
533,276,68
533,281,26
533,289,85
533,296,11
533,297,41
533,299,21
533,300,67
533,309,74
533,313,10
533,320,12
533,321,10
533,331,80
533,338,35
533,343,13
533,358,11
533,370,52
533,373,17
533,382,30
533,401,24
533,404,37
533,410,19
533,414,32
533,420,17
533,423,52
533,428,77
533,432,38
533,433,24
533,438,40
533,441,24
533,445,106
533,446,67
533,447,13
533,449,48
533,458,82
533,463,66
533,471,103
533,474,96
533,476,61
533,479,107
533,484,30
533,485,21
533,502,31
533,503,60
533,504,10
533,505,40
533,507,12
533,533,686
533,534,105
533,535,285
533,542,14
533,544,28
533,545,14
533,546,14
533,550,24
533,554,28
533,581,130
533,583,132
533,585,48
533,586,38
533,589,93
533,590,49
533,593,15
533,595,13
533,597,69
533,599,26
533,600,12
533,602,41
533,604,68
533,605,170
533,607,10
533,608,13
533,609,53
533,611,144
533,612,11
533,615,33
533,616,17
533,617,131
533,619,13
533,622,67
533,623,20
533,624,111
533,625,35
533,626,84
533,627,20
533,635,20
533,643,22
533,644,289
533,645,51
533,646,49
533,656,82
533,668,12
533,676,31
533,683,11
533,712,42
533,723,10
533,751,17
533,761,73
533,762,12
533,765,31
533,789,116
533,801,19
533,802,14
533,807,22
533,811,166
533,813,38
533,820,16
533,829,21
533,836,66
533,851,13
533,854,29
533,864,10
533,867,50
533,908,23
533,917,13
533,932,10
533,942,10
533,953,81
533,961,137
533,963,21
533,964,39
533,966,12
533,970,11
533,971,41
533,982,28
533,987,157
533,988,10
533,1004,65
533,1005,12
533,1008,13
533,1050,19
533,1052,30
533,1064,14
533,1074,30
533,1093,104
533,1094,27
533,1097,23
533,1113,64
533,1115,12
533,1117,80
533,1119,14
533,1122,33
533,1152,78
533,1168,20
533,1169,10
533,1171,19
533,1179,28
533,1184,17
533,1187,47
533,1203,16
533,1208,21
533,1210,31
533,1234,10
533,1242,25
533,1243,13
533,1244,30
533,1251,95
533,1253,49
533,1261,10
533,1264,20
533,1270,193
533,1277,43
533,1278,27
533,1283,22
533,1286,12
533,1289,16
533,1300,11
533,1302,33
533,1307,26
533,1310,28
533,1313,34
533,1316,11
533,1340,25
533,1348,14
533,1365,13
533,1366,14
533,1367,30
533,1370,15
533,1371,25
533,1372,29
533,1386,12
533,1396,14
533,1397,11
533,1415,19
533,1417,12
533,1418,12
533,1420,12
533,1428,11
533,1429,10
533,1441,23
533,1444,18
533,1448,21
533,1460,30
533,1461,29
533,1496,10
533,1498,52
533,1504,28
533,1509,20
533,1523,36
533,1525,44
533,1544,12
533,1550,22
533,1555,15
533,1556,25
533,1558,11
533,1565,15
533,1568,10
533,1589,232
533,1645,108
533,1646,35
533,1664,17
533,1672,32
533,1674,12
533,1684,63
533,1686,12
533,1694,14
533,1700,11
533,1701,10
533,1718,15
533,1721,25
533,1732,29
533,1743,11
533,1747,17
533,1763,34
533,1768,25
533,1801,320
533,1809,12
533,1831,14
533,1833,67
533,1891,24
533,1892,32
533,1904,87
533,1915,45
533,1916,15
533,1939,12
533,1959,30
533,1960,18
533,1967,33
533,1973,16
533,2007,12
533,2008,44
533,2027,52
533,2032,14
533,2076,75
533,2077,12
533,2099,34
533,2100,37
533,2102,11
533,2104,18
533,2113,25
533,2128,34
533,2129,20
533,2133,20
533,2141,11
533,2142,10
533,2143,20
533,2166,20
533,2167,16
533,2199,11
533,2201,12
533,2243,10
533,2246,17
533,2252,14
533,2253,13
533,2263,23
533,2313,11
533,2319,10
533,2334,69
533,2338,18
533,2339,16
533,2371,66
533,2398,11
533,2401,25
533,2414,14
533,2454,13
533,2479,15
533,2583,18
533,2595,16
533,2646,12
533,2657,30
533,2661,30
533,2670,52
533,2680,13
533,2685,13
533,2709,10
533,2716,12
533,2741,23
533,2756,18
533,2808,12
533,2810,13
533,2829,10
533,2830,11
533,2833,13
533,2839,32
533,2842,10
533,2844,47
533,2847,17
533,2900,14
533,2901,59
533,2904,39
533,2905,30
533,2907,27
533,2910,12
533,2913,10
533,2915,35
533,2918,20
533,2919,21
533,2921,39
533,2926,32
533,2927,13
533,2931,11
533,2936,10
533,2949,40
533,2952,14
533,2959,28
533,2961,61
533,2964,11
533,2966,15
533,2981,12
533,2982,18
533,2985,12
533,2989,17
533,2992,18
533,2995,18
533,2998,10
533,2999,12
533,3004,27
533,3035,10
533,3049,57
533,3051,15
533,3053,24
533,3060,12
533,3069,11
533,3075,20
533,3082,12
533,3101,16
533,3132,19
533,3138,28
533,3145,48
533,3149,16
533,3156,13
533,3177,34
533,3196,38
533,3199,22
533,3204,16
533,3223,10
533,3225,15
533,3227,15
533,3228,34
533,3230,27
533,3234,21
533,3236,15
533,3238,76
533,3239,15
533,3240,22
533,3242,26
533,3250,23
533,3252,10
533,3253,12
533,3272,20
533,3280,283
533,3316,19
533,3320,21
533,3327,52
533,3342,11
533,3344,11
533,3357,11
533,3363,49
533,3393,10
533,3410,13
533,3451,10
533,3473,29
533,3492,16
533,3503,51
533,3537,17
533,3552,15
533,3555,57
533,3558,11
533,3565,17
533,3566,34
533,3606,11
533,3607,27
533,3609,16
533,3615,24
533,3628,13
533,3660,11
533,3669,72
533,3670,31
533,3671,52
533,3673,64
533,3675,19
533,3676,22
533,3687,10
533,3698,13
533,3725,13
533,3733,10
533,3734,10
533,3737,25
533,3741,10
533,3742,17
533,3744,13
533,3746,24
533,3747,34
533,3748,30
533,3752,31
533,3755,12
533,3759,43
533,3784,23
533,3785,15
533,3789,11
533,3797,11
533,3800,16
533,3801,12
533,3802,21
533,3803,12
533,3810,21
533,3811,12
533,3816,15
533,3824,21
533,3825,16
533,3828,89
533,3829,12
533,3830,11
533,3835,21
533,3861,11
533,3873,105
533,3895,28
533,3903,10
533,3910,10
533,3930,13
533,3965,23
533,3988,30
533,4070,47
533,4084,23
533,4094,22
533,4100,10
533,4113,45
533,4159,11
533,4178,10
533,4193,10
533,4194,27
533,4220,11
533,4282,19
533,4296,21
533,4297,18
533,4298,13
533,4302,11
533,4341,10
533,4343,15
533,4405,11
533,4451,20
533,4457,22
533,4462,10
533,4560,33
533,4586,17
533,4596,13
533,4617,17
533,4639,24
533,4694,19
533,4705,26
533,4720,16
533,4741,178
533,4742,18
533,4780,55
533,4782,15
533,4783,17
533,4784,11
533,4786,12
533,4788,12
533,4790,21
533,4791,39
533,4799,182
533,4800,16
533,4803,84
533,4806,11
533,4811,20
533,4812,13
533,4813,12
533,4814,20
533,4817,22
533,4832,12
533,4833,22
533,4834,16
533,4838,18
533,4842,10
533,4863,10
533,4865,18
533,4891,11
533,4900,15
533,4902,13
533,4919,62
533,4924,10
533,4928,11
533,4953,11
533,4957,14
533,4958,10
533,4974,38
533,4975,16
533,4979,16
533,4983,23
533,4986,12
533,5002,15
533,5003,93
533,5004,19
533,5005,21
533,5006,22
533,5007,50
533,5014,10
533,5021,11
533,5023,16
533,5032,37
533,5034,35
533,5036,11
533,5066,14
533,5068,10
533,5069,15
533,5080,17
533,5083,10
533,5084,15
533,5085,10
533,5091,17
533,5092,22
533,5097,41
533,5099,12
533,5118,10
533,5119,10
533,5129,191
533,5140,16
533,5141,35
533,5147,18
533,5205,10
533,5206,12
533,5226,12
533,5228,150
533,5230,16
533,5231,13
533,5234,10
533,5236,21
533,5243,10
533,5246,10
533,5248,26
533,5249,10
533,5253,17
533,5255,11
533,5258,12
533,5261,17
533,5263,17
533,5265,26
533,5274,10
533,5282,11
533,5307,10
533,5308,12
533,5310,14
533,5315,19
533,5351,11
533,5395,27
533,5410,23
533,5416,18
533,5454,11
533,5477,10
533,5500,10
533,5513,18
533,5514,20
533,5532,13
533,5589,37
533,5701,10
533,5709,10
533,5782,12
533,5783,10
533,5813,10
533,5821,10
533,5849,26
533,5853,13
533,5859,53
533,5926,24
533,5948,13
533,5949,23
533,5968,13
533,5973,15
533,5977,13
533,5991,80
533,6023,16
533,6094,10
533,6100,21
533,6111,58
533,6158,15
533,6159,10
533,6168,10
533,6210,26
533,6241,41
533,6273,16
533,6274,10
533,6275,20
533,6277,35
533,6280,16
533,6289,102
533,6297,18
533,6298,14
533,6303,14
533,6332,15
533,6337,17
533,6339,13
533,6340,84
533,6420,21
533,6435,33
533,6448,10
533,6459,10
533,6481,13
533,6494,12
533,6495,11
533,6497,11
533,6501,10
533,6547,11
533,6548,11
533,6557,12
533,6573,21
533,6638,14
533,6643,14
533,6773,10
533,6776,22
533,6778,10
533,6779,11
533,6780,16
533,6783,12
533,6784,26
533,6793,10
533,6813,10
533,6820,10
533,6876,27
533,6879,41
533,6881,15
533,6888,10
533,6893,10
533,6895,34
533,6896,13
533,6958,19
533,7125,128
533,7137,11
533,7251,40
533,7546,12
533,7788,23
533,7789,24
533,7813,98
533,7824,11
533,7825,11
533,7826,12
533,8030,12
533,8035,10
533,8038,10
533,8039,41
533,8073,12
533,8087,12
533,8090,10
533,8091,16
533,8094,28
533,8127,11
533,8128,58
533,8129,51
533,8130,54
533,8131,47
533,8310,10
533,8572,16
533,8802,34
533,8834,11
533,8836,11
533,8926,15
533,8969,12
533,8999,11
533,9290,22
533,9297,20
533,9337,10
533,9370,38
533,9415,12
533,9417,15
533,9421,12
533,9432,19
533,9433,12
533,9450,10
533,9480,13
533,9633,80
533,10082,15
533,10084,15
533,10086,77
533,10087,21
533,10088,12
533,10104,30
533,10108,10
533,10110,15
533,10134,14
533,10168,40
533,10171,139
533,10247,17
533,10258,11
533,10259,12
533,10274,57
533,10277,12
533,10297,19
533,10298,13
533,10299,19
534,35,17
534,36,23
534,98,10
534,145,10
534,153,10
534,186,10
534,245,75
534,278,27
534,370,15
534,379,10
534,459,18
534,534,27
534,535,82
534,545,12
534,566,34
534,583,25
534,604,22
534,908,10
534,1252,12
534,1278,11
534,1355,17
534,1601,11
534,2371,15
534,2670,14
534,2961,12
534,3584,12
534,3669,12
534,4596,10
534,4741,17
534,5228,34
534,5261,24
534,5927,16
534,6273,10
534,6275,11
534,6277,16
534,7865,16
534,7867,11
535,30,10
535,35,25
535,36,39
535,68,60
535,74,29
535,78,11
535,86,18
535,92,22
535,98,25
535,122,39
535,127,17
535,145,11
535,153,39
535,155,10
535,186,18
535,230,15
535,245,195
535,247,11
535,271,14
535,276,15
535,278,56
535,309,17
535,370,12
535,371,18
535,379,15
535,398,27
535,419,16
535,444,12
535,448,12
535,459,23
535,469,11
535,479,15
535,535,86
535,565,15
535,573,15
535,583,37
535,599,12
535,604,30
535,605,30
535,609,14
535,761,11
535,801,10
535,814,19
535,867,11
535,928,10
535,957,21
535,961,24
535,987,26
535,1054,11
535,1102,24
535,1211,15
535,1251,17
535,1264,11
535,1278,21
535,1371,13
535,1461,14
535,1478,10
535,1481,12
535,1525,13
535,1550,10
535,1601,23
535,1799,12
535,1801,32
535,2288,13
535,2371,22
535,2657,19
535,2661,11
535,2670,10
535,2741,11
535,2844,20
535,2915,11
535,2961,18
535,2995,17
535,3004,12
535,3199,13
535,3238,47
535,3240,15
535,3244,13
535,3270,11
535,3272,11
535,3324,15
535,3609,12
535,3669,16
535,3671,14
535,3676,25
535,3759,10
535,3789,10
535,3828,19
535,4282,14
535,4451,13
535,4457,14
535,4586,10
535,4741,70
535,4796,23
535,4919,17
535,5092,10
535,5228,20
535,5315,10
535,5863,17
535,5927,60
535,5951,20
535,5977,16
535,6023,12
535,6158,12
535,6161,10
535,6230,11
535,6259,12
535,6273,10
535,6275,11
535,6277,18
535,6318,14
535,6643,10
535,6645,12
535,9415,11
536,122,18
538,37,10
542,7,15
542,136,13
542,148,12
542,235,37
542,236,36
542,295,10
543,951,10
543,1251,12
544,7,13
544,58,15
544,1251,12
544,1252,11
544,1270,10
544,1581,10
544,1801,29
544,3972,16
544,3973,11
544,3974,11
544,3975,15
544,3976,12
544,3977,15
544,5129,10
545,7,14
545,109,11
545,235,26
545,236,28
545,245,21
545,278,16
545,951,13
545,4004,10
545,6384,12
546,74,12
546,99,29
546,186,12
546,289,10
547,7,15
547,68,12
547,136,16
547,404,13
547,599,11
550,7,31
550,622,10
550,811,13
550,934,11
554,68,11
554,966,10
554,1645,10
554,2125,12
554,3280,15
555,68,12
555,533,14
557,87,12
557,533,32
559,1801,10
563,36,12
563,278,16
563,533,13
563,1589,10
565,127,10
565,235,15
565,236,17
565,245,18
565,533,18
566,7,53
566,57,21
566,88,13
566,155,18
566,185,31
566,245,53
566,370,52
566,474,11
566,475,41
566,528,24
566,531,10
566,533,91
566,535,10
566,566,44
566,568,76
566,571,13
566,581,17
566,583,34
566,586,18
566,590,11
566,605,19
566,607,10
566,609,34
566,611,61
566,624,10
566,626,18
566,644,18
566,803,10
566,823,19
566,1188,14
566,1244,14
566,1251,13
566,1252,12
566,2830,15
566,4817,16
566,4891,12
566,4892,17
566,4974,20
566,5258,12
566,5260,12
566,5261,24
566,5279,18
566,5589,27
566,6318,30
566,6340,10
566,6895,30
566,7740,19
566,7788,20
566,7789,22
566,7832,19
568,7,119
568,12,19
568,57,13
568,86,16
568,87,54
568,88,12
568,91,11
568,109,63
568,138,15
568,145,93
568,147,25
568,154,13
568,185,22
568,186,25
568,235,61
568,236,63
568,238,27
568,241,21
568,249,13
568,263,10
568,271,10
568,275,11
568,289,10
568,300,14
568,370,53
568,375,12
568,379,10
568,397,14
568,407,20
568,428,13
568,437,12
568,474,11
568,525,18
568,533,173
568,534,28
568,535,22
568,545,12
568,568,74
568,571,13
568,573,15
568,581,21
568,583,74
568,586,16
568,589,11
568,590,10
568,593,11
568,597,13
568,599,13
568,604,20
568,609,47
568,624,12
568,644,30
568,673,11
568,761,11
568,789,13
568,802,12
568,808,19
568,811,28
568,823,39
568,904,15
568,951,32
568,987,32
568,1015,14
568,1052,26
568,1101,12
568,1102,15
568,1113,14
568,1117,10
568,1152,21
568,1166,10
568,1179,10
568,1188,48
568,1232,12
568,1244,14
568,1277,14
568,1498,15
568,1509,16
568,1589,29
568,1601,23
568,1641,11
568,1715,11
568,1915,36
568,2323,13
568,2426,11
568,2436,16
568,2670,11
568,2696,12
568,2741,10
568,2826,10
568,2829,14
568,2830,18
568,2844,20
568,2891,11
568,2926,13
568,2961,15
568,3069,11
568,3166,11
568,3230,11
568,3239,12
568,3508,11
568,3669,14
568,3988,13
568,4919,16
568,4974,17
568,4980,13
568,5034,10
568,5228,167
568,6318,21
568,6384,18
568,6420,10
568,6876,18
568,6879,20
568,6895,36
568,7740,20
568,7788,42
568,7789,42
568,7801,10
568,7832,16
568,7853,14
570,12,16
570,74,29
570,85,21
570,87,12
570,105,15
570,109,10
570,136,11
570,146,16
570,147,22
570,186,16
570,245,58
570,251,11
570,275,19
570,278,25
570,322,54
570,375,14
570,397,37
570,404,18
570,416,33
570,419,13
570,445,13
570,446,10
570,448,21
570,449,20
570,479,10
570,484,16
570,524,30
570,525,25
570,533,183
570,570,65
570,581,14
570,585,15
570,586,13
570,589,18
570,590,49
570,597,22
570,605,98
570,615,11
570,622,14
570,626,12
570,741,17
570,751,10
570,761,18
570,789,165
570,811,40
570,814,105
570,823,139
570,832,32
570,836,20
570,951,12
570,1040,12
570,1113,33
570,1114,10
570,1117,32
570,1166,24
570,1188,22
570,1189,10
570,1277,35
570,1289,19
570,1300,15
570,1510,11
570,1801,10
570,2008,11
570,2334,12
570,2817,14
570,3116,12
570,3156,12
570,3228,10
570,3250,21
570,3280,14
570,3324,11
570,3327,37
570,3331,32
570,3525,12
570,3526,35
570,3669,14
570,3752,22
570,3759,11
570,3873,10
570,4629,11
570,4723,13
570,4740,33
570,4780,28
570,4791,48
570,4796,124
570,4799,71
570,4919,33
570,5007,13
570,5034,14
570,5097,17
570,5141,20
570,5265,11
570,5589,10
570,5979,21
570,6111,12
570,6114,10
570,6267,45
570,6340,23
570,7125,162
570,8039,10
570,8096,10
570,8128,89
570,8129,59
570,8130,76
570,8131,67
570,8623,13
570,8625,13
570,8786,14
570,8787,15
570,9633,19
571,533,15
571,5228,11
573,67,11
573,74,16
573,86,10
573,87,17
573,214,12
573,241,10
573,253,10
573,278,26
573,416,11
573,428,20
573,475,29
573,533,55
573,583,27
573,957,13
573,1270,11
573,1355,25
573,2844,10
573,3711,18
573,4796,10
573,5129,11
573,8835,10
574,68,10
574,475,12
574,533,10
574,583,10
574,8301,14
579,533,14
581,30,13
581,68,58
581,86,15
581,99,17
581,105,13
581,109,33
581,145,27
581,154,13
581,185,12
581,238,22
581,251,37
581,295,30
581,416,42
581,448,34
581,474,14
581,479,11
581,509,10
581,531,10
581,534,10
581,535,29
581,581,33
581,583,24
581,597,20
581,599,17
581,604,25
581,607,14
581,609,16
581,644,41
581,646,10
581,656,17
581,808,18
581,823,15
581,961,11
581,971,18
581,987,17
581,1004,11
581,1045,11
581,1049,11
581,1093,28
581,1102,13
581,1166,13
581,1188,29
581,1355,44
581,1550,10
581,1904,14
581,1938,13
581,2099,13
581,2288,45
581,2323,10
581,2844,13
581,2914,10
581,2915,16
581,3238,24
581,3256,10
581,3265,10
581,3324,28
581,3466,13
581,3669,10
581,3673,13
581,4831,11
581,5927,57
581,6123,15
581,6168,18
581,6171,10
581,6177,12
581,6289,23
581,9633,26
583,55,10
583,86,12
583,99,24
583,145,20
583,186,10
583,209,12
583,214,18
583,228,11
583,241,15
583,245,86
583,249,24
583,322,10
583,370,14
583,407,10
583,423,19
583,459,12
583,474,12
583,475,53
583,476,10
583,484,10
583,525,19
583,528,26
583,583,27
583,597,19
583,604,24
583,605,17
583,607,10
583,609,26
583,611,28
583,617,10
583,624,11
583,626,11
583,660,11
583,808,12
583,813,12
583,951,22
583,957,23
583,1006,14
583,1122,10
583,1152,11
583,1252,10
583,1262,10
583,2645,13
583,2839,12
583,2844,16
583,3115,12
583,3250,12
583,3584,10
583,3711,27
583,3762,12
583,3858,10
583,4974,13
583,6420,13
583,7740,17
584,607,10
585,607,10
586,68,10
586,153,14
586,235,16
586,245,19
586,535,10
586,611,10
586,1915,12
586,5589,18
588,607,10
589,122,17
589,153,23
589,245,57
589,445,11
589,475,15
589,535,14
589,1589,10
589,1912,10
589,4796,11
589,5003,27
589,6289,10
589,9633,10
590,154,31
590,471,10
590,475,16
590,605,57
590,607,10
590,814,12
590,823,33
590,5228,13
590,6267,11
593,235,11
593,236,11
593,245,14
594,235,10
594,236,10
597,12,11
597,99,19
597,145,21
597,245,28
597,397,10
597,407,11
597,416,17
597,444,13
597,474,11
597,607,12
597,611,13
597,617,13
597,622,16
597,624,11
597,626,10
597,643,12
597,644,25
597,646,10
597,656,23
597,789,16
597,820,10
597,823,18
597,953,10
597,957,12
597,966,12
597,1049,10
597,1117,12
597,1589,16
597,2288,25
597,2334,14
597,3104,12
597,3711,16
597,4796,17
597,10171,15
599,1,12
599,68,23
599,99,19
599,134,12
599,136,21
599,146,21
599,235,53
599,236,52
599,245,40
599,295,32
599,599,13
599,604,14
599,617,25
599,622,11
599,624,12
599,644,26
599,646,33
599,654,10
599,656,27
599,808,14
599,811,15
599,814,15
599,820,15
599,823,22
599,951,10
599,1093,12
599,1550,18
599,2741,10
599,2915,12
599,2958,11
599,2961,14
599,3331,16
599,3333,15
602,145,12
602,245,13
602,278,10
602,617,11
602,814,15
603,38,11
603,39,14
603,130,11
603,219,11
603,604,16
603,607,13
603,635,10
604,38,10
604,39,14
604,68,78
604,81,26
604,87,31
604,94,12
604,98,14
604,99,57
604,109,30
604,128,15
604,130,10
604,137,13
604,155,12
604,175,10
604,204,12
604,219,13
604,235,95
604,236,94
604,245,120
604,278,71
604,331,21
604,428,18
604,437,19
604,474,21
604,475,17
604,524,12
604,525,12
604,604,26
604,609,14
604,611,20
604,617,10
604,624,16
604,625,14
604,635,16
604,807,12
604,808,15
604,811,12
604,951,39
604,957,26
604,987,25
604,1028,11
604,1093,30
604,1113,10
604,1188,30
604,1211,11
604,1252,12
604,1601,13
604,1732,12
604,1805,18
604,1811,17
604,1833,15
604,1871,11
604,1938,12
604,1967,15
604,2008,11
604,2323,13
604,2371,14
604,2741,12
604,2816,21
604,2826,12
604,2844,11
604,3254,18
604,3256,15
604,3265,15
604,3270,13
604,3280,11
604,3594,10
604,3669,11
604,3860,10
604,3876,11
604,3889,15
604,4741,13
605,2,10
605,3,10
605,57,15
605,67,14
605,68,114
605,85,20
605,87,18
605,99,26
605,103,29
605,105,17
605,109,15
605,161,17
605,185,13
605,219,13
605,220,10
605,245,91
605,253,24
605,275,17
605,300,17
605,322,29
605,407,13
605,408,11
605,410,13
605,437,19
605,505,18
605,524,23
605,525,33
605,532,10
605,568,30
605,605,70
605,609,12
605,611,15
605,617,32
605,622,14
605,624,20
605,626,17
605,627,15
605,644,136
605,751,10
605,803,63
605,811,14
605,953,24
605,1004,18
605,1114,11
605,1189,14
605,1210,11
605,1277,15
605,1289,20
605,1441,13
605,1523,23
605,2125,84
605,2661,15
605,2696,15
605,3049,13
605,3104,12
605,3116,20
605,3473,11
605,3607,11
605,3669,11
605,3755,17
605,3816,13
605,4302,14
605,4629,10
605,4741,30
605,4742,11
605,4796,65
605,4799,46
605,4800,15
605,4803,16
605,4919,29
605,4953,10
605,5034,13
605,5114,12
605,5141,11
605,5265,10
605,6094,12
605,6340,19
605,8039,10
605,8129,50
605,8131,63
605,8235,14
607,38,11
607,39,14
607,130,10
607,219,11
607,441,12
607,607,11
607,610,10
607,619,10
607,622,11
608,30,12
608,235,30
608,236,32
608,245,18
608,437,10
609,7,32
609,34,10
609,36,17
609,57,10
609,99,11
609,109,19
609,155,10
609,235,47
609,236,49
609,245,31
609,278,24
609,370,28
609,528,12
609,611,23
609,617,18
609,624,11
609,644,12
609,1093,13
609,1801,20
609,5228,36
611,23,16
611,31,12
611,34,24
611,58,27
611,74,10
611,122,42
611,128,13
611,137,20
611,185,11
611,235,55
611,236,54
611,245,84
611,263,10
611,278,58
611,351,15
611,352,15
611,375,11
611,437,11
611,475,61
611,477,18
611,508,26
611,522,14
611,528,21
611,534,29
611,568,43
611,581,19
611,611,13
611,617,18
611,624,19
611,626,17
611,644,37
611,656,12
611,761,12
611,765,10
611,789,11
611,792,11
611,803,47
611,823,67
611,961,12
611,1132,15
611,1188,18
611,1489,10
611,1581,17
611,1589,26
611,1645,18
611,1763,13
611,1801,62
611,2068,12
611,2901,11
611,3115,25
611,3324,10
611,3363,25
611,3503,13
611,3555,15
611,3566,12
611,3584,10
611,3673,10
611,3747,11
611,4780,17
611,4796,40
611,4803,21
611,4892,14
611,4974,17
611,5228,52
611,5261,19
611,5589,15
611,6289,11
611,6318,29
611,6895,14
611,7740,13
611,7788,12
611,7789,13
611,7813,13
611,7865,12
611,8572,11
611,8635,11
611,8802,13
611,8835,12
611,10171,10
612,235,14
612,236,14
615,31,13
615,68,19
615,122,12
615,145,16
615,617,13
615,643,10
615,644,18
615,646,14
615,741,11
616,535,13
617,7,90
617,12,15
617,30,36
617,37,22
617,58,13
617,68,121
617,74,47
617,83,25
617,99,134
617,105,17
617,109,14
617,111,11
617,118,13
617,128,26
617,131,15
617,137,19
617,138,24
617,139,22
617,143,14
617,146,20
617,147,10
617,148,75
617,151,19
617,156,21
617,166,16
617,175,12
617,184,17
617,186,36
617,218,18
617,238,34
617,263,16
617,275,16
617,278,79
617,295,51
617,300,17
617,322,45
617,323,15
617,397,42
617,404,15
617,407,16
617,437,10
617,438,13
617,471,25
617,491,10
617,505,10
617,525,17
617,554,13
617,566,12
617,568,19
617,570,11
617,581,33
617,617,49
617,622,12
617,624,32
617,625,11
617,626,32
617,627,22
617,644,22
617,654,10
617,668,12
617,692,15
617,741,20
617,800,14
617,808,27
617,809,10
617,814,43
617,820,12
617,827,19
617,832,20
617,843,18
617,852,15
617,853,11
617,867,26
617,951,13
617,953,106
617,954,20
617,961,26
617,964,10
617,1004,28
617,1045,18
617,1093,51
617,1102,27
617,1113,11
617,1132,43
617,1133,12
617,1151,11
617,1166,44
617,1168,12
617,1176,13
617,1179,20
617,1182,13
617,1187,11
617,1232,12
617,1277,21
617,1550,20
617,1589,54
617,1645,14
617,2125,15
617,2323,28
617,2646,12
617,2814,12
617,2844,13
617,2982,11
617,2985,11
617,3075,17
617,3095,10
617,3104,10
617,3131,22
617,3132,10
617,3233,10
617,3256,17
617,3331,26
617,3400,14
617,3552,15
617,3555,11
617,3594,13
617,3610,18
617,3611,19
617,3612,14
617,3615,10
617,3616,11
617,3755,10
617,4617,15
617,4780,17
617,4796,24
617,4803,16
617,5099,14
617,5228,16
617,6762,17
617,6921,13
617,7813,18
619,7,23
619,643,11
619,644,11
619,646,14
619,656,14
621,646,13
621,649,10
622,31,36
622,145,30
622,153,10
622,186,12
622,278,17
622,475,14
622,524,11
622,581,32
622,622,16
622,624,20
622,627,11
622,644,17
622,646,40
622,656,28
622,836,18
622,867,16
622,953,14
622,1045,12
622,1046,12
622,1049,10
622,1050,11
622,1188,10
622,3324,23
622,5927,12
622,7125,10
624,7,99
624,12,17
624,30,15
624,35,11
624,36,21
624,105,12
624,109,22
624,145,37
624,147,14
624,148,15
624,175,14
624,185,10
624,204,15
624,251,13
624,275,14
624,278,35
624,408,10
624,428,10
624,437,13
624,438,13
624,471,10
624,475,33
624,477,11
624,570,25
624,581,23
624,624,16
624,625,12
624,626,26
624,627,10
624,643,18
624,644,45
624,646,43
624,656,34
624,741,15
624,789,14
624,803,38
624,820,10
624,953,28
624,1165,15
624,1188,14
624,1253,10
624,1270,24
624,1589,23
624,1950,14
624,2125,11
624,2288,32
624,3363,12
624,3988,10
624,4741,20
624,4799,10
624,5129,22
624,5951,12
624,5973,17
624,6267,12
624,6289,13
624,6435,12
624,6776,17
624,6784,10
624,6786,20
624,7249,12
624,8633,12
624,8634,14
624,8635,15
625,7,19
625,79,11
625,99,11
625,145,13
625,278,10
625,581,10
625,635,11
625,1093,10
625,3075,18
625,3141,10
626,7,69
626,12,13
626,31,37
626,68,65
626,87,11
626,122,35
626,136,21
626,186,10
626,235,41
626,236,40
626,238,10
626,278,33
626,295,21
626,375,12
626,379,20
626,397,14
626,475,16
626,476,14
626,525,15
626,568,16
626,581,20
626,599,10
626,627,10
626,644,25
626,646,10
626,656,17
626,660,13
626,789,11
626,792,11
626,803,15
626,957,11
626,961,11
626,1093,18
626,1589,21
626,2125,10
626,2288,19
626,2670,10
626,5859,18
626,7125,12
627,7,27
627,276,13
627,295,16
627,322,11
627,581,15
627,599,13
627,646,13
627,814,10
627,823,12
627,953,20
627,954,10
627,3104,11
627,3131,12
629,68,12
629,646,11
635,7,17
635,68,15
638,7,10
638,646,21
638,649,11
638,656,13
639,646,10
640,646,11
641,7,11
641,644,11
641,646,13
641,656,11
643,7,117
643,99,16
643,136,11
643,183,13
643,186,12
643,267,21
643,313,12
643,517,14
643,550,15
643,643,86
643,644,209
643,646,14
643,656,36
643,662,15
643,672,17
643,673,18
643,674,11
643,689,13
643,696,16
643,798,11
643,858,15
643,966,95
643,968,22
643,972,12
643,973,12
643,974,19
643,977,12
643,979,12
643,982,17
643,985,26
643,989,12
643,1278,13
643,1646,12
643,2125,18
643,2126,18
643,3025,14
643,3406,12
643,3440,15
643,3537,10
643,4626,18
643,7796,18
643,8143,18
643,8144,18
643,8161,16
643,8162,16
643,8660,34
643,8762,11
643,8765,12
643,8777,10
644,1,35
644,2,31
644,3,37
644,7,366
644,27,11
644,30,41
644,31,211
644,34,56
644,35,198
644,36,183
644,51,24
644,57,434
644,58,386
644,67,78
644,71,17
644,73,10
644,79,12
644,81,13
644,85,67
644,86,10
644,94,12
644,96,24
644,98,19
644,99,125
644,103,21
644,108,17
644,109,437
644,110,15
644,112,13
644,118,24
644,119,15
644,128,20
644,136,72
644,147,14
644,153,12
644,154,65
644,155,24
644,156,20
644,161,12
644,183,19
644,185,43
644,199,23
644,202,37
644,204,35
644,215,10
644,216,14
644,218,19
644,220,10
644,230,15
644,235,143
644,236,143
644,238,28
644,242,13
644,251,41
644,254,17
644,261,18
644,275,16
644,276,16
644,281,27
644,282,30
644,297,79
644,307,11
644,309,14
644,322,24
644,331,294
644,343,25
644,375,65
644,376,52
644,379,18
644,382,14
644,397,69
644,407,10
644,408,10
644,414,10
644,423,11
644,424,13
644,428,31
644,437,34
644,446,13
644,449,32
644,459,31
644,463,14
644,469,25
644,471,28
644,475,59
644,479,16
644,509,35
644,513,13
644,517,27
644,522,22
644,524,60
644,528,11
644,531,14
644,534,13
644,535,28
644,544,16
644,550,17
644,570,156
644,583,20
644,590,52
644,604,32
644,644,454
644,645,12
644,646,42
644,654,17
644,656,91
644,660,19
644,662,20
644,672,17
644,673,37
644,674,14
644,689,13
644,696,21
644,717,11
644,723,10
644,740,11
644,741,12
644,751,47
644,753,65
644,765,36
644,789,218
644,803,346
644,823,71
644,838,13
644,880,23
644,917,27
644,920,11
644,966,108
644,968,22
644,970,10
644,972,23
644,973,12
644,974,19
644,976,10
644,977,12
644,979,13
644,980,12
644,982,17
644,985,26
644,987,52
644,989,13
644,998,18
644,1028,17
644,1049,45
644,1075,10
644,1113,82
644,1114,12
644,1117,28
644,1152,29
644,1165,13
644,1166,21
644,1189,10
644,1204,12
644,1211,17
644,1251,336
644,1252,419
644,1264,11
644,1270,10
644,1277,43
644,1278,16
644,1289,22
644,1316,12
644,1355,37
644,1356,17
644,1363,10
644,1372,15
644,1386,29
644,1395,11
644,1440,11
644,1448,15
644,1488,11
644,1489,28
644,1492,14
644,1498,27
644,1501,10
644,1510,10
644,1513,12
644,1523,11
644,1581,204
644,1589,279
644,1601,29
644,1619,15
644,1646,12
644,1649,13
644,1688,20
644,1701,20
644,1725,11
644,1730,15
644,1731,11
644,1732,33
644,1743,11
644,1799,136
644,1817,10
644,1819,16
644,1820,19
644,1825,21
644,1828,24
644,1846,17
644,1851,27
644,1852,13
644,1853,12
644,1877,13
644,1878,18
644,1879,53
644,1889,22
644,1891,82
644,1892,61
644,1893,69
644,1894,67
644,1895,11
644,1896,14
644,1904,179
644,1912,14
644,1916,35
644,1950,10
644,1954,10
644,1955,10
644,1956,10
644,1957,13
644,1959,14
644,1960,31
644,1962,20
644,1967,56
644,1972,12
644,1973,30
644,1975,12
644,1980,20
644,1981,16
644,1986,13
644,1987,29
644,1988,16
644,1994,34
644,1995,51
644,1996,37
644,2004,26
644,2006,15
644,2007,30
644,2008,68
644,2026,15
644,2027,48
644,2032,33
644,2051,11
644,2062,24
644,2065,28
644,2068,93
644,2089,11
644,2090,10
644,2092,11
644,2099,54
644,2100,44
644,2102,25
644,2104,22
644,2113,17
644,2135,11
644,2142,17
644,2143,19
644,2166,17
644,2202,15
644,2239,15
644,2268,10
644,2273,11
644,2313,12
644,2314,12
644,2316,18
644,2371,18
644,2375,12
644,2440,11
644,2463,11
644,2479,15
644,2480,19
644,2491,15
644,2518,12
644,2550,18
644,2561,10
644,2567,11
644,2568,11
644,2569,10
644,2570,10
644,2572,10
644,2576,15
644,2610,12
644,2613,12
644,2619,14
644,2632,14
644,2648,11
644,2649,11
644,2657,14
644,2670,18
644,2677,11
644,2685,10
644,2689,11
644,2756,13
644,2817,22
644,2839,11
644,2844,15
644,2847,19
644,2901,28
644,2992,24
644,3025,16
644,3067,10
644,3138,16
644,3145,14
644,3205,11
644,3238,13
644,3242,11
644,3250,10
644,3252,10
644,3256,10
644,3266,13
644,3280,27
644,3295,10
644,3315,15
644,3316,18
644,3317,11
644,3321,11
644,3327,79
644,3331,16
644,3406,15
644,3408,13
644,3410,16
644,3428,10
644,3436,10
644,3440,16
644,3473,13
644,3492,13
644,3525,16
644,3526,46
644,3537,15
644,3555,11
644,3559,12
644,3604,12
644,3609,13
644,3615,11
644,3629,11
644,3641,11
644,3711,35
644,3723,11
644,3752,10
644,3810,10
644,3873,28
644,3965,10
644,3988,16
644,4113,25
644,4147,15
644,4165,13
644,4178,10
644,4187,58
644,4188,12
644,4194,22
644,4220,11
644,4225,10
644,4232,10
644,4233,11
644,4257,15
644,4406,27
644,4460,11
644,4462,11
644,4616,13
644,4626,22
644,4629,48
644,4694,11
644,4720,37
644,4722,10
644,4740,47
644,4741,27
644,4762,16
644,4791,62
644,4796,31
644,4803,11
644,4891,10
644,4919,76
644,4951,14
644,5007,12
644,5129,11
644,5140,13
644,5141,23
644,5203,12
644,5265,26
644,5532,21
644,5672,13
644,5673,13
644,5696,10
644,5698,14
644,5701,11
644,5702,12
644,5709,13
644,5810,14
644,5813,10
644,5826,12
644,5851,10
644,5979,23
644,6094,13
644,6207,12
644,6267,61
644,6340,66
644,6398,12
644,6399,16
644,6400,10
644,6423,14
644,7120,14
644,7125,210
644,7796,19
644,8039,20
644,8094,10
644,8128,164
644,8129,120
644,8143,19
644,8144,19
644,8161,16
644,8162,16
644,8169,12
644,8201,10
644,8204,13
644,8205,13
644,8206,13
644,8207,13
644,8208,13
644,8209,13
644,8210,20
644,8211,20
644,8212,20
644,8218,10
644,8238,12
644,8240,11
644,8241,11
644,8242,10
644,8315,35
644,8362,16
644,8660,34
644,8762,11
644,8765,12
644,8770,11
644,8777,10
644,8969,11
644,8990,13
644,8991,13
644,8992,12
644,8996,10
645,7,36
645,36,13
645,68,41
645,87,18
645,99,14
645,235,47
645,236,46
645,241,10
645,253,18
645,278,14
645,295,16
645,416,11
645,475,15
645,535,10
645,568,19
645,646,14
645,656,13
645,1188,13
645,2961,14
645,7706,11
646,7,89
646,31,36
646,36,23
646,63,37
646,68,64
646,74,10
646,102,18
646,122,36
646,128,32
646,145,15
646,181,18
646,182,12
646,185,10
646,186,14
646,235,48
646,236,49
646,245,56
646,278,46
646,281,15
646,297,10
646,404,24
646,474,10
646,542,10
646,547,25
646,550,28
646,604,36
646,646,71
646,647,26
646,649,36
646,652,10
646,656,108
646,659,13
646,660,16
646,664,10
646,665,11
646,666,15
646,667,10
646,669,18
646,671,14
646,673,47
646,674,16
646,675,13
646,677,11
646,679,12
646,680,11
646,681,36
646,682,21
646,685,12
646,686,11
646,687,16
646,688,11
646,689,16
646,693,16
646,694,12
646,695,25
646,696,25
646,697,11
646,698,14
646,702,18
646,712,31
646,714,11
646,715,11
646,716,16
646,717,16
646,718,16
646,722,11
646,729,22
646,734,20
646,741,13
646,787,13
646,867,15
646,915,11
646,917,21
646,918,12
646,928,12
646,931,11
646,932,20
646,934,36
646,936,11
646,937,10
646,941,14
646,942,15
646,950,18
646,951,46
646,957,14
646,1028,10
646,1093,36
646,1152,11
646,1252,11
646,1645,11
646,1950,37
646,3273,23
646,3275,19
646,3280,31
646,3282,10
646,5973,28
646,6435,12
646,6783,10
646,6784,11
646,6786,33
646,6921,14
646,7249,11
646,8137,12
647,63,11
647,649,17
647,656,19
649,7,10
649,63,14
649,604,10
649,656,26
649,659,10
649,673,11
649,681,10
654,7,29
654,136,10
654,235,24
654,236,24
654,533,32
654,656,21
654,803,11
654,811,17
654,814,11
654,1117,11
654,2334,10
654,4799,15
656,12,11
656,23,30
656,31,66
656,63,27
656,68,58
656,74,23
656,99,60
656,103,13
656,122,70
656,127,27
656,132,13
656,136,56
656,145,32
656,153,10
656,175,15
656,181,20
656,182,19
656,204,30
656,218,20
656,220,25
656,235,131
656,236,133
656,245,59
656,271,20
656,278,44
656,281,12
656,295,33
656,297,20
656,322,11
656,351,29
656,371,12
656,404,56
656,463,11
656,474,12
656,522,12
656,524,19
656,525,12
656,547,14
656,550,22
656,568,17
656,570,23
656,604,23
656,605,18
656,615,10
656,617,11
656,656,75
656,660,19
656,662,10
656,669,13
656,672,11
656,673,44
656,674,14
656,679,15
656,681,27
656,682,20
656,687,13
656,688,12
656,689,25
656,693,10
656,695,13
656,696,22
656,697,11
656,702,14
656,712,20
656,713,11
656,716,10
656,717,13
656,718,14
656,726,10
656,729,18
656,734,22
656,737,17
656,741,16
656,745,11
656,750,10
656,751,12
656,761,14
656,765,12
656,769,30
656,789,18
656,792,28
656,798,11
656,803,32
656,805,14
656,806,10
656,808,11
656,811,62
656,841,10
656,858,23
656,867,11
656,928,10
656,931,13
656,932,28
656,934,25
656,950,20
656,951,30
656,953,32
656,957,22
656,961,15
656,966,36
656,1040,14
656,1049,13
656,1093,24
656,1113,13
656,1251,10
656,1270,27
656,1278,17
656,1367,11
656,1510,10
656,1540,13
656,1645,20
656,1801,27
656,2288,10
656,2853,14
656,3121,15
656,3175,10
656,3204,14
656,3273,14
656,3363,11
656,3503,25
656,3509,19
656,3512,20
656,3559,11
656,3560,16
656,3565,10
656,3566,14
656,3571,11
656,4147,13
656,4626,11
656,4799,20
656,4919,11
656,5129,27
656,6786,11
656,7125,14
656,7796,10
656,8129,14
656,8130,19
656,8131,17
656,8137,10
656,8152,12
656,8169,14
660,12,10
660,58,11
660,74,22
660,105,11
660,186,11
660,278,35
660,295,25
660,379,24
660,469,11
660,471,11
660,533,48
660,570,12
660,604,11
660,617,17
660,624,11
660,789,14
660,823,14
660,853,13
660,953,15
660,1264,19
660,3400,21
660,4617,22
660,6267,11
660,6995,10
660,6996,10
660,6997,10
668,99,11
668,122,13
668,134,10
668,245,15
668,278,10
669,604,29
669,1355,10
673,31,17
673,35,29
673,67,18
673,68,38
673,122,14
673,137,11
673,181,10
673,278,38
673,331,18
673,533,25
673,681,16
673,682,12
673,696,11
673,712,10
673,932,14
673,934,14
673,951,46
673,957,12
673,1252,10
673,1589,12
673,1799,15
673,1889,11
673,1938,15
681,682,10
681,934,10
683,109,17
683,278,22
684,644,10
684,966,17
689,7,24
689,278,13
692,38,14
692,278,12
695,7,11
696,7,15
696,932,10
702,7,11
712,12,10
712,68,24
712,103,12
712,185,15
712,245,27
712,535,32
712,547,10
712,712,16
712,729,20
712,1355,19
712,2905,11
721,5927,19
723,68,10
723,245,12
726,68,21
726,235,11
726,245,18
726,533,10
726,644,23
729,7,14
729,31,15
729,68,23
729,136,12
729,145,10
729,218,10
729,235,13
729,236,13
729,245,14
729,281,10
729,404,12
729,951,15
734,7,23
734,122,12
734,235,14
734,236,14
734,599,15
734,622,17
734,624,10
734,5927,11
740,23,15
740,351,13
741,68,43
741,74,14
741,86,14
741,87,13
741,136,18
741,204,10
741,218,17
741,235,51
741,236,52
741,245,34
741,379,10
741,475,12
741,524,12
741,533,69
741,535,17
741,581,14
741,622,11
741,792,13
741,832,11
741,951,17
741,953,19
741,3711,10
741,3988,10
741,5003,15
741,5973,11
750,235,11
750,236,11
751,85,45
751,185,28
751,751,28
751,803,36
751,814,11
751,957,68
751,3101,45
751,3363,65
751,4720,57
751,6340,47
751,8130,31
751,8131,28
752,235,10
752,236,10
753,58,45
753,137,42
753,235,18
753,236,19
753,278,48
753,808,12
753,957,36
753,1093,34
753,1251,33
753,1252,73
753,1589,23
753,1801,86
753,1994,13
761,12,17
761,74,16
761,85,11
761,105,10
761,136,21
761,154,23
761,186,19
761,278,20
761,295,20
761,300,11
761,322,13
761,379,10
761,397,11
761,416,12
761,437,10
761,448,10
761,463,10
761,581,10
761,583,11
761,624,13
761,644,15
761,789,14
761,811,24
761,957,25
761,1049,23
761,1117,10
761,1132,10
761,1188,21
761,1355,16
761,2696,12
761,3115,12
761,3555,10
761,4741,21
761,4780,14
761,4796,25
761,4799,19
761,6267,15
761,6340,17
761,7125,35
761,8129,12
761,8130,11
761,8131,10
761,8572,10
761,8607,17
762,35,15
762,36,12
762,278,17
762,644,13
762,957,13
762,1801,25
762,1938,11
763,67,10
763,122,24
763,148,14
765,30,14
765,34,13
765,74,31
765,109,37
765,164,16
765,166,40
765,202,11
765,375,12
765,765,16
765,1093,25
765,1361,10
765,1417,11
765,1599,19
765,1799,20
765,1801,97
765,1811,21
765,1812,14
765,1813,11
765,1814,13
765,1891,10
765,2099,12
765,2166,31
765,2167,12
765,2246,10
765,4741,13
765,5973,12
766,36,10
766,57,14
766,99,11
766,109,17
766,644,17
766,951,22
766,1251,11
769,7,22
769,351,10
769,792,11
769,811,11
769,6786,11
781,91,11
781,122,14
781,229,11
781,376,11
781,502,11
781,533,43
781,1210,11
781,4741,10
787,7,11
787,136,10
787,951,12
788,36,14
788,99,24
788,136,16
788,278,18
788,646,10
788,1540,10
788,1950,10
788,6784,11
789,31,146
789,68,32
789,74,10
789,85,64
789,99,34
789,105,15
789,127,26
789,146,11
789,147,14
789,154,121
789,185,22
789,278,13
789,419,19
789,449,27
789,471,31
789,475,166
789,508,29
789,524,99
789,525,22
789,586,13
789,590,61
789,599,13
789,605,131
789,751,20
789,789,121
789,803,203
789,809,11
789,810,14
789,811,12
789,823,135
789,957,59
789,1113,78
789,1114,15
789,1152,13
789,1166,22
789,1189,14
789,1277,35
789,1283,10
789,1289,29
789,1355,16
789,1386,32
789,1489,15
789,1510,18
789,2032,19
789,2113,22
789,2696,44
789,3101,10
789,3242,12
789,3250,19
789,3327,57
789,3331,31
789,3363,58
789,3410,28
789,3458,12
789,3526,49
789,3615,10
789,3629,17
789,3759,53
789,4629,20
789,4694,10
789,4720,12
789,4791,73
789,4796,106
789,4803,13
789,4919,56
789,4931,18
789,4951,13
789,5034,20
789,5140,24
789,5141,29
789,5979,39
789,6094,15
789,6201,11
789,6340,65
789,6958,28
789,6974,10
789,7860,11
789,8039,28
789,8094,12
789,8127,10
789,8128,141
789,8129,113
789,8130,132
789,8131,104
789,8210,19
789,8211,19
789,8212,19
789,8228,10
789,8229,10
789,8230,10
789,8238,13
789,8240,14
789,8244,10
789,8734,19
789,8796,10
792,1,11
792,2,10
792,3,10
792,7,43
792,30,18
792,31,37
792,34,12
792,36,14
792,39,16
792,57,13
792,58,12
792,68,44
792,99,88
792,109,15
792,118,16
792,119,10
792,127,17
792,136,28
792,145,13
792,148,39
792,184,11
792,190,15
792,191,15
792,193,11
792,275,10
792,278,38
792,309,12
792,331,12
792,360,11
792,364,14
792,444,13
792,466,10
792,471,12
792,479,12
792,517,10
792,533,71
792,535,10
792,581,14
792,617,32
792,622,15
792,624,17
792,644,15
792,646,18
792,803,12
792,808,10
792,811,21
792,814,10
792,822,11
792,823,31
792,828,10
792,838,11
792,951,27
792,953,15
792,1093,20
792,1252,10
792,1581,10
792,1589,16
792,3280,12
797,7,23
797,39,10
797,99,36
797,136,13
797,138,11
797,186,11
797,278,16
797,533,13
797,617,16
797,660,12
797,797,12
797,800,14
797,808,24
797,811,14
797,814,46
797,823,31
797,832,31
797,836,14
797,867,13
797,1122,12
797,1355,14
797,3331,12
798,7,17
798,99,18
798,136,11
798,644,14
798,803,14
799,7,16
799,99,17
799,109,11
799,533,20
799,644,13
799,957,14
799,1093,10
800,99,18
800,148,11
800,808,13
800,814,18
801,35,10
801,957,11
802,7,26
802,87,11
802,99,14
802,278,10
802,811,28
802,832,14
802,3131,10
802,3525,10
802,3526,10
803,1,20
803,2,15
803,3,16
803,7,207
803,23,103
803,30,22
803,31,88
803,34,26
803,35,77
803,41,17
803,58,131
803,67,20
803,72,10
803,74,21
803,81,16
803,87,17
803,98,13
803,99,107
803,105,18
803,109,172
803,110,10
803,111,27
803,118,10
803,127,93
803,136,27
803,137,83
803,147,33
803,155,12
803,185,35
803,189,41
803,204,21
803,216,12
803,229,24
803,263,32
803,276,12
803,278,188
803,295,92
803,297,22
803,322,95
803,323,17
803,331,102
803,353,22
803,397,97
803,409,18
803,416,10
803,419,28
803,424,12
803,437,25
803,448,14
803,459,13
803,466,15
803,469,13
803,471,31
803,472,53
803,475,231
803,477,48
803,505,23
803,525,24
803,531,13
803,533,225
803,535,11
803,568,14
803,570,139
803,590,31
803,617,25
803,660,20
803,691,10
803,761,55
803,765,21
803,803,251
803,808,47
803,809,33
803,810,39
803,811,17
803,814,479
803,832,30
803,953,39
803,961,28
803,964,13
803,987,26
803,1004,16
803,1015,10
803,1049,37
803,1053,10
803,1093,95
803,1113,93
803,1117,25
803,1152,25
803,1156,40
803,1166,61
803,1168,30
803,1251,95
803,1277,49
803,1283,10
803,1289,14
803,1300,26
803,1316,12
803,1365,18
803,1386,17
803,1417,16
803,1443,11
803,1489,46
803,1490,10
803,1525,33
803,1579,15
803,1589,133
803,1619,18
803,1749,11
803,1767,15
803,1799,67
803,1801,327
803,1833,41
803,1877,15
803,1878,17
803,1879,26
803,1891,36
803,1893,32
803,1894,24
803,1904,78
803,1916,15
803,1973,10
803,1996,12
803,2007,16
803,2008,15
803,2065,20
803,2099,17
803,2100,14
803,2125,44
803,2246,13
803,2247,11
803,2518,11
803,2670,25
803,2696,79
803,2817,23
803,2819,16
803,2996,12
803,3089,12
803,3115,49
803,3250,17
803,3280,80
803,3315,11
803,3331,70
803,3344,10
803,3410,24
803,3458,10
803,3503,29
803,3517,23
803,3525,16
803,3526,49
803,3555,45
803,3559,10
803,3560,14
803,3589,12
803,3604,16
803,3641,10
803,3669,25
803,3675,17
803,3684,10
803,3711,35
803,3747,24
803,3759,27
803,3844,12
803,3873,21
803,4187,21
803,4739,17
803,4741,17
803,4780,52
803,4790,24
803,4791,28
803,4796,210
803,4803,48
803,4949,20
803,5003,25
803,5034,10
803,5132,16
803,5140,22
803,5141,65
803,5203,11
803,5265,24
803,5419,14
803,5634,12
803,5902,24
803,5979,15
803,6267,115
803,7120,17
803,7813,22
803,7839,22
803,8039,11
803,8128,117
803,8204,11
803,8205,11
803,8206,11
803,8207,11
803,8208,11
803,8209,10
803,8210,33
803,8211,32
803,8212,32
803,8255,17
803,8315,14
803,8447,10
803,8628,29
803,8792,12
803,8802,24
803,8810,10
803,10274,21
804,7,11
804,134,10
805,99,14
805,278,10
805,617,10
806,7,25
806,99,27
806,533,23
806,811,11
807,7,16
807,36,10
807,635,12
807,811,10
807,1801,10
808,7,59
808,35,62
808,36,60
808,55,33
808,74,15
808,83,20
808,137,70
808,155,11
808,186,12
808,202,14
808,204,14
808,229,13
808,251,16
808,253,11
808,376,24
808,508,25
808,509,10
808,533,56
808,535,12
808,544,11
808,602,10
808,644,131
808,673,10
808,765,12
808,808,27
808,814,46
808,823,41
808,832,19
808,953,13
808,1187,15
808,1251,85
808,1355,39
808,1372,10
808,1581,77
808,1801,217
808,1805,24
808,1833,42
808,1892,12
808,1938,42
808,1967,17
808,2027,14
808,2065,14
808,2068,33
808,2099,15
808,2100,11
808,2741,21
808,2853,26
808,2854,17
808,2912,10
808,2961,14
808,2985,10
808,3331,29
808,3524,15
808,3619,10
808,3620,10
808,3621,10
808,3622,10
808,3623,10
808,3624,10
808,3625,10
808,3626,10
808,3627,10
808,4194,17
808,4233,11
808,6398,13
809,7,24
809,138,10
809,186,16
809,322,16
809,475,33
809,508,13
809,533,11
809,570,10
809,810,17
809,814,50
809,823,69
809,957,19
809,1102,35
809,3331,11
809,3363,19
809,4796,31
809,4892,11
809,6267,12
809,8572,12
809,8607,22
810,7,27
810,186,16
810,322,16
810,475,33
810,508,13
810,570,13
810,814,55
810,823,70
810,957,19
810,1102,35
810,3363,19
810,4796,31
810,4892,10
810,6267,13
810,7125,15
810,8572,14
810,8607,22
811,7,194
811,23,19
811,30,11
811,31,50
811,35,16
811,36,29
811,57,18
811,68,86
811,87,18
811,91,14
811,145,40
811,146,13
811,147,22
811,153,16
811,186,23
811,204,32
811,219,11
811,245,95
811,251,15
811,261,14
811,267,21
811,275,23
811,276,21
811,278,50
811,295,27
811,300,15
811,322,31
811,324,13
811,338,12
811,345,12
811,351,21
811,379,20
811,448,16
811,474,18
811,517,11
811,535,22
811,554,18
811,581,20
811,583,23
811,589,15
811,597,24
811,622,12
811,624,27
811,627,15
811,643,43
811,644,82
811,645,13
811,646,29
811,660,13
811,673,16
811,689,11
811,728,12
811,741,12
811,811,55
811,814,34
811,818,10
811,820,29
811,823,22
811,826,10
811,832,41
811,836,31
811,917,10
811,950,28
811,951,33
811,953,33
811,957,24
811,961,16
811,964,16
811,966,56
811,1028,12
811,1040,12
811,1117,16
811,1152,13
811,1253,11
811,1278,29
811,1355,37
811,1904,14
811,2125,14
811,2126,24
811,2263,19
811,2288,34
811,2696,15
811,2844,13
811,3025,19
811,3131,13
811,3250,11
811,3323,10
811,3324,37
811,3327,10
811,3400,14
811,3404,10
811,3406,22
811,3408,24
811,3410,18
811,3517,20
811,3519,11
811,3521,10
811,3524,12
811,3525,20
811,3526,23
811,3527,12
811,3537,15
811,3552,10
811,3555,17
811,3669,12
811,3769,11
811,3873,12
811,4070,10
811,4740,20
811,4741,17
811,4796,32
811,4799,22
811,5003,20
811,5228,12
811,5927,22
811,5973,10
811,7251,10
811,10086,11
812,137,10
812,138,11
812,139,11
812,278,12
812,951,12
813,7,15
813,68,26
813,175,12
813,204,13
813,245,45
813,295,11
814,7,153
814,12,18
814,30,21
814,55,14
814,74,21
814,111,26
814,137,12
814,138,12
814,139,11
814,145,17
814,146,27
814,147,44
814,186,96
814,189,42
814,238,22
814,253,10
814,297,18
814,313,13
814,322,104
814,323,19
814,365,21
814,376,12
814,397,33
814,407,22
814,424,11
814,471,23
814,476,28
814,505,24
814,522,23
814,533,97
814,604,16
814,605,12
814,611,43
814,622,17
814,624,28
814,644,96
814,656,20
814,660,22
814,691,12
814,761,56
814,789,107
814,814,300
814,820,10
814,823,772
814,832,73
814,836,19
814,867,32
814,953,61
814,957,211
814,1004,23
814,1102,275
814,1113,61
814,1117,33
814,1132,50
814,1156,39
814,1355,43
814,1443,11
814,1489,31
814,1510,32
814,1525,42
814,1579,14
814,1601,19
814,1645,53
814,1763,32
814,2032,28
814,2113,24
814,2125,14
814,2323,27
814,2436,30
814,2741,10
814,2814,11
814,2816,17
814,2819,18
814,2841,15
814,2842,32
814,2869,28
814,2985,18
814,2996,13
814,3089,12
814,3115,66
814,3250,38
814,3256,19
814,3280,24
814,3298,17
814,3324,36
814,3331,115
814,3566,45
814,3589,12
814,3604,26
814,3615,10
814,3616,18
814,3628,11
814,3629,31
814,3675,18
814,3746,14
814,3747,39
814,3752,36
814,3828,21
814,3844,12
814,3875,11
814,4432,51
814,4739,24
814,4740,14
814,4780,64
814,4790,32
814,4796,272
814,4799,58
814,4801,10
814,4803,50
814,4892,43
814,4949,18
814,5003,31
814,5132,14
814,5140,10
814,5141,77
814,5228,15
814,5366,38
814,5634,12
814,5902,27
814,5927,415
814,5996,26
814,6023,26
814,6122,82
814,6123,41
814,6124,22
814,6131,16
814,6133,12
814,7839,22
814,8128,48
814,8129,24
814,8201,12
814,8210,26
814,8211,27
814,8212,26
814,8255,16
814,8446,18
814,8447,12
814,8572,85
814,8607,177
814,8623,38
814,8625,34
814,8628,32
814,8629,66
814,8630,95
814,8631,103
814,8632,76
814,8633,57
814,8634,62
814,8635,64
814,8792,19
814,8794,25
814,8795,11
814,8796,18
814,8802,33
814,8810,10
814,8818,10
817,30,12
817,137,11
817,138,13
817,139,12
817,148,12
817,533,12
817,822,10
818,966,12
820,12,12
820,57,10
820,58,11
820,68,32
820,404,15
820,643,29
820,644,48
820,646,19
820,656,38
820,660,11
820,734,10
820,792,11
820,823,14
820,832,12
820,838,11
820,951,24
820,953,12
820,957,17
820,966,13
820,1004,11
820,8660,11
821,148,17
822,30,10
822,148,20
822,235,16
822,617,10
822,761,10
822,823,14
822,838,10
823,1,19
823,15,10
823,30,33
823,31,32
823,36,14
823,55,14
823,57,39
823,68,77
823,72,14
823,74,23
823,81,30
823,83,24
823,109,25
823,111,39
823,128,19
823,145,71
823,146,59
823,148,44
823,154,195
823,156,12
823,161,11
823,185,26
823,186,126
823,189,49
823,235,37
823,236,35
823,238,29
823,245,62
823,278,43
823,295,102
823,297,15
823,300,10
823,322,180
823,323,41
823,351,22
823,360,15
823,397,132
823,407,72
823,419,16
823,466,28
823,471,54
823,475,474
823,476,34
823,504,14
823,527,10
823,533,275
823,583,16
823,602,14
823,604,10
823,605,20
823,617,137
823,622,12
823,624,57
823,626,22
823,642,12
823,654,16
823,656,22
823,691,13
823,761,57
823,800,16
823,803,653
823,823,640
823,827,13
823,832,64
823,836,28
823,838,11
823,951,13
823,954,14
823,957,278
823,964,53
823,1004,53
823,1028,11
823,1040,11
823,1086,21
823,1113,51
823,1122,15
823,1132,203
823,1138,13
823,1166,145
823,1168,32
823,1179,18
823,1187,19
823,1208,17
823,1286,11
823,1300,32
823,1355,41
823,1443,16
823,1489,47
823,1510,62
823,1525,45
823,1550,10
823,1579,14
823,1767,20
823,1768,20
823,1833,12
823,1915,10
823,2032,34
823,2113,38
823,2125,11
823,2323,34
823,2334,19
823,2696,57
823,2741,12
823,2814,16
823,2816,25
823,2819,20
823,2841,15
823,2853,17
823,2854,15
823,2912,11
823,2915,10
823,2961,11
823,2985,23
823,2996,12
823,3024,10
823,3089,22
823,3115,66
823,3196,13
823,3239,12
823,3250,47
823,3256,19
823,3280,178
823,3298,11
823,3363,275
823,3410,22
823,3517,36
823,3524,22
823,3525,25
823,3526,42
823,3552,11
823,3555,63
823,3589,22
823,3604,27
823,3616,11
823,3621,10
823,3622,11
823,3623,11
823,3624,11
823,3625,11
823,3626,11
823,3627,11
823,3628,16
823,3629,45
823,3675,30
823,3746,17
823,3747,42
823,3844,19
823,3873,71
823,4147,19
823,4739,30
823,4740,47
823,4769,13
823,4799,63
823,4803,65
823,4892,57
823,4913,22
823,4949,34
823,5003,34
823,5054,11
823,5140,13
823,5144,12
823,5145,27
823,5150,48
823,5168,55
823,5203,13
823,5293,10
823,5419,19
823,5589,11
823,5634,13
823,5902,36
823,6111,23
823,6267,131
823,6879,14
823,6895,16
823,7125,239
823,7825,16
823,7826,24
823,7839,45
823,8128,22
823,8129,12
823,8130,29
823,8131,14
823,8225,10
823,8230,22
823,8255,18
823,8418,10
823,8446,32
823,8447,13
823,8572,115
823,8623,61
823,8628,51
823,8777,18
823,8787,58
823,8792,22
823,8795,21
823,8796,31
823,8802,33
823,8803,10
823,8809,12
823,8810,17
823,8811,16
823,8818,13
823,8820,15
823,8821,15
823,9556,10
823,9634,10
823,10247,10
823,10258,11
823,10274,122
823,10275,10
823,10277,14
827,30,11
827,68,19
827,148,21
827,953,14
827,1093,14
827,3166,13
828,30,12
828,31,18
828,148,20
828,278,10
828,322,11
829,148,27
829,295,14
829,322,15
829,656,18
829,1124,14
830,644,10
832,31,25
832,35,10
832,57,23
832,132,10
832,235,30
832,236,32
832,404,27
832,475,34
832,533,24
832,644,39
832,654,22
832,656,48
832,660,14
832,789,15
832,832,20
832,836,17
832,858,10
832,1040,12
832,1049,25
832,1117,10
832,1264,14
832,1589,25
832,3131,10
832,3331,26
832,3503,17
832,3512,11
832,3526,12
832,3527,10
832,3531,13
832,3536,10
832,4740,11
832,4799,32
832,5145,14
832,5192,22
832,6995,14
832,6996,14
832,7125,12
832,8128,15
832,8129,16
832,8130,19
832,8131,16
836,7,62
836,31,25
836,127,37
836,204,30
836,215,10
836,235,76
836,236,75
836,251,12
836,278,38
836,404,12
836,444,26
836,445,33
836,448,23
836,458,13
836,475,20
836,479,14
836,503,12
836,508,14
836,525,12
836,581,19
836,589,12
836,597,21
836,617,14
836,654,10
836,656,20
836,808,11
836,836,23
836,838,13
836,867,18
836,953,11
836,971,32
836,1024,12
836,1093,10
836,1100,10
836,1277,14
836,1589,15
836,2334,17
836,3204,18
836,3324,40
836,3331,13
836,3669,10
836,4799,21
836,5003,16
836,5991,21
836,7251,15
836,9633,35
836,10086,32
836,10087,24
836,10088,12
836,10108,12
836,10171,21
838,7,19
838,31,15
838,38,10
838,58,11
838,68,12
838,74,11
838,109,10
838,235,19
838,236,19
838,278,19
838,404,15
838,656,16
838,1093,17
841,6786,13
843,7,25
843,74,11
843,379,10
843,660,10
843,852,14
843,853,16
843,953,12
843,3400,10
843,4617,11
843,6977,12
843,7018,12
852,660,10
853,35,12
853,74,12
853,278,10
853,533,10
854,235,31
854,236,32
854,1113,12
858,36,10
858,58,10
858,68,11
858,136,15
858,235,32
858,236,32
858,245,13
858,278,14
858,533,10
858,644,21
858,803,13
858,811,25
858,823,13
867,74,14
867,127,11
867,145,19
867,235,101
867,236,100
867,295,10
867,351,11
867,568,17
867,624,12
867,800,12
867,808,23
867,823,59
867,832,15
867,867,23
867,951,18
867,953,16
867,1187,14
867,1188,10
867,2288,10
867,3275,28
867,3331,20
867,3524,11
867,4560,13
867,5228,34
867,9370,22
873,351,11
880,278,20
880,533,11
880,1904,13
885,951,13
895,190,11
895,191,12
904,238,11
917,656,17
917,673,13
917,932,18
917,934,16
917,951,11
917,955,13
917,8169,11
917,10215,11
926,644,11
928,122,29
928,186,10
928,245,44
928,295,11
928,508,10
928,533,41
928,644,11
928,1871,10
928,1893,16
928,2288,14
931,644,11
931,932,12
932,7,20
932,58,11
932,99,19
932,181,13
932,245,14
932,597,11
932,643,39
932,644,52
932,934,19
932,936,14
932,943,12
932,951,16
932,955,12
932,957,11
932,966,13
932,1589,10
932,8169,11
934,7,19
934,31,11
934,622,17
934,643,16
934,644,17
934,696,10
934,936,11
936,643,11
936,644,20
936,917,15
936,937,10
937,643,11
937,644,11
941,7,10
941,644,13
942,31,12
942,122,30
942,235,28
942,236,28
942,245,13
943,643,18
943,644,20
947,643,12
947,644,12
948,643,18
948,644,21
950,7,52
950,253,18
950,643,33
950,644,35
950,950,33
950,953,26
950,966,57
950,1146,24
950,1278,67
950,2958,11
950,2982,12
950,2985,11
950,3275,10
950,3333,18
950,3335,11
950,3408,63
950,3410,11
950,3422,14
950,3445,10
950,3446,10
950,3447,16
950,3448,13
951,1,61
951,3,13
951,4,16
951,7,203
951,12,26
951,15,11
951,21,15
951,23,483
951,27,27
951,31,91
951,38,11
951,45,12
951,51,35
951,54,20
951,55,61
951,57,939
951,58,695
951,60,16
951,67,149
951,68,302
951,71,30
951,72,11
951,73,24
951,74,58
951,77,25
951,87,50
951,91,14
951,94,23
951,96,25
951,98,16
951,103,20
951,105,52
951,108,10
951,109,781
951,112,21
951,118,30
951,119,23
951,122,91
951,127,30
951,132,11
951,136,81
951,137,429
951,155,31
951,168,10
951,176,11
951,178,15
951,186,33
951,193,12
951,199,25
951,202,75
951,207,24
951,218,17
951,228,15
951,229,47
951,230,21
951,235,140
951,236,138
951,238,24
951,242,28
951,245,399
951,251,123
951,275,12
951,276,16
951,281,40
951,288,20
951,289,17
951,295,48
951,297,172
951,309,20
951,322,15
951,331,489
951,338,20
951,343,28
951,345,17
951,351,487
951,376,78
951,382,13
951,398,30
951,401,20
951,404,33
951,414,12
951,416,55
951,425,16
951,428,37
951,437,44
951,441,12
951,443,18
951,446,67
951,449,12
951,458,12
951,459,44
951,469,28
951,475,14
951,476,15
951,477,11
951,479,13
951,489,21
951,512,10
951,522,33
951,528,18
951,533,252
951,534,22
951,535,37
951,544,39
951,563,10
951,566,31
951,573,32
951,574,11
951,581,38
951,609,19
951,611,33
951,624,20
951,626,19
951,644,838
951,645,16
951,660,19
951,683,16
951,712,17
951,723,20
951,726,25
951,753,118
951,762,24
951,763,18
951,765,67
951,788,11
951,799,14
951,803,257
951,808,216
951,836,19
951,838,27
951,841,12
951,847,10
951,858,10
951,880,43
951,928,12
951,929,11
951,951,799
951,953,13
951,957,643
951,961,14
951,963,15
951,1007,30
951,1009,12
951,1010,12
951,1012,12
951,1023,10
951,1024,15
951,1028,37
951,1075,10
951,1188,19
951,1210,11
951,1211,26
951,1236,10
951,1244,21
951,1251,602
951,1252,728
951,1276,13
951,1314,14
951,1355,54
951,1356,35
951,1363,13
951,1365,45
951,1367,10
951,1372,38
951,1386,12
951,1393,11
951,1429,10
951,1440,11
951,1459,14
951,1489,37
951,1492,15
951,1498,15
951,1511,16
951,1513,18
951,1523,10
951,1525,21
951,1540,13
951,1581,421
951,1589,464
951,1599,25
951,1601,38
951,1610,19
951,1619,42
951,1641,10
951,1645,30
951,1649,14
951,1684,15
951,1688,21
951,1701,29
951,1730,19
951,1731,14
951,1732,57
951,1753,15
951,1755,22
951,1799,235
951,1801,1335
951,1804,23
951,1805,128
951,1809,15
951,1819,25
951,1820,33
951,1822,11
951,1824,11
951,1825,23
951,1828,30
951,1831,29
951,1833,290
951,1835,14
951,1836,14
951,1837,14
951,1845,10
951,1846,26
951,1851,62
951,1852,56
951,1853,58
951,1854,37
951,1855,24
951,1870,15
951,1871,15
951,1872,27
951,1874,11
951,1877,40
951,1878,53
951,1879,99
951,1880,14
951,1881,15
951,1887,11
951,1888,18
951,1889,97
951,1890,18
951,1891,163
951,1892,84
951,1893,86
951,1894,82
951,1895,18
951,1896,23
951,1899,13
951,1904,235
951,1912,19
951,1916,49
951,1936,25
951,1938,314
951,1939,10
951,1950,22
951,1954,10
951,1955,10
951,1956,10
951,1957,13
951,1959,14
951,1960,37
951,1962,37
951,1964,24
951,1967,50
951,1972,12
951,1973,69
951,1975,13
951,1980,35
951,1981,30
951,1982,11
951,1984,15
951,1985,10
951,1986,15
951,1987,65
951,1988,20
951,1989,10
951,1990,10
951,1991,10
951,1992,10
951,1993,10
951,1994,57
951,1995,107
951,1996,76
951,1997,10
951,1998,16
951,2003,10
951,2004,52
951,2005,18
951,2006,39
951,2007,59
951,2008,31
951,2009,21
951,2012,11
951,2013,11
951,2015,11
951,2016,12
951,2027,75
951,2032,13
951,2051,22
951,2062,26
951,2080,11
951,2084,12
951,2089,19
951,2090,13
951,2092,14
951,2099,74
951,2100,57
951,2102,27
951,2120,15
951,2131,10
951,2162,12
951,2166,40
951,2167,41
951,2173,13
951,2188,12
951,2202,11
951,2239,22
951,2245,20
951,2246,44
951,2247,26
951,2268,10
951,2273,18
951,2276,26
951,2277,11
951,2280,12
951,2283,21
951,2284,13
951,2285,19
951,2287,15
951,2288,18
951,2289,12
951,2292,10
951,2346,24
951,2381,12
951,2383,10
951,2384,19
951,2394,12
951,2396,12
951,2432,56
951,2433,18
951,2434,13
951,2435,10
951,2436,19
951,2440,12
951,2479,38
951,2480,27
951,2481,10
951,2482,12
951,2483,12
951,2484,11
951,2487,10
951,2488,35
951,2489,11
951,2490,11
951,2491,21
951,2492,10
951,2504,15
951,2507,11
951,2508,15
951,2511,16
951,2512,16
951,2513,13
951,2514,13
951,2516,20
951,2517,16
951,2518,10
951,2519,19
951,2524,14
951,2528,16
951,2531,15
951,2532,11
951,2535,11
951,2536,12
951,2537,15
951,2538,10
951,2539,10
951,2540,10
951,2541,10
951,2542,10
951,2543,10
951,2544,13
951,2545,11
951,2546,12
951,2547,12
951,2548,13
951,2549,13
951,2550,39
951,2551,11
951,2552,11
951,2553,11
951,2554,13
951,2555,11
951,2556,11
951,2557,11
951,2558,12
951,2559,13
951,2560,14
951,2561,22
951,2562,10
951,2563,10
951,2566,10
951,2567,18
951,2568,20
951,2569,17
951,2570,16
951,2572,15
951,2576,27
951,2578,12
951,2581,14
951,2583,26
951,2585,17
951,2586,10
951,2587,14
951,2588,11
951,2590,11
951,2595,18
951,2596,11
951,2597,12
951,2608,10
951,2609,10
951,2610,20
951,2611,10
951,2612,10
951,2613,21
951,2614,10
951,2615,11
951,2619,22
951,2631,10
951,2632,17
951,2648,12
951,2650,28
951,2657,22
951,2677,13
951,2678,14
951,2683,11
951,2686,10
951,2696,51
951,2743,17
951,2744,17
951,2753,24
951,2756,45
951,2768,17
951,2769,17
951,2812,10
951,2839,22
951,2844,30
951,2846,16
951,2847,34
951,2853,45
951,2854,12
951,2859,16
951,2861,15
951,2901,43
951,2928,26
951,2945,18
951,2959,10
951,2961,59
951,2981,10
951,2992,37
951,3047,18
951,3051,15
951,3067,14
951,3134,13
951,3138,11
951,3205,16
951,3316,11
951,3473,17
951,3500,13
951,3552,11
951,3671,11
951,3675,17
951,3690,10
951,3702,12
951,3735,10
951,3810,11
951,3828,29
951,3873,16
951,3889,16
951,3965,19
951,3981,10
951,3982,13
951,3983,10
951,3986,12
951,3988,50
951,4004,16
951,4005,10
951,4033,12
951,4050,18
951,4051,16
951,4054,13
951,4064,11
951,4069,18
951,4070,14
951,4084,10
951,4110,13
951,4113,44
951,4138,11
951,4165,15
951,4168,13
951,4201,10
951,4202,10
951,4203,10
951,4206,10
951,4207,21
951,4220,23
951,4225,12
951,4233,36
951,4257,20
951,4296,36
951,4297,28
951,4301,10
951,4330,10
951,4386,29
951,4387,18
951,4388,31
951,4395,10
951,4460,19
951,4480,14
951,4481,13
951,4483,25
951,4485,10
951,4521,30
951,4617,17
951,4683,13
951,4692,21
951,4700,12
951,4702,21
951,4703,19
951,4740,21
951,4741,15
951,4762,18
951,4769,28
951,4846,13
951,4850,15
951,4858,14
951,4974,13
951,5129,13
951,5222,12
951,5226,10
951,5282,13
951,5371,10
951,5465,15
951,5634,15
951,5649,11
951,5658,13
951,5659,10
951,5660,11
951,5667,11
951,5670,10
951,5709,14
951,5722,10
951,5734,12
951,5845,16
951,5859,14
951,5945,12
951,6103,11
951,6207,14
951,6384,14
951,6386,10
951,6399,15
951,6428,10
951,6481,22
951,6488,11
951,6492,17
951,6497,13
951,6541,10
951,6762,12
951,6921,12
951,6941,10
951,7461,10
951,7508,19
951,7545,11
951,7546,20
951,7597,10
951,7893,12
951,7894,12
951,7935,10
951,7988,10
951,8011,20
951,8022,14
951,8289,10
951,8301,346
951,8308,15
951,8310,11
951,8315,79
951,8347,13
951,8361,12
951,8362,24
951,8418,13
951,8446,14
951,8449,12
951,8516,11
951,8521,12
951,8523,10
951,8570,14
951,8571,11
951,8607,11
951,8836,15
951,8990,10
951,9064,10
951,9114,10
952,7,11
952,643,21
952,644,20
952,8660,12
953,7,134
953,12,17
953,36,25
953,55,12
953,57,22
953,79,12
953,83,12
953,103,11
953,109,13
953,111,12
953,134,18
953,135,12
953,136,47
953,140,17
953,145,66
953,156,11
953,165,11
953,166,13
953,186,26
953,210,10
953,220,11
953,238,35
953,278,52
953,300,26
953,309,22
953,312,10
953,317,11
953,323,11
953,338,16
953,345,13
953,364,11
953,379,26
953,397,25
953,404,18
953,408,10
953,438,13
953,472,12
953,491,12
953,525,21
953,535,15
953,568,16
953,570,18
953,581,22
953,599,41
953,625,14
953,626,14
953,642,10
953,643,19
953,644,56
953,654,13
953,668,21
953,761,17
953,805,13
953,823,102
953,832,19
953,853,11
953,858,11
953,953,60
953,954,16
953,957,13
953,961,16
953,966,23
953,1004,25
953,1015,21
953,1028,14
953,1045,10
953,1049,16
953,1117,10
953,1133,11
953,1134,11
953,1146,17
953,1151,15
953,1166,49
953,1176,14
953,1179,30
953,1182,10
953,1277,32
953,1355,39
953,1550,23
953,1589,30
953,1699,29
953,1749,18
953,1915,12
953,2112,14
953,2125,20
953,2816,31
953,2817,25
953,2818,12
953,2844,26
953,2853,15
953,2958,14
953,2985,25
953,3131,24
953,3204,11
953,3250,10
953,3324,29
953,3331,38
953,3333,26
953,3335,11
953,3363,12
953,3552,11
953,3590,11
953,3592,12
953,3594,18
953,3611,10
953,3617,11
953,3635,12
953,3636,12
953,3642,14
953,3643,14
953,3755,13
953,4617,10
953,4741,23
953,4796,18
953,5099,15
953,5115,18
953,5141,15
953,5144,10
953,5972,10
953,5973,14
953,6123,10
953,7125,11
953,8128,12
953,8129,12
953,8130,11
953,8131,11
954,7,14
954,68,12
954,533,17
954,643,12
954,644,15
954,1166,11
955,643,15
955,644,21
957,7,169
957,12,24
957,30,20
957,34,44
957,35,217
957,36,196
957,38,10
957,57,341
957,59,30
957,67,68
957,68,159
957,79,14
957,87,40
957,108,17
957,136,38
957,137,197
957,185,48
957,186,51
957,189,26
957,193,13
957,199,16
957,202,40
957,207,10
957,214,13
957,219,13
957,230,15
957,238,22
957,242,17
957,253,26
957,263,19
957,278,466
957,281,21
957,288,10
957,323,11
957,331,200
957,338,10
957,345,11
957,360,11
957,376,38
957,398,10
957,404,21
957,416,33
957,428,30
957,443,15
957,446,15
957,449,15
957,474,16
957,476,20
957,477,40
957,479,12
957,505,24
957,508,114
957,522,36
957,531,11
957,533,195
957,534,16
957,544,16
957,566,24
957,568,18
957,570,49
957,581,25
957,605,21
957,611,54
957,624,12
957,641,10
957,643,20
957,644,450
957,654,12
957,660,15
957,726,16
957,765,39
957,803,324
957,808,121
957,836,13
957,838,13
957,880,21
957,957,242
957,961,16
957,963,25
957,987,42
957,1028,14
957,1132,21
957,1156,22
957,1188,17
957,1211,19
957,1277,19
957,1300,15
957,1363,13
957,1367,11
957,1371,14
957,1372,18
957,1417,21
957,1429,10
957,1443,14
957,1488,17
957,1489,59
957,1505,14
957,1579,13
957,1581,190
957,1601,17
957,1606,15
957,1645,32
957,1701,26
957,1732,19
957,1743,10
957,1749,17
957,1753,13
957,1754,10
957,1825,10
957,1828,25
957,1831,20
957,1877,15
957,1878,21
957,1879,49
957,1889,17
957,1893,87
957,1894,49
957,1895,13
957,1916,36
957,1936,16
957,1981,15
957,1986,10
957,1987,11
957,1994,16
957,1995,27
957,1996,19
957,2004,12
957,2008,39
957,2027,35
957,2032,12
957,2061,10
957,2076,13
957,2077,25
957,2089,16
957,2090,15
957,2099,47
957,2100,31
957,2104,29
957,2113,13
957,2142,18
957,2143,19
957,2166,28
957,2239,25
957,2240,14
957,2245,10
957,2246,27
957,2247,18
957,2384,16
957,2436,18
957,2576,10
957,2595,22
957,2650,12
957,2670,29
957,2678,13
957,2689,10
957,2696,51
957,2817,26
957,2819,19
957,2844,10
957,2853,16
957,2959,10
957,2961,51
957,2996,10
957,3047,23
957,3089,10
957,3101,40
957,3115,32
957,3138,17
957,3205,11
957,3250,12
957,3253,10
957,3280,20
957,3316,11
957,3517,16
957,3526,14
957,3609,17
957,3675,10
957,3702,11
957,3710,12
957,3711,41
957,3747,14
957,3759,13
957,3802,12
957,3810,10
957,3828,27
957,3873,20
957,3889,23
957,4069,10
957,4220,16
957,4257,14
957,4296,19
957,4361,11
957,4450,10
957,4521,14
957,4702,15
957,4720,53
957,4722,16
957,4723,11
957,4739,13
957,4790,20
957,4796,159
957,4892,21
957,4949,12
957,4958,11
957,5003,17
957,5203,15
957,5260,11
957,5366,25
957,5419,12
957,5502,19
957,5614,10
957,5701,10
957,5709,20
957,5710,13
957,5813,10
957,6340,43
957,6428,12
957,7597,13
957,7839,12
957,7893,12
957,7894,12
957,8129,19
957,8130,24
957,8131,21
957,8301,190
957,8315,43
957,8446,11
957,8570,13
957,8572,46
957,8623,29
957,8625,26
957,8628,29
957,8629,37
957,8630,44
957,8631,54
957,8632,40
957,8633,23
957,8634,23
957,8635,19
957,8729,10
957,8734,19
957,8802,20
957,8836,20
957,9694,12
959,643,15
959,644,18
960,643,15
960,644,21
961,7,51
961,57,15
961,68,18
961,102,12
961,238,18
961,245,35
961,261,10
961,444,18
961,534,15
961,604,13
961,643,12
961,644,33
961,823,77
961,961,17
961,964,19
961,1093,13
961,1132,43
961,1355,23
961,1646,13
961,1799,13
961,2288,35
961,2334,18
961,3321,14
961,3324,19
961,3503,14
961,3566,11
961,3673,20
961,4803,23
961,5003,10
961,6289,27
961,8635,19
961,10171,48
961,10274,28
962,643,14
962,644,14
963,7,12
963,35,20
963,36,17
963,68,16
963,87,10
963,508,12
963,644,32
963,1355,13
963,1801,43
963,2099,11
964,7,23
964,122,49
964,235,25
964,236,25
964,643,21
964,644,21
964,987,10
964,1004,10
964,3280,33
964,3324,14
964,5168,14
964,5991,10
964,7813,10
964,8835,21
964,10086,12
965,643,15
965,644,16
966,31,16
966,91,11
966,122,10
966,136,10
966,235,16
966,236,16
966,253,12
966,267,29
966,297,16
966,826,15
966,966,51
966,1146,18
966,1749,16
966,2037,14
966,2125,13
966,2126,40
966,2982,11
966,2985,10
966,3010,21
966,3013,23
966,3015,16
966,3019,22
966,3025,26
966,3117,12
966,3286,10
966,3333,12
966,3335,10
966,3385,13
966,3386,13
966,3404,10
966,3405,15
966,3406,45
966,3407,10
966,3408,43
966,3409,10
966,3410,12
966,3440,13
971,122,11
971,245,14
971,251,10
971,444,11
971,448,10
971,622,10
971,971,12
971,1117,38
971,2288,30
971,3324,18
971,3873,11
971,5991,18
971,6289,13
971,8835,30
971,10086,17
971,10087,19
971,10108,10
982,99,12
982,951,10
982,3280,10
985,951,10
987,30,24
987,31,39
987,34,24
987,55,11
987,74,21
987,81,13
987,85,10
987,86,10
987,91,12
987,99,32
987,105,13
987,109,46
987,122,101
987,127,38
987,146,13
987,153,17
987,175,10
987,186,18
987,204,30
987,214,17
987,215,13
987,241,16
987,249,18
987,251,22
987,289,10
987,322,23
987,375,14
987,397,16
987,398,11
987,423,13
987,445,27
987,469,15
987,475,40
987,505,10
987,524,10
987,534,10
987,573,19
987,583,30
987,765,11
987,792,10
987,808,20
987,811,21
987,823,15
987,836,13
987,928,10
987,951,56
987,961,17
987,963,12
987,987,23
987,1004,10
987,1005,15
987,1117,10
987,1132,18
987,1171,11
987,1277,14
987,1313,13
987,1510,17
987,1581,22
987,1589,30
987,1645,15
987,1684,22
987,1767,10
987,1768,10
987,1833,24
987,1871,10
987,1879,12
987,1891,11
987,1904,24
987,2008,10
987,2027,12
987,2068,17
987,2076,12
987,2961,19
987,3280,12
987,3560,21
987,3669,31
987,3671,12
987,3711,20
987,3873,37
987,4639,10
987,6111,14
987,8315,11
987,8635,13
987,9450,12
988,99,18
989,99,12
989,951,19
989,1007,12
993,951,10
994,951,11
996,951,11
998,7,23
998,30,18
998,31,27
998,37,13
998,57,17
998,86,10
998,92,14
998,136,15
998,235,54
998,236,53
998,295,10
998,297,10
998,376,18
998,437,11
998,479,12
998,525,10
998,951,23
998,1251,12
998,1252,12
998,1581,14
998,1589,11
998,1601,10
998,1811,16
998,1812,11
998,1813,11
998,1814,13
1004,7,41
1004,31,28
1004,36,15
1004,68,90
1004,74,28
1004,122,55
1004,127,17
1004,136,19
1004,154,23
1004,245,59
1004,253,12
1004,278,26
1004,295,23
1004,300,13
1004,322,18
1004,379,15
1004,444,13
1004,445,14
1004,471,12
1004,522,18
1004,525,17
1004,604,10
1004,624,15
1004,626,18
1004,660,13
1004,788,18
1004,836,18
1004,843,11
1004,951,22
1004,1004,14
1004,1132,19
1004,1355,14
1004,1510,10
1004,1589,22
1004,4799,16
1004,4949,11
1004,5168,23
1004,5991,11
1004,6289,18
1004,6784,13
1004,9633,19
1004,10086,10
1005,122,16
1005,951,10
1005,3873,12
1006,3711,12
1007,836,13
1007,1007,10
1007,1009,10
1007,1010,10
1007,1012,10
1007,1024,10
1008,122,11
1008,245,17
1015,122,25
1015,145,24
1015,235,26
1015,236,26
1015,245,15
1015,278,13
1015,375,10
1015,397,10
1015,533,26
1015,617,18
1015,656,12
1015,823,29
1015,1589,18
1024,31,12
1024,68,16
1024,122,15
1024,136,18
1024,235,10
1024,236,10
1024,351,10
1024,656,21
1024,820,11
1024,838,14
1028,35,27
1028,36,24
1028,57,21
1028,68,26
1028,235,22
1028,236,22
1028,278,36
1028,617,15
1028,656,13
1028,814,15
1028,1093,20
1028,1801,37
1028,4187,10
1028,4297,11
1028,5927,20
1040,7,16
1040,145,11
1040,644,13
1040,814,11
1040,1049,16
1040,1102,14
1040,4799,21
1045,238,11
1045,814,15
1045,823,19
1045,1355,10
1045,2323,10
1045,3610,12
1045,3611,14
1046,145,11
1049,7,66
1049,31,15
1049,122,25
1049,136,19
1049,186,10
1049,204,12
1049,463,11
1049,475,44
1049,524,29
1049,525,12
1049,533,44
1049,570,40
1049,741,11
1049,789,39
1049,810,11
1049,811,16
1049,814,70
1049,823,54
1049,1049,22
1049,1490,11
1049,1645,25
1049,2696,17
1049,3250,13
1049,3526,14
1049,3559,14
1049,3560,13
1049,3759,21
1049,4147,10
1049,6114,15
1049,6267,13
1049,7125,46
1049,8128,22
1049,8129,20
1049,8130,25
1049,8131,15
1049,8607,15
1050,31,13
1050,122,19
1050,605,11
1052,278,10
1052,585,10
1052,644,12
1052,811,16
1052,966,12
1052,1052,13
1052,4983,19
1052,5003,17
1052,5023,10
1052,7002,17
1054,508,11
1054,533,16
1055,219,10
1055,245,22
1055,475,15
1055,533,20
1058,68,22
1058,278,11
1064,7,10
1064,68,17
1064,245,24
1064,278,12
1074,245,22
1074,823,12
1074,2288,11
1074,6267,13
1083,99,15
1083,122,17
1084,99,19
1084,122,18
1084,235,13
1084,236,13
1085,99,19
1085,122,19
1085,235,16
1085,236,16
1085,617,10
1086,99,25
1086,122,29
1086,236,10
1086,475,11
1086,617,10
1086,803,19
1086,814,18
1086,1102,11
1087,99,20
1087,122,20
1087,617,10
1088,99,20
1088,122,20
1088,617,10
1089,99,24
1089,122,22
1089,235,16
1089,236,15
1089,533,10
1090,99,21
1090,122,20
1090,803,10
1091,122,10
1093,7,98
1093,30,36
1093,35,107
1093,36,113
1093,37,12
1093,38,14
1093,39,12
1093,51,17
1093,67,24
1093,68,151
1093,74,32
1093,79,15
1093,81,14
1093,86,13
1093,92,27
1093,98,15
1093,99,98
1093,103,10
1093,109,273
1093,118,21
1093,137,146
1093,138,12
1093,139,16
1093,146,10
1093,151,10
1093,168,10
1093,175,10
1093,193,10
1093,199,10
1093,204,13
1093,218,13
1093,230,13
1093,251,18
1093,281,18
1093,322,24
1093,331,126
1093,376,38
1093,397,11
1093,404,14
1093,407,10
1093,409,12
1093,416,13
1093,428,18
1093,469,15
1093,477,12
1093,509,18
1093,522,18
1093,525,12
1093,535,10
1093,568,27
1093,570,12
1093,611,10
1093,622,11
1093,624,28
1093,644,269
1093,645,12
1093,660,10
1093,712,13
1093,726,14
1093,729,12
1093,741,22
1093,766,12
1093,788,10
1093,797,11
1093,808,91
1093,811,15
1093,814,19
1093,820,10
1093,823,29
1093,843,11
1093,867,19
1093,951,446
1093,953,33
1093,957,184
1093,987,26
1093,1004,10
1093,1093,77
1093,1102,18
1093,1240,12
1093,1270,15
1093,1277,11
1093,1307,15
1093,1355,42
1093,1372,13
1093,1429,11
1093,1488,15
1093,1489,28
1093,1540,15
1093,1581,127
1093,1801,474
1093,1805,37
1093,1813,46
1093,1814,74
1093,1816,16
1093,1819,10
1093,1820,11
1093,1877,15
1093,1878,16
1093,1879,29
1093,1896,12
1093,1904,86
1093,1916,27
1093,1936,12
1093,1938,84
1093,1973,13
1093,1980,11
1093,1987,12
1093,2007,21
1093,2008,18
1093,2038,12
1093,2062,10
1093,2065,17
1093,2068,49
1093,2174,11
1093,2313,12
1093,2316,11
1093,2323,13
1093,2440,12
1093,2550,10
1093,2576,11
1093,2632,11
1093,2670,22
1093,2816,15
1093,3121,13
1093,3131,11
1093,3256,13
1093,3889,13
1093,3988,16
1093,4070,10
1093,4113,17
1093,4617,16
1093,4762,11
1093,4780,11
1093,5845,11
1093,6762,11
1093,6941,10
1093,8315,21
1094,7,14
1094,99,31
1094,322,12
1094,475,23
1094,836,10
1101,524,12
1101,533,31
1102,2,12
1102,3,12
1102,12,36
1102,81,25
1102,103,22
1102,105,10
1102,109,11
1102,111,22
1102,127,62
1102,146,27
1102,147,37
1102,185,21
1102,186,52
1102,189,31
1102,193,12
1102,197,29
1102,218,12
1102,219,11
1102,263,16
1102,275,19
1102,276,10
1102,278,22
1102,288,17
1102,295,58
1102,322,133
1102,323,12
1102,382,20
1102,397,13
1102,398,21
1102,407,40
1102,409,31
1102,428,18
1102,472,16
1102,504,12
1102,505,41
1102,522,37
1102,524,10
1102,525,12
1102,533,158
1102,570,141
1102,583,11
1102,589,14
1102,590,12
1102,597,19
1102,605,32
1102,611,39
1102,624,15
1102,644,39
1102,660,12
1102,676,10
1102,741,10
1102,761,27
1102,789,106
1102,803,212
1102,811,34
1102,823,450
1102,832,28
1102,953,11
1102,957,160
1102,987,17
1102,1004,12
1102,1049,40
1102,1102,185
1102,1132,26
1102,1156,12
1102,1168,16
1102,1188,41
1102,1277,28
1102,1443,12
1102,1488,11
1102,1489,61
1102,1510,26
1102,1589,12
1102,1645,13
1102,1763,18
1102,1871,17
1102,2032,15
1102,2113,18
1102,2236,19
1102,2423,14
1102,2436,16
1102,2696,39
1102,2817,21
1102,2996,10
1102,3115,32
1102,3238,12
1102,3242,15
1102,3250,44
1102,3264,13
1102,3327,10
1102,3410,10
1102,3517,16
1102,3555,94
1102,3589,12
1102,3671,19
1102,3747,16
1102,3752,50
1102,3762,11
1102,3769,13
1102,3830,11
1102,3844,10
1102,3953,15
1102,4739,17
1102,4780,79
1102,4796,449
1102,5007,10
1102,5032,10
1102,5097,16
1102,5114,15
1102,5141,42
1102,5145,10
1102,5150,21
1102,5192,13
1102,5293,12
1102,5301,13
1102,5366,28
1102,5737,12
1102,5945,11
1102,6267,85
1102,6494,15
1102,7125,106
1102,7839,15
1102,8096,15
1102,8210,14
1102,8211,14
1102,8212,14
1102,8446,20
1102,8734,43
1102,8785,14
1102,8786,44
1102,8787,42
1102,8794,22
1102,8795,12
1102,8796,20
1102,8802,18
1102,8809,12
1102,8810,15
1102,8922,21
1104,148,12
1109,128,10
1109,148,14
1113,12,27
1113,68,43
1113,145,13
1113,185,14
1113,204,23
1113,235,57
1113,236,60
1113,238,10
1113,295,30
1113,322,12
1113,397,50
1113,407,14
1113,432,10
1113,522,13
1113,524,55
1113,531,10
1113,583,11
1113,761,12
1113,953,19
1113,957,10
1113,987,16
1113,1049,28
1113,1113,29
1113,1117,23
1113,1211,11
1113,1490,12
1113,1510,17
1113,2949,12
1113,3410,15
1113,3526,11
1113,3669,11
1113,3873,15
1113,4741,13
1113,4799,52
1113,5141,17
1113,5150,18
1113,5228,10
1113,6340,33
1113,8128,47
1113,8129,42
1113,8251,10
1117,12,18
1117,31,13
1117,127,12
1117,154,14
1117,204,47
1117,245,36
1117,251,14
1117,322,16
1117,407,10
1117,444,12
1117,445,11
1117,448,19
1117,458,10
1117,508,14
1117,525,10
1117,617,10
1117,676,12
1117,789,21
1117,823,46
1117,836,33
1117,1004,16
1117,1049,31
1117,1093,11
1117,1102,25
1117,1117,28
1117,1166,10
1117,1188,19
1117,1277,14
1117,1355,13
1117,1510,12
1117,1645,14
1117,2334,10
1117,2949,10
1117,3196,10
1117,3324,14
1117,3711,11
1117,3759,10
1117,3873,12
1117,4740,10
1117,4796,31
1117,5005,10
1117,5006,10
1117,5168,18
1117,5991,14
1117,8128,13
1117,8130,12
1117,9633,14
1117,10086,12
1117,10108,14
1119,30,14
1119,235,12
1119,236,12
1119,245,20
1122,31,15
1122,74,14
1122,235,50
1122,236,51
1122,295,11
1122,566,12
1122,568,13
1122,581,11
1122,617,11
1122,808,15
1122,814,20
1122,832,12
1122,1166,11
1122,1188,13
1122,1355,22
1124,322,28
1124,1127,10
1127,322,15
1131,36,15
1131,278,11
1131,313,10
1131,365,17
1131,444,10
1131,499,14
1131,1131,12
1131,1439,11
1131,5927,24
1132,145,19
1132,146,10
1132,151,12
1132,153,10
1132,186,16
1132,235,15
1132,236,15
1132,278,12
1132,397,71
1132,471,29
1132,475,39
1132,508,23
1132,527,10
1132,533,137
1132,626,12
1132,654,11
1132,789,10
1132,792,11
1132,803,81
1132,836,24
1132,953,22
1132,964,34
1132,1015,16
1132,1132,36
1132,1277,15
1132,1355,10
1132,1589,116
1132,1645,15
1132,1799,12
1132,2027,13
1132,2068,12
1132,2125,10
1132,3115,14
1132,3503,12
1132,3566,12
1132,4113,13
1132,4780,10
1132,4799,17
1132,4803,21
1132,5003,12
1132,5168,33
1132,5228,16
1132,7813,45
1132,10274,55
1138,568,20
1138,5228,36
1145,136,11
1145,235,24
1145,236,25
1145,375,12
1145,533,23
1146,3447,10
1151,68,12
1151,278,10
1152,12,12
1152,31,20
1152,68,56
1152,122,57
1152,128,12
1152,136,10
1152,154,21
1152,186,21
1152,204,26
1152,245,57
1152,295,16
1152,322,12
1152,448,11
1152,463,11
1152,475,24
1152,508,32
1152,522,14
1152,525,15
1152,604,10
1152,814,13
1152,823,25
1152,951,10
1152,957,14
1152,987,23
1152,1004,11
1152,1113,23
1152,1132,17
1152,1355,34
1152,1801,12
1152,3280,16
1152,3669,20
1152,4799,11
1152,8835,13
1153,122,34
1153,245,11
1153,278,12
1153,375,11
1156,122,32
1156,186,12
1156,477,10
1156,508,10
1156,823,51
1157,966,10
1159,122,12
1159,245,17
1159,533,17
1162,122,11
1163,35,10
1163,235,39
1163,236,39
1163,253,12
1163,278,17
1163,533,35
1163,644,10
1163,951,15
1163,1252,10
1165,30,10
1165,68,25
1165,145,14
1165,245,20
1165,278,15
1165,533,25
1165,568,13
1165,604,13
1165,656,17
1165,811,16
1165,1093,14
1165,1355,14
1165,3121,10
1166,7,53
1166,30,20
1166,127,24
1166,146,13
1166,147,13
1166,238,22
1166,245,21
1166,263,13
1166,278,18
1166,295,40
1166,322,24
1166,397,15
1166,475,61
1166,508,27
1166,522,11
1166,533,33
1166,597,10
1166,599,15
1166,627,12
1166,741,11
1166,761,13
1166,808,15
1166,809,10
1166,814,111
1166,832,15
1166,867,10
1166,957,29
1166,1004,10
1166,1028,11
1166,1045,13
1166,1049,16
1166,1102,51
1166,1113,27
1166,1132,18
1166,1166,17
1166,1179,14
1166,1277,41
1166,1355,28
1166,1550,14
1166,2323,24
1166,2741,11
1166,2814,15
1166,2816,18
1166,2817,11
1166,2841,13
1166,2844,13
1166,2985,12
1166,3131,20
1166,3250,10
1166,3331,32
1166,3333,12
1166,3363,30
1166,3526,10
1166,3610,13
1166,3611,13
1166,3616,10
1166,3669,13
1166,3711,16
1166,3752,12
1166,4796,50
1166,4892,10
1166,8572,15
1166,8607,39
1168,761,10
1168,814,28
1168,4796,17
1171,7,19
1171,30,11
1171,416,10
1171,5168,13
1179,7,11
1179,245,14
1179,278,11
1184,7,14
1184,31,12
1187,7,21
1187,31,19
1187,36,10
1187,68,15
1187,186,14
1187,508,14
1187,568,15
1187,583,12
1187,814,18
1187,836,12
1187,951,10
1187,1355,18
1188,7,80
1188,30,36
1188,37,17
1188,85,19
1188,91,19
1188,92,28
1188,94,16
1188,96,11
1188,103,15
1188,109,20
1188,111,15
1188,127,28
1188,154,32
1188,155,14
1188,161,26
1188,180,17
1188,186,30
1188,189,11
1188,199,13
1188,200,21
1188,202,26
1188,203,10
1188,204,35
1188,213,10
1188,229,16
1188,238,25
1188,241,15
1188,249,14
1188,251,23
1188,253,26
1188,256,13
1188,263,11
1188,281,12
1188,288,32
1188,289,23
1188,299,12
1188,338,10
1188,365,10
1188,370,12
1188,375,32
1188,379,24
1188,398,21
1188,409,10
1188,416,48
1188,419,18
1188,428,42
1188,432,15
1188,437,27
1188,444,11
1188,448,19
1188,449,10
1188,458,17
1188,459,22
1188,463,20
1188,464,11
1188,484,10
1188,513,10
1188,514,14
1188,515,12
1188,517,11
1188,524,21
1188,525,54
1188,533,194
1188,534,29
1188,535,58
1188,573,24
1188,583,36
1188,589,13
1188,597,12
1188,605,11
1188,644,21
1188,712,10
1188,741,15
1188,781,13
1188,811,28
1188,813,13
1188,814,16
1188,908,10
1188,928,26
1188,961,13
1188,987,39
1188,1004,10
1188,1093,23
1188,1094,10
1188,1101,17
1188,1113,23
1188,1152,17
1188,1171,10
1188,1188,48
1188,1211,22
1188,1220,10
1188,1244,10
1188,1253,10
1188,1270,27
1188,1313,10
1188,1314,15
1188,1340,12
1188,1355,56
1188,1443,10
1188,1488,10
1188,1489,33
1188,1494,10
1188,1498,18
1188,1871,28
1188,2371,28
1188,2670,31
1188,2839,15
1188,2844,18
1188,2926,12
1188,2949,17
1188,2961,17
1188,2995,16
1188,3033,10
1188,3270,10
1188,3324,11
1188,3560,12
1188,3584,16
1188,3594,11
1188,3669,18
1188,3671,18
1188,3673,12
1188,3702,11
1188,3764,13
1188,3768,11
1188,3876,11
1188,3953,19
1188,4233,10
1188,4631,12
1188,4796,49
1188,4799,14
1188,5129,26
1188,5228,12
1188,5301,18
1188,5859,11
1188,5926,17
1188,5927,23
1188,5977,10
1188,6241,18
1188,6267,10
1188,6332,14
1188,6340,10
1188,6997,15
1188,7125,10
1200,278,10
1203,235,22
1203,236,22
1203,278,17
1207,235,11
1207,236,11
1207,278,11
1208,68,10
1210,91,10
1210,172,10
1210,175,14
1210,235,66
1210,236,65
1210,278,16
1210,297,14
1210,309,10
1210,313,12
1210,370,11
1210,437,17
1210,475,14
1210,479,11
1210,644,10
1210,1188,12
1210,1210,11
1210,1589,17
1210,1601,16
1210,1604,10
1211,74,21
1211,87,14
1211,136,10
1211,137,11
1211,153,12
1211,204,17
1211,235,76
1211,236,77
1211,278,22
1211,375,18
1211,376,17
1211,446,13
1211,522,26
1211,533,57
1211,803,10
1211,1093,10
1211,1226,10
1211,1270,18
1211,1489,16
1211,1799,12
1211,1893,15
1211,2842,13
1211,3876,14
1211,5129,18
1220,7,13
1220,58,11
1220,99,40
1220,128,10
1220,533,15
1220,644,11
1220,660,10
1220,1093,11
1220,1264,11
1220,2670,10
1220,3400,10
1220,4617,12
1226,7,10
1226,533,23
1229,309,10
1232,30,13
1232,118,10
1232,235,29
1232,236,30
1232,416,10
1232,466,10
1232,502,10
1232,533,28
1232,792,12
1232,1240,12
1232,5228,21
1234,145,10
1236,1967,12
1240,30,11
1240,31,19
1240,35,23
1240,74,11
1240,109,10
1240,111,20
1240,118,11
1240,235,27
1240,236,27
1240,278,13
1240,360,17
1240,365,12
1240,1131,10
1240,1188,12
1240,1240,11
1240,1251,17
1240,1488,11
1240,2989,12
1240,4741,12
1240,6066,10
1240,6067,12
1241,1188,14
1242,245,18
1242,535,13
1242,4741,10
1243,245,12
1244,7,23
1244,31,15
1244,58,11
1244,68,27
1244,74,17
1244,278,22
1244,331,13
1244,469,11
1244,475,17
1244,525,14
1244,644,19
1244,5228,12
1244,5927,10
1248,108,10
1248,1251,12
1251,12,21
1251,30,24
1251,34,39
1251,35,153
1251,36,125
1251,55,27
1251,57,287
1251,67,28
1251,68,99
1251,92,32
1251,96,12
1251,98,11
1251,105,23
1251,108,21
1251,122,28
1251,127,16
1251,132,11
1251,137,191
1251,199,11
1251,202,31
1251,207,11
1251,229,32
1251,246,10
1251,253,25
1251,281,18
1251,282,19
1251,289,11
1251,297,66
1251,331,173
1251,343,10
1251,375,32
1251,376,46
1251,416,17
1251,437,29
1251,446,13
1251,459,19
1251,522,29
1251,581,10
1251,604,15
1251,611,20
1251,673,14
1251,726,20
1251,765,26
1251,787,10
1251,820,13
1251,838,15
1251,880,10
1251,957,285
1251,987,31
1251,1093,190
1251,1251,158
1251,1252,230
1251,1355,15
1251,1356,14
1251,1365,27
1251,1372,15
1251,1417,48
1251,1429,12
1251,1498,17
1251,1525,12
1251,1581,161
1251,1601,22
1251,1610,12
1251,1619,14
1251,1688,19
1251,1701,31
1251,1755,18
1251,1811,101
1251,1812,41
1251,1813,53
1251,1814,67
1251,1815,10
1251,1851,19
1251,1852,15
1251,1853,14
1251,1854,13
1251,1877,17
1251,1878,23
1251,1879,40
1251,1889,26
1251,1891,162
1251,1892,54
1251,1893,66
1251,1894,38
1251,1895,26
1251,1896,15
1251,1904,147
1251,1936,14
1251,1938,138
1251,1986,11
1251,1987,19
1251,1994,16
1251,1995,34
1251,1996,29
1251,2004,13
1251,2006,12
1251,2007,28
1251,2027,34
1251,2065,13
1251,2068,56
1251,2099,29
1251,2100,23
1251,2102,12
1251,2104,15
1251,2133,18
1251,2142,15
1251,2143,10
1251,2166,17
1251,2167,17
1251,2174,12
1251,2245,13
1251,2246,15
1251,2247,13
1251,2371,13
1251,2432,15
1251,2440,13
1251,2479,11
1251,2480,11
1251,2488,13
1251,2583,23
1251,2632,12
1251,2650,26
1251,2657,15
1251,2696,24
1251,2716,13
1251,2847,13
1251,2853,12
1251,2961,27
1251,3316,10
1251,3317,10
1251,3711,10
1251,3889,14
1251,3971,20
1251,3974,12
1251,3976,13
1251,3977,13
1251,3978,12
1251,3988,24
1251,4113,18
1251,4207,11
1251,4257,17
1251,4446,12
1251,4740,15
1251,4741,28
1251,5502,19
1251,6399,13
1251,6428,10
1251,6430,10
1251,8011,20
1251,8022,14
1251,8571,11
1251,8836,10
1251,8969,10
1252,27,10
1252,30,21
1252,34,41
1252,35,142
1252,36,128
1252,51,19
1252,55,31
1252,57,413
1252,67,40
1252,68,104
1252,87,24
1252,92,37
1252,98,13
1252,108,13
1252,110,13
1252,122,16
1252,127,14
1252,136,22
1252,137,242
1252,155,13
1252,186,11
1252,199,12
1252,202,28
1252,246,11
1252,249,10
1252,253,22
1252,281,16
1252,282,53
1252,295,18
1252,297,50
1252,331,261
1252,343,16
1252,353,42
1252,375,35
1252,376,39
1252,379,13
1252,398,16
1252,416,23
1252,428,13
1252,437,14
1252,443,11
1252,446,13
1252,508,19
1252,522,17
1252,533,87
1252,535,17
1252,568,12
1252,581,10
1252,611,22
1252,765,23
1252,766,18
1252,803,139
1252,808,91
1252,880,11
1252,957,269
1252,987,22
1252,1028,16
1252,1093,201
1252,1211,19
1252,1244,12
1252,1252,198
1252,1316,11
1252,1355,22
1252,1365,16
1252,1372,15
1252,1417,12
1252,1440,11
1252,1492,12
1252,1581,189
1252,1589,206
1252,1601,15
1252,1619,17
1252,1649,11
1252,1688,13
1252,1701,10
1252,1732,23
1252,1811,80
1252,1812,36
1252,1813,52
1252,1814,84
1252,1816,13
1252,1819,14
1252,1820,12
1252,1825,12
1252,1833,142
1252,1845,11
1252,1846,12
1252,1851,25
1252,1852,17
1252,1853,17
1252,1854,21
1252,1877,15
1252,1878,21
1252,1879,36
1252,1891,60
1252,1892,42
1252,1893,31
1252,1894,36
1252,1896,10
1252,1904,82
1252,1916,20
1252,1962,32
1252,1964,17
1252,1967,13
1252,1973,45
1252,1980,28
1252,1981,17
1252,1987,43
1252,1988,16
1252,1994,32
1252,1995,62
1252,1996,55
1252,2004,34
1252,2006,20
1252,2007,28
1252,2009,15
1252,2026,10
1252,2027,27
1252,2051,13
1252,2062,15
1252,2065,15
1252,2089,11
1252,2090,10
1252,2099,45
1252,2100,31
1252,2102,16
1252,2104,12
1252,2108,12
1252,2128,11
1252,2166,12
1252,2167,15
1252,2273,10
1252,2276,11
1252,2346,16
1252,2379,10
1252,2396,13
1252,2432,14
1252,2463,10
1252,2476,12
1252,2479,25
1252,2480,27
1252,2487,10
1252,2488,16
1252,2491,16
1252,2503,10
1252,2504,11
1252,2508,11
1252,2512,16
1252,2513,12
1252,2514,12
1252,2516,12
1252,2550,18
1252,2561,10
1252,2567,11
1252,2568,11
1252,2569,11
1252,2570,10
1252,2572,10
1252,2576,20
1252,2578,11
1252,2583,12
1252,2610,12
1252,2613,13
1252,2619,11
1252,2648,10
1252,2670,20
1252,2844,15
1252,2853,12
1252,3889,11
1252,4080,10
1252,4462,13
1252,4521,19
1252,4740,20
1252,4741,12
1252,4762,10
1252,5614,11
1252,5702,12
1252,8315,27
1252,8362,17
1253,7,21
1253,204,11
1253,245,33
1261,953,10
1262,68,11
1262,533,25
1262,2076,12
1264,7,21
1264,31,24
1264,68,41
1264,92,11
1264,375,11
1264,379,19
1264,525,11
1264,604,11
1264,617,11
1264,797,10
1264,853,12
1264,953,10
1264,1004,11
1264,1093,10
1264,1188,14
1264,3400,25
1264,4617,29
1264,6762,11
1264,6997,13
1265,7,12
1265,437,10
1265,533,40
1265,1270,22
1265,1871,13
1265,4741,15
1265,5129,22
1266,533,19
1270,36,24
1270,74,75
1270,82,11
1270,86,21
1270,92,31
1270,94,12
1270,96,39
1270,103,24
1270,105,10
1270,108,13
1270,109,22
1270,111,19
1270,118,12
1270,119,18
1270,127,23
1270,146,32
1270,153,17
1270,175,63
1270,177,18
1270,184,19
1270,189,19
1270,197,20
1270,200,12
1270,202,12
1270,204,29
1270,215,12
1270,229,12
1270,235,185
1270,236,188
1270,251,38
1270,254,11
1270,276,14
1270,281,19
1270,289,59
1270,295,25
1270,297,16
1270,309,49
1270,322,12
1270,350,12
1270,360,11
1270,373,14
1270,375,32
1270,376,27
1270,382,19
1270,401,12
1270,407,20
1270,409,13
1270,416,25
1270,437,52
1270,443,13
1270,446,27
1270,449,16
1270,461,11
1270,462,11
1270,469,14
1270,477,13
1270,479,33
1270,502,11
1270,509,10
1270,515,19
1270,522,57
1270,531,10
1270,535,27
1270,546,12
1270,557,15
1270,626,13
1270,646,14
1270,813,13
1270,928,11
1270,932,13
1270,1163,22
1270,1210,20
1270,1226,14
1270,1243,10
1270,1270,64
1270,1367,18
1270,1440,34
1270,1447,13
1270,1461,12
1270,1478,23
1270,1489,29
1270,1641,17
1270,1684,12
1270,1729,16
1270,1801,11
1270,1829,12
1270,1871,63
1270,1895,12
1270,2074,19
1270,2128,12
1270,2288,12
1270,2875,13
1270,3053,15
1270,3065,12
1270,3270,31
1270,3828,14
1270,3835,16
1270,3876,11
1270,3889,25
1270,3895,14
1270,4639,10
1270,5129,206
1270,5395,12
1270,5513,22
1270,5514,23
1270,6043,13
1270,6573,10
1270,9297,21
1270,9353,27
1270,9415,10
1270,9417,13
1270,9432,10
1270,9480,16
1273,122,18
1273,533,15
1273,1188,10
1273,1274,13
1274,122,18
1274,533,24
1276,35,12
1276,36,12
1276,74,11
1276,245,13
1276,437,15
1276,1915,12
1277,31,30
1277,68,24
1277,146,10
1277,245,22
1277,475,42
1277,508,21
1277,522,11
1277,599,10
1277,808,13
1277,811,13
1277,814,97
1277,823,82
1277,832,15
1277,1049,27
1277,1113,25
1277,1152,12
1277,1277,13
1277,2814,11
1277,3131,10
1277,3250,15
1277,3331,18
1277,3363,15
1277,3526,14
1277,3711,23
1277,4803,13
1277,5228,16
1278,295,18
1278,597,17
1278,953,26
1278,966,48
1278,1146,23
1278,1278,32
1278,1355,15
1278,1967,18
1278,2958,15
1278,2985,13
1278,3319,11
1278,3324,15
1278,3333,20
1278,3335,13
1278,3363,14
1278,3408,62
1278,3410,11
1278,3445,10
1278,3446,10
1278,3447,16
1278,3448,13
1278,5228,10
1278,5927,13
1283,68,11
1283,245,14
1283,471,11
1283,1113,10
1284,5927,46
1286,10171,11
1289,7,20
1289,154,12
1289,235,15
1289,236,15
1289,471,12
1289,524,12
1289,2125,15
1290,288,14
1290,322,29
1290,360,10
1292,416,12
1292,533,17
1293,235,12
1293,236,11
1293,376,15
1293,1210,14
1300,7,11
1300,814,30
1300,1102,28
1300,4796,27
1301,7,11
1301,533,11
1302,7,16
1302,68,12
1302,235,54
1302,236,55
1302,245,26
1302,508,11
1302,811,10
1302,1188,11
1306,235,16
1306,236,16
1307,7,32
1307,68,36
1307,238,10
1307,245,14
1307,535,19
1307,568,13
1307,1188,13
1313,7,21
1313,74,10
1313,204,13
1313,235,32
1313,236,34
1313,444,12
1313,445,13
1313,448,20
1313,522,11
1313,836,11
1313,2288,46
1313,8835,22
1313,9633,11
1314,7,11
1314,235,32
1314,236,32
1314,245,12
1314,309,10
1314,533,11
1314,2288,11
1314,5927,17
1316,7,14
1316,235,25
1316,236,26
1316,245,16
1316,951,14
1323,99,10
1331,235,11
1331,236,11
1343,235,18
1343,236,18
1348,235,15
1348,236,15
1355,1,16
1355,7,89
1355,12,54
1355,31,51
1355,34,22
1355,35,43
1355,36,48
1355,55,13
1355,68,87
1355,78,11
1355,83,16
1355,85,32
1355,87,54
1355,91,20
1355,96,12
1355,99,92
1355,122,100
1355,128,17
1355,136,30
1355,137,17
1355,146,18
1355,183,10
1355,199,21
1355,203,11
1355,209,12
1355,217,10
1355,219,15
1355,220,17
1355,245,183
1355,247,17
1355,275,13
1355,276,11
1355,297,20
1355,322,28
1355,331,12
1355,365,10
1355,376,15
1355,398,28
1355,404,15
1355,419,15
1355,428,30
1355,459,16
1355,471,11
1355,474,21
1355,475,25
1355,479,21
1355,497,15
1355,507,12
1355,508,106
1355,522,27
1355,524,46
1355,525,29
1355,531,27
1355,533,167
1355,535,65
1355,565,10
1355,568,53
1355,570,17
1355,583,32
1355,597,15
1355,599,38
1355,604,67
1355,605,14
1355,617,30
1355,626,13
1355,627,12
1355,645,17
1355,646,13
1355,656,24
1355,660,10
1355,802,10
1355,820,12
1355,832,24
1355,867,17
1355,904,10
1355,957,22
1355,987,58
1355,1028,10
1355,1049,16
1355,1113,31
1355,1179,11
1355,1203,10
1355,1211,28
1355,1264,12
1355,1270,24
1355,1277,24
1355,1307,13
1355,1355,78
1355,1356,11
1355,1418,12
1355,1443,12
1355,1478,10
1355,1489,28
1355,1498,21
1355,1510,13
1355,1523,11
1355,1601,17
1355,1603,10
1355,1641,11
1355,1684,12
1355,1699,20
1355,1730,10
1355,1732,22
1355,1747,12
1355,1749,22
1355,1805,15
1355,1811,24
1355,1833,19
1355,1871,22
1355,1892,14
1355,1916,11
1355,2288,10
1355,2371,17
1355,2436,12
1355,2741,23
1355,2814,22
1355,2816,43
1355,2817,25
1355,2826,23
1355,2844,47
1355,2845,12
1355,2848,10
1355,2853,15
1355,2915,15
1355,2928,10
1355,2981,10
1355,2982,24
1355,2985,24
1355,3047,10
1355,3049,24
1355,3059,11
1355,3121,11
1355,3132,12
1355,3138,11
1355,3193,15
1355,3256,41
1355,3265,10
1355,3331,38
1355,3333,25
1355,3508,11
1355,3665,10
1355,3669,26
1355,3671,13
1355,3686,10
1355,3711,18
1355,3828,17
1355,3875,10
1355,3876,11
1355,3906,10
1355,4282,11
1355,5129,26
1355,5228,15
1355,5927,47
1356,35,10
1356,137,10
1356,297,10
1356,365,10
1356,533,11
1356,1811,27
1356,1813,12
1356,1814,13
1356,1938,12
1360,533,18
1361,7,21
1361,68,24
1361,74,16
1361,105,10
1361,245,30
1361,278,15
1361,533,25
1364,533,19
1365,23,28
1365,68,12
1365,137,12
1365,245,24
1365,278,32
1365,351,28
1365,352,28
1365,644,34
1365,957,23
1365,1093,15
1365,1811,11
1365,1904,28
1367,7,19
1367,31,14
1367,36,10
1367,68,19
1367,74,21
1367,175,13
1367,202,12
1367,204,11
1367,245,37
1367,297,10
1367,365,17
1367,375,12
1367,449,12
1367,515,11
1367,644,10
1367,1188,13
1367,1801,13
1371,31,12
1371,74,15
1371,153,11
1371,475,26
1371,508,12
1371,522,13
1371,951,11
1371,1270,16
1371,5129,15
1371,5951,10
1372,23,13
1372,31,12
1372,35,23
1372,36,27
1372,58,16
1372,137,15
1372,309,12
1372,351,15
1372,352,13
1372,437,10
1372,479,10
1372,515,10
1372,1589,12
1372,1799,14
1372,1811,12
1372,1938,10
1375,99,13
1377,166,10
1386,7,15
1386,295,17
1386,570,17
1386,605,20
1386,2125,17
1395,68,13
1395,74,11
1395,245,15
1395,533,10
1396,245,17
1396,1871,10
1397,245,11
1411,109,15
1411,110,10
1415,68,10
1415,204,11
1415,245,16
1415,1188,10
1417,7,14
1417,23,16
1417,34,17
1417,94,10
1417,137,10
1417,253,10
1417,278,53
1417,295,17
1417,351,17
1417,352,17
1417,644,13
1417,951,35
1417,987,12
1417,1093,31
1417,1240,27
1417,1417,20
1417,1429,11
1417,1581,12
1417,1799,19
1417,1904,44
1417,6066,12
1417,6069,12
1418,475,12
1419,7,11
1419,278,15
1419,644,11
1419,1938,11
1420,74,19
1420,253,12
1423,68,10
1423,245,14
1423,533,22
1429,35,12
1429,68,10
1429,109,18
1440,7,11
1440,23,10
1440,175,14
1440,251,10
1440,254,11
1440,295,12
1440,351,10
1440,522,13
1440,533,50
1440,1871,16
1441,68,19
1441,109,10
1441,475,13
1443,204,14
1443,245,16
1443,444,11
1443,508,13
1443,533,18
1443,1211,10
1443,4796,13
1444,7,19
1444,145,11
1444,475,17
1444,966,14
1444,3013,10
1447,35,14
1447,36,15
1447,87,12
1447,109,10
1447,245,39
1447,278,10
1447,508,12
1447,533,25
1447,535,10
1447,957,13
1447,1355,12
1448,68,11
1448,122,13
1448,278,13
1451,245,10
1453,10087,12
1456,235,33
1456,236,33
1457,235,14
1457,236,14
1460,235,27
1460,236,29
1461,1102,11
1467,245,13
1467,3889,10
1475,245,12
1477,5927,10
1478,74,14
1478,87,11
1478,99,20
1478,204,10
1478,251,11
1478,416,15
1478,525,14
1478,533,40
1481,200,10
1481,533,12
1484,7,10
1484,68,12
1484,533,25
1488,7,14
1488,30,11
1488,31,13
1488,92,11
1488,122,13
1488,437,10
1488,508,11
1488,522,13
1488,533,22
1488,987,10
1488,1251,17
1488,1417,20
1488,1488,10
1488,1489,45
1488,1732,10
1488,1801,25
1488,1805,11
1488,1893,18
1488,3953,13
1488,6494,10
1488,8628,11
1489,7,42
1489,30,24
1489,31,21
1489,34,15
1489,58,30
1489,74,29
1489,85,14
1489,86,14
1489,92,22
1489,98,13
1489,103,16
1489,105,16
1489,111,13
1489,122,56
1489,136,14
1489,154,49
1489,161,11
1489,175,13
1489,185,10
1489,186,24
1489,204,15
1489,288,15
1489,324,10
1489,407,11
1489,437,31
1489,469,12
1489,477,18
1489,505,13
1489,508,36
1489,522,54
1489,524,10
1489,533,76
1489,604,21
1489,808,12
1489,987,23
1489,1117,12
1489,1240,11
1489,1251,31
1489,1252,16
1489,1371,12
1489,1417,20
1489,1489,26
1489,1498,11
1489,1555,10
1489,1601,16
1489,1732,10
1489,1799,16
1489,1801,47
1489,1805,11
1489,1811,10
1489,1833,17
1489,1871,36
1489,1893,28
1489,1894,11
1489,2007,10
1489,2068,13
1489,2174,10
1489,2676,11
1489,2817,11
1489,2819,15
1489,2949,12
1489,3555,17
1489,3584,11
1489,3752,12
1489,3953,15
1489,4796,61
1489,6267,12
1489,6494,12
1489,7125,15
1489,8301,36
1490,7,15
1490,68,15
1490,204,13
1490,397,14
1490,432,10
1490,463,14
1490,533,41
1490,789,18
1490,4741,16
1490,4799,16
1492,57,28
1492,58,10
1492,1581,12
1493,99,13
1493,122,11
1494,99,13
1494,533,10
1494,583,11
1498,35,15
1498,68,48
1498,122,20
1498,249,10
1498,278,22
1498,295,14
1498,416,10
1498,428,13
1498,475,35
1498,535,10
1498,581,10
1498,583,15
1498,2371,11
1498,2844,16
1498,4796,11
1501,957,11
1501,1581,10
1501,1904,11
1504,7,16
1507,1801,12
1509,7,13
1510,7,30
1510,12,18
1510,31,14
1510,85,14
1510,91,11
1510,99,36
1510,127,18
1510,175,10
1510,204,25
1510,245,40
1510,253,14
1510,278,21
1510,295,12
1510,300,11
1510,309,11
1510,322,20
1510,407,13
1510,475,33
1510,479,10
1510,508,13
1510,524,17
1510,533,67
1510,568,11
1510,624,10
1510,761,15
1510,803,36
1510,957,16
1510,1152,12
1510,1188,13
1510,1270,17
1510,1490,10
1510,3331,12
1510,3363,15
1510,3873,12
1510,4741,19
1510,5129,16
1510,5141,10
1510,6267,12
1510,6340,17
1511,57,20
1511,74,17
1511,77,11
1511,99,15
1511,245,13
1511,278,22
1511,533,12
1511,765,17
1511,1093,10
1511,3889,12
1511,6051,11
1511,7097,12
1513,109,13
1513,278,16
1523,68,60
1523,145,10
1523,147,11
1523,154,21
1523,204,12
1523,253,26
1523,278,13
1523,398,12
1523,404,14
1523,410,10
1523,458,11
1523,475,25
1523,568,10
1523,1004,19
1523,1523,13
1523,1589,12
1523,4780,13
1523,4799,21
1523,4939,10
1523,4949,20
1523,4953,13
1525,7,29
1525,58,10
1525,122,32
1525,127,11
1525,137,10
1525,147,10
1525,204,10
1525,253,11
1525,263,10
1525,475,27
1525,508,23
1525,611,10
1525,811,10
1525,957,25
1525,1102,22
1525,1188,12
1525,1589,11
1525,3526,10
1525,3555,10
1525,4780,11
1525,4796,23
1525,6267,15
1525,8572,10
1525,8607,21
1525,8635,10
1534,278,13
1540,7,18
1540,99,15
1540,136,17
1540,245,18
1540,278,15
1540,379,14
1540,533,10
1550,7,11
1550,146,12
1550,238,16
1550,1355,18
1550,2323,12
1550,2816,13
1555,1893,10
1556,278,10
1556,3280,22
1556,8835,10
1558,57,12
1558,99,10
1558,235,11
1558,236,11
1558,245,12
1560,245,13
1570,235,12
1570,236,13
1572,245,10
1581,1,14
1581,7,52
1581,54,10
1581,57,262
1581,67,28
1581,74,14
1581,92,16
1581,105,14
1581,109,229
1581,136,12
1581,155,12
1581,186,12
1581,202,11
1581,229,19
1581,230,15
1581,235,37
1581,236,40
1581,251,15
1581,295,10
1581,353,40
1581,376,41
1581,437,11
1581,508,23
1581,533,72
1581,566,10
1581,581,10
1581,604,11
1581,673,11
1581,753,28
1581,765,14
1581,803,66
1581,932,10
1581,1355,13
1581,1365,13
1581,1372,15
1581,1489,19
1581,1581,70
1581,1589,124
1581,1599,13
1581,1619,25
1581,1799,74
1581,1805,32
1581,1812,32
1581,1816,10
1581,1828,12
1581,1851,18
1581,1852,10
1581,1853,10
1581,1889,10
1581,1904,85
1581,1916,24
1581,1960,13
1581,1994,14
1581,1995,25
1581,1996,18
1581,2004,10
1581,2007,25
1581,2008,19
1581,2065,16
1581,2068,39
1581,2099,15
1581,2100,10
1581,2276,12
1581,2511,10
1581,2517,10
1581,2519,10
1581,2550,13
1581,2650,12
1581,3500,11
1581,3971,11
1581,3988,13
1581,4187,25
1581,4207,11
1581,4446,11
1581,5502,14
1581,6398,10
1581,8315,28
1582,57,11
1589,27,11
1589,55,27
1589,58,211
1589,67,59
1589,71,10
1589,74,39
1589,81,16
1589,96,11
1589,103,21
1589,105,18
1589,109,286
1589,110,12
1589,122,164
1589,127,64
1589,145,35
1589,151,11
1589,155,18
1589,202,22
1589,204,20
1589,235,98
1589,236,99
1589,245,161
1589,251,22
1589,276,10
1589,295,28
1589,297,70
1589,300,10
1589,343,10
1589,370,10
1589,382,11
1589,428,15
1589,437,19
1589,446,10
1589,463,10
1589,471,32
1589,474,19
1589,479,12
1589,508,38
1589,509,24
1589,522,26
1589,525,11
1589,534,11
1589,535,19
1589,566,15
1589,604,16
1589,605,25
1589,609,10
1589,683,13
1589,765,15
1589,808,86
1589,823,245
1589,845,12
1589,880,18
1589,957,203
1589,961,67
1589,964,41
1589,1028,14
1589,1093,135
1589,1152,15
1589,1208,12
1589,1251,175
1589,1355,13
1589,1365,15
1589,1411,11
1589,1451,10
1589,1460,11
1589,1589,198
1589,1599,14
1589,1601,17
1589,1645,20
1589,1688,11
1589,1799,95
1589,1809,18
1589,1811,45
1589,1851,26
1589,1852,19
1589,1853,19
1589,1854,11
1589,1889,14
1589,1891,34
1589,1892,20
1589,1894,30
1589,1929,17
1589,1973,21
1589,1981,10
1589,1987,15
1589,1994,17
1589,1995,23
1589,1996,13
1589,2007,18
1589,2026,10
1589,2027,42
1589,2032,10
1589,2065,12
1589,2099,29
1589,2100,19
1589,2104,14
1589,2135,14
1589,2136,12
1589,2142,16
1589,2143,10
1589,2246,12
1589,2288,78
1589,2311,10
1589,2432,15
1589,2550,10
1589,2583,13
1589,2661,26
1589,2670,24
1589,2696,19
1589,2741,12
1589,2847,16
1589,2853,19
1589,2900,11
1589,2901,25
1589,2945,18
1589,2992,11
1589,3024,11
1589,3104,11
1589,3280,143
1589,3324,36
1589,3503,11
1589,3711,18
1589,3873,56
1589,3889,17
1589,4069,11
1589,4070,11
1589,4080,10
1589,4113,27
1589,4187,34
1589,4188,10
1589,4194,22
1589,4257,11
1589,4330,11
1589,4335,10
1589,4395,10
1589,4406,17
1589,4432,19
1589,4462,17
1589,4465,13
1589,4521,16
1589,4770,13
1589,4799,31
1589,4807,11
1589,4913,12
1589,5144,25
1589,5145,57
1589,5166,12
1589,5168,43
1589,5172,11
1589,5174,11
1589,5193,11
1589,6111,19
1589,6207,10
1589,6289,35
1589,7935,11
1589,8230,12
1589,8315,34
1589,8362,13
1589,8418,11
1589,8635,38
1589,8835,70
1589,10247,11
1589,10274,82
1589,10277,10
1591,245,12
1591,533,12
1599,31,13
1599,57,32
1599,58,19
1599,74,28
1599,77,11
1599,99,11
1599,105,18
1599,122,15
1599,151,11
1599,175,10
1599,297,10
1599,375,14
1599,515,11
1599,644,15
1599,1093,15
1599,1251,18
1599,1252,14
1599,1361,13
1599,1372,14
1599,1467,12
1599,1511,25
1599,1599,12
1599,1811,12
1599,1813,11
1599,1814,11
1599,3889,19
1599,6051,11
1599,7096,17
1599,7097,23
1601,7,44
1601,12,15
1601,30,10
1601,55,11
1601,57,20
1601,85,10
1601,86,14
1601,87,27
1601,98,11
1601,99,63
1601,105,13
1601,155,10
1601,204,13
1601,216,11
1601,229,16
1601,253,11
1601,278,60
1601,295,24
1601,309,11
1601,331,16
1601,398,11
1601,416,10
1601,428,12
1601,437,14
1601,475,12
1601,508,16
1601,524,17
1601,533,65
1601,1093,19
1601,1188,37
1601,1211,11
1601,1270,11
1601,1498,11
1601,1581,15
1601,1833,12
1601,2670,11
1601,5129,11
1601,6340,11
1603,1188,11
1604,99,11
1604,313,12
1604,437,14
1619,7,14
1619,31,12
1619,35,18
1619,58,12
1619,235,45
1619,236,45
1619,278,25
1619,331,11
1619,528,12
1619,533,23
1619,534,27
1619,566,15
1619,568,11
1619,583,13
1619,611,23
1619,808,14
1619,957,35
1619,1619,16
1619,1894,10
1619,1904,32
1619,2007,20
1619,2104,11
1619,2670,10
1619,2716,11
1619,4596,10
1619,5261,19
1619,6318,34
1637,68,17
1641,7,17
1641,87,21
1641,122,18
1641,204,15
1641,253,16
1641,416,11
1641,469,12
1641,475,19
1641,524,10
1641,525,13
1641,533,56
1641,535,12
1641,645,10
1641,712,10
1641,1188,19
1641,4740,10
1645,7,65
1645,31,18
1645,68,30
1645,122,36
1645,127,24
1645,136,11
1645,145,17
1645,245,51
1645,276,14
1645,295,11
1645,322,21
1645,375,14
1645,397,22
1645,416,14
1645,445,11
1645,475,25
1645,568,11
1645,570,39
1645,605,13
1645,644,52
1645,654,12
1645,789,23
1645,803,45
1645,811,24
1645,823,46
1645,953,10
1645,961,21
1645,1113,21
1645,1277,19
1645,1355,13
1645,1645,14
1645,1646,11
1645,2125,15
1645,2961,18
1645,3115,18
1645,3228,11
1645,3250,11
1645,3280,54
1645,3327,11
1645,3331,10
1645,3363,14
1645,3503,15
1645,4796,15
1645,4803,20
1645,5003,15
1645,6289,15
1645,7844,11
1645,8128,15
1645,8607,26
1645,8835,14
1645,9633,10
1645,10168,10
1646,7,17
1646,103,11
1646,122,34
1646,186,15
1664,145,12
1672,68,20
1672,245,18
1672,535,10
1673,533,14
1673,1188,19
1673,2961,10
1673,2995,12
1684,7,23
1684,36,10
1684,68,47
1684,87,10
1684,154,10
1684,235,55
1684,236,57
1684,253,15
1684,322,14
1684,437,10
1684,448,11
1684,508,19
1684,525,13
1684,581,11
1684,957,11
1684,1188,15
1684,1277,10
1684,2288,29
1684,5168,16
1686,235,15
1686,236,15
1686,278,12
1688,109,13
1688,278,16
1688,957,15
1688,1093,12
1688,1891,13
1688,1904,12
1699,7,12
1699,204,10
1699,295,10
1699,617,14
1699,823,15
1699,2816,12
1700,235,25
1700,236,25
1701,31,15
1701,35,32
1701,68,14
1701,108,14
1701,235,12
1701,236,12
1701,245,19
1701,331,11
1701,1093,20
1701,1417,25
1701,1488,15
1701,1489,16
1701,1895,18
1701,1904,35
1701,2007,12
1701,2174,10
1701,2440,10
1715,6384,16
1716,1801,11
1718,245,15
1721,235,19
1721,236,19
1721,1270,11
1721,5129,11
1723,278,10
1725,68,21
1725,87,10
1725,245,36
1725,416,11
1725,533,49
1725,581,15
1725,1188,12
1725,1355,19
1725,7251,11
1730,7,15
1730,58,10
1730,68,26
1730,87,14
1730,235,36
1730,236,35
1730,245,39
1730,278,16
1730,533,41
1730,957,11
1730,1252,13
1730,4740,10
1731,245,18
1731,278,10
1731,533,13
1732,7,18
1732,36,19
1732,109,51
1732,153,15
1732,245,39
1732,297,15
1732,331,28
1732,646,10
1732,1093,25
1732,1251,18
1732,1581,10
1732,1589,16
1732,1601,11
1732,1732,21
1732,1929,20
1732,1938,20
1732,2401,12
1732,2783,11
1732,2784,11
1732,2928,18
1743,7,12
1744,1746,10
1746,7,10
1746,31,12
1746,99,11
1746,1746,10
1746,1755,12
1747,7,25
1747,811,13
1749,7,31
1749,31,16
1749,145,10
1749,204,12
1749,238,10
1749,245,25
1749,404,24
1749,644,24
1749,656,17
1749,811,10
1749,820,10
1749,832,10
1749,1093,11
1749,1589,10
1749,1699,15
1749,1755,10
1749,2323,10
1749,4799,10
1753,644,11
1753,1251,17
1753,1755,11
1755,7,36
1755,35,11
1755,36,10
1755,55,10
1755,278,17
1755,533,11
1755,1760,14
1755,1761,11
1755,1763,11
1763,23,10
1763,35,17
1763,36,18
1763,109,14
1763,351,12
1763,352,12
1763,508,10
1763,803,30
1763,823,32
1763,951,29
1763,957,33
1763,1251,11
1763,1589,13
1763,1801,17
1763,3115,24
1763,3503,11
1763,3555,10
1763,3566,11
1763,3747,11
1763,4803,16
1763,5003,13
1763,8802,13
1764,1307,12
1767,99,10
1767,533,23
1767,1589,11
1767,1768,12
1767,8835,10
1768,99,10
1768,235,12
1768,236,12
1768,803,16
1768,1589,11
1768,8835,10
1792,7,13
1792,109,15
1792,1891,12
1793,7,12
1793,57,12
1793,109,16
1793,951,13
1793,1801,11
1799,7,54
1799,30,16
1799,31,20
1799,35,122
1799,51,14
1799,55,14
1799,57,158
1799,58,100
1799,68,65
1799,81,11
1799,87,19
1799,92,19
1799,94,11
1799,122,35
1799,136,17
1799,137,57
1799,186,11
1799,204,10
1799,229,20
1799,245,127
1799,251,20
1799,253,19
1799,295,23
1799,297,32
1799,331,77
1799,416,17
1799,428,14
1799,437,17
1799,459,11
1799,508,23
1799,509,34
1799,522,11
1799,533,111
1799,534,10
1799,573,12
1799,581,10
1799,604,12
1799,611,18
1799,762,10
1799,808,34
1799,823,11
1799,957,111
1799,987,27
1799,1093,80
1799,1251,82
1799,1252,78
1799,1355,21
1799,1365,17
1799,1599,12
1799,1619,25
1799,1688,11
1799,1799,26
1799,1801,255
1799,1805,22
1799,1811,70
1799,1812,19
1799,1813,36
1799,1814,40
1799,1820,10
1799,1854,18
1799,1889,20
1799,1891,30
1799,1892,29
1799,1893,25
1799,1894,16
1799,1960,32
1799,2068,63
1799,2099,21
1799,2100,16
1799,2104,11
1799,2143,12
1799,2316,10
1799,2432,11
1799,2853,18
1799,2961,27
1799,3280,22
1799,3873,14
1799,3889,17
1799,4113,26
1799,6492,10
1799,8835,11
1799,8836,10
1801,7,212
1801,12,11
1801,21,12
1801,27,21
1801,28,10
1801,30,46
1801,31,94
1801,33,18
1801,35,431
1801,36,404
1801,38,18
1801,39,24
1801,43,26
1801,45,16
1801,47,12
1801,51,47
1801,55,62
1801,57,866
1801,58,641
1801,59,45
1801,67,120
1801,68,286
1801,72,10
1801,73,23
1801,74,79
1801,77,24
1801,80,11
1801,81,32
1801,85,11
1801,91,13
1801,92,80
1801,94,18
1801,96,35
1801,98,44
1801,99,71
1801,103,32
1801,105,72
1801,108,32
1801,110,24
1801,112,26
1801,115,12
1801,122,96
1801,127,27
1801,128,31
1801,136,54
1801,137,420
1801,143,10
1801,153,12
1801,154,13
1801,155,40
1801,168,15
1801,175,17
1801,178,18
1801,185,17
1801,186,40
1801,193,16
1801,196,17
1801,197,19
1801,199,29
1801,202,79
1801,204,36
1801,207,17
1801,214,19
1801,215,19
1801,227,18
1801,229,66
1801,230,36
1801,242,22
1801,249,34
1801,253,57
1801,275,12
1801,276,22
1801,281,14
1801,282,45
1801,288,29
1801,289,17
1801,295,48
1801,297,155
1801,307,28
1801,309,26
1801,331,458
1801,336,15
1801,343,47
1801,375,81
1801,376,118
1801,379,22
1801,382,20
1801,409,23
1801,414,12
1801,416,88
1801,422,13
1801,432,13
1801,437,48
1801,443,32
1801,445,10
1801,446,23
1801,449,14
1801,459,49
1801,474,34
1801,475,28
1801,476,11
1801,479,26
1801,489,16
1801,506,12
1801,508,84
1801,512,18
1801,515,10
1801,517,12
1801,522,37
1801,528,16
1801,534,24
1801,563,10
1801,566,36
1801,568,45
1801,573,22
1801,574,17
1801,581,32
1801,583,32
1801,593,12
1801,597,16
1801,604,61
1801,608,11
1801,624,10
1801,626,15
1801,644,843
1801,645,17
1801,646,10
1801,660,14
1801,673,35
1801,683,20
1801,712,11
1801,723,15
1801,726,26
1801,740,12
1801,766,22
1801,778,18
1801,799,20
1801,811,23
1801,823,13
1801,830,15
1801,836,11
1801,858,13
1801,880,25
1801,928,15
1801,929,16
1801,931,15
1801,932,20
1801,942,10
1801,957,614
1801,961,15
1801,987,90
1801,998,23
1801,1163,31
1801,1188,15
1801,1207,10
1801,1211,24
1801,1244,16
1801,1251,531
1801,1252,694
1801,1264,18
1801,1293,10
1801,1307,10
1801,1316,19
1801,1355,55
1801,1356,22
1801,1363,14
1801,1365,51
1801,1372,30
1801,1395,12
1801,1411,10
1801,1417,45
1801,1419,17
1801,1429,24
1801,1440,15
1801,1444,12
1801,1447,19
1801,1492,41
1801,1498,37
1801,1501,18
1801,1502,10
1801,1511,18
1801,1513,16
1801,1523,11
1801,1525,20
1801,1534,13
1801,1537,12
1801,1546,10
1801,1555,14
1801,1556,10
1801,1558,13
1801,1568,10
1801,1581,403
1801,1589,443
1801,1599,49
1801,1601,63
1801,1610,17
1801,1619,44
1801,1630,10
1801,1645,22
1801,1649,26
1801,1672,10
1801,1684,15
1801,1688,39
1801,1701,56
1801,1730,34
1801,1731,18
1801,1732,63
1801,1755,15
1801,1801,776
1801,1802,12
1801,1804,30
1801,1805,188
1801,1808,14
1801,1809,21
1801,1811,246
1801,1812,106
1801,1813,120
1801,1814,186
1801,1815,21
1801,1816,31
1801,1817,17
1801,1818,16
1801,1819,26
1801,1820,24
1801,1822,10
1801,1824,12
1801,1825,23
1801,1827,14
1801,1828,48
1801,1845,22
1801,1846,28
1801,1849,10
1801,1851,56
1801,1852,35
1801,1853,36
1801,1854,41
1801,1855,14
1801,1877,34
1801,1878,50
1801,1879,124
1801,1889,42
1801,1891,210
1801,1892,120
1801,1893,113
1801,1894,101
1801,1895,27
1801,1896,17
1801,1899,10
1801,1904,274
1801,1936,21
1801,1938,298
1801,1959,11
1801,1972,12
1801,1973,72
1801,1974,12
1801,1975,13
1801,1980,38
1801,1981,24
1801,1984,20
1801,1986,22
1801,1987,42
1801,1988,21
1801,1994,58
1801,1995,66
1801,1996,56
1801,1998,15
1801,2004,37
1801,2006,21
1801,2007,67
1801,2008,81
1801,2009,12
1801,2032,25
1801,2038,41
1801,2039,13
1801,2040,13
1801,2041,18
1801,2048,15
1801,2051,12
1801,2055,17
1801,2061,17
1801,2062,34
1801,2065,66
1801,2068,164
1801,2069,12
1801,2070,13
1801,2074,10
1801,2075,12
1801,2076,34
1801,2077,40
1801,2079,12
1801,2087,11
1801,2089,23
1801,2090,22
1801,2092,12
1801,2099,111
1801,2100,82
1801,2102,46
1801,2103,10
1801,2104,62
1801,2105,14
1801,2106,13
1801,2107,17
1801,2108,20
1801,2120,16
1801,2125,14
1801,2127,10
1801,2128,13
1801,2129,12
1801,2131,11
1801,2133,16
1801,2141,23
1801,2142,39
1801,2143,39
1801,2144,12
1801,2167,68
1801,2173,10
1801,2174,16
1801,2177,10
1801,2188,12
1801,2195,10
1801,2196,15
1801,2202,19
1801,2204,10
1801,2212,16
1801,2239,30
1801,2240,22
1801,2268,16
1801,2276,17
1801,2311,12
1801,2313,18
1801,2314,14
1801,2316,49
1801,2319,24
1801,2322,10
1801,2346,17
1801,2371,24
1801,2382,10
1801,2383,15
1801,2384,18
1801,2385,10
1801,2386,13
1801,2388,11
1801,2389,14
1801,2394,14
1801,2395,13
1801,2396,22
1801,2398,12
1801,2400,11
1801,2401,21
1801,2402,10
1801,2423,20
1801,2426,10
1801,2432,60
1801,2433,14
1801,2434,11
1801,2435,10
1801,2436,16
1801,2438,11
1801,2440,13
1801,2454,11
1801,2463,15
1801,2468,12
1801,2469,11
1801,2470,11
1801,2476,25
1801,2477,12
1801,2479,26
1801,2480,21
1801,2488,23
1801,2491,15
1801,2504,18
1801,2508,18
1801,2512,19
1801,2513,18
1801,2514,18
1801,2515,11
1801,2516,18
1801,2524,17
1801,2526,11
1801,2528,19
1801,2531,14
1801,2532,11
1801,2550,23
1801,2560,10
1801,2561,18
1801,2562,12
1801,2563,12
1801,2564,12
1801,2565,12
1801,2566,12
1801,2567,16
1801,2568,19
1801,2569,18
1801,2570,17
1801,2571,14
1801,2572,18
1801,2573,13
1801,2574,13
1801,2575,14
1801,2576,32
1801,2577,13
1801,2578,24
1801,2579,11
1801,2580,10
1801,2581,25
1801,2583,45
1801,2585,13
1801,2586,14
1801,2587,16
1801,2588,13
1801,2590,12
1801,2595,21
1801,2596,12
1801,2610,14
1801,2613,13
1801,2619,13
1801,2631,13
1801,2632,18
1801,2635,14
1801,2648,14
1801,2649,18
1801,2657,29
1801,2675,10
1801,2677,13
1801,2678,26
1801,2683,20
1801,2689,21
1801,2696,61
1801,2707,16
1801,2709,13
1801,2716,17
1801,2743,11
1801,2744,11
1801,2753,19
1801,2756,32
1801,2817,21
1801,2823,12
1801,2839,21
1801,2844,36
1801,2846,15
1801,2847,28
1801,2853,41
1801,2873,11
1801,2874,12
1801,2900,17
1801,2901,38
1801,2945,13
1801,2947,12
1801,2961,69
1801,2992,36
1801,3047,34
1801,3067,17
1801,3101,11
1801,3134,11
1801,3138,15
1801,3205,13
1801,3240,10
1801,3252,10
1801,3253,14
1801,3265,11
1801,3317,16
1801,3321,11
1801,3473,23
1801,3609,20
1801,3675,23
1801,3690,13
1801,3702,13
1801,3711,26
1801,3723,15
1801,3789,18
1801,3802,17
1801,3809,12
1801,3876,10
1801,3880,12
1801,3889,48
1801,3965,16
1801,4054,23
1801,4069,14
1801,4070,10
1801,4084,17
1801,4100,15
1801,4110,10
1801,4113,42
1801,4153,16
1801,4159,12
1801,4172,13
1801,4178,12
1801,4179,12
1801,4187,93
1801,4188,15
1801,4191,11
1801,4194,74
1801,4195,19
1801,4207,12
1801,4220,31
1801,4225,12
1801,4233,18
1801,4247,19
1801,4295,10
1801,4296,28
1801,4297,41
1801,4298,15
1801,4299,17
1801,4301,12
1801,4303,17
1801,4306,10
1801,4340,12
1801,4342,12
1801,4343,14
1801,4359,12
1801,4360,10
1801,4361,11
1801,4395,11
1801,4433,13
1801,4445,13
1801,4447,11
1801,4450,12
1801,4452,10
1801,4465,12
1801,4474,10
1801,4480,15
1801,4481,14
1801,4483,45
1801,4485,15
1801,4521,23
1801,4566,10
1801,4617,17
1801,4618,10
1801,4620,11
1801,4639,11
1801,4661,10
1801,4683,14
1801,4702,29
1801,4703,15
1801,4723,11
1801,4740,41
1801,4741,36
1801,4762,23
1801,4767,13
1801,4833,10
1801,4843,12
1801,4859,13
1801,4891,12
1801,4986,16
1801,5222,15
1801,5236,24
1801,5282,16
1801,5364,11
1801,5381,10
1801,5428,11
1801,5538,12
1801,5589,11
1801,5601,13
1801,5602,20
1801,5612,13
1801,5614,18
1801,5634,15
1801,5635,10
1801,5698,12
1801,5701,25
1801,5702,21
1801,5709,23
1801,5733,11
1801,5734,14
1801,5755,10
1801,5810,31
1801,5813,13
1801,5821,10
1801,5822,11
1801,5823,11
1801,5825,11
1801,5826,27
1801,5832,15
1801,5837,11
1801,5859,10
1801,5912,11
1801,5945,18
1801,5962,12
1801,6103,12
1801,6207,24
1801,6386,18
1801,6399,31
1801,6430,15
1801,6435,10
1801,6481,31
1801,6488,18
1801,6489,17
1801,6490,15
1801,6492,20
1801,6498,10
1801,6541,16
1801,6559,10
1801,6613,12
1801,6622,12
1801,7440,10
1801,7447,10
1801,7450,10
1801,7473,10
1801,7508,14
1801,7546,22
1801,7981,14
1801,8011,10
1801,8262,12
1801,8310,14
1801,8315,92
1801,8362,22
1801,8521,12
1801,8548,10
1801,8572,13
1801,8669,12
1801,8707,17
1801,8836,20
1801,8888,10
1801,8965,16
1801,8969,18
1801,8990,11
1801,8996,10
1801,9109,12
1801,9114,14
1801,9176,12
1801,10430,11
1801,10451,10
1804,58,13
1804,245,10
1804,644,16
1804,1252,10
1804,1581,12
1805,58,65
1805,59,10
1805,68,38
1805,87,15
1805,92,10
1805,202,19
1805,245,72
1805,297,14
1805,375,15
1805,509,11
1805,533,53
1805,611,16
1805,644,66
1805,765,12
1805,803,26
1805,957,79
1805,987,12
1805,1251,45
1805,1252,43
1805,1589,35
1805,1701,13
1805,1732,14
1805,1805,16
1805,1811,56
1805,1812,44
1805,1813,10
1805,1814,14
1805,1833,21
1805,1879,13
1805,1889,11
1805,1891,32
1805,1892,20
1805,1893,28
1805,1894,15
1805,1904,45
1805,1929,18
1805,1973,12
1805,2007,10
1805,2008,15
1805,2166,10
1805,2288,12
1805,5927,10
1807,1811,10
1808,58,10
1808,1252,10
1808,1811,10
1809,2,11
1809,35,12
1809,36,12
1809,68,32
1809,235,16
1809,236,16
1809,245,33
1809,475,11
1809,644,35
1809,1102,11
1809,1811,14
1809,4406,10
1809,4740,11
1809,4796,10
1811,10,13
1811,30,26
1811,35,110
1811,36,103
1811,51,13
1811,55,24
1811,57,168
1811,59,10
1811,67,15
1811,68,65
1811,74,42
1811,85,10
1811,87,13
1811,94,10
1811,98,16
1811,99,37
1811,103,11
1811,105,26
1811,137,62
1811,202,32
1811,253,18
1811,295,27
1811,297,24
1811,309,13
1811,331,66
1811,353,26
1811,376,35
1811,387,10
1811,388,10
1811,398,11
1811,459,14
1811,508,20
1811,533,72
1811,535,10
1811,611,15
1811,644,120
1811,803,34
1811,808,41
1811,951,207
1811,957,99
1811,987,16
1811,1093,60
1811,1492,13
1811,1581,50
1811,1601,20
1811,1701,14
1811,1811,41
1811,1812,45
1811,1813,71
1811,1814,84
1811,1833,17
1811,1878,10
1811,1879,11
1811,1891,23
1811,1892,21
1811,1893,27
1811,1894,17
1811,1896,18
1811,1904,59
1811,1929,10
1811,1935,10
1811,1938,69
1811,2068,15
1811,2314,10
1811,2316,19
1811,2432,11
1811,3988,13
1811,4483,10
1811,6398,12
1811,6399,12
1811,6400,12
1811,6453,13
1811,6454,10
1811,6492,11
1811,8315,12
1812,30,10
1812,35,46
1812,36,44
1812,51,10
1812,57,73
1812,99,11
1812,297,18
1812,331,29
1812,353,19
1812,533,19
1812,644,53
1812,803,21
1812,808,18
1812,951,95
1812,957,50
1812,1093,31
1812,1589,27
1812,1601,10
1812,1732,12
1812,1813,24
1812,1814,32
1812,1833,11
1812,1893,15
1812,1904,32
1812,1929,15
1812,1938,37
1813,30,16
1813,35,38
1813,36,37
1813,51,11
1813,57,92
1813,67,11
1813,74,21
1813,99,21
1813,105,16
1813,137,28
1813,297,15
1813,331,37
1813,353,24
1813,376,27
1813,533,23
1813,644,65
1813,803,18
1813,808,21
1813,951,127
1813,957,36
1813,1492,11
1813,1581,27
1813,1589,32
1813,1813,13
1813,1814,72
1813,1851,15
1813,1852,15
1813,1891,16
1813,1896,13
1813,1904,23
1813,1938,33
1813,2247,19
1813,8315,11
1813,8707,11
1814,27,13
1814,30,16
1814,35,51
1814,36,48
1814,51,13
1814,57,129
1814,74,20
1814,98,10
1814,99,34
1814,105,18
1814,137,51
1814,175,10
1814,202,14
1814,229,21
1814,235,36
1814,236,35
1814,253,15
1814,297,23
1814,331,57
1814,353,33
1814,376,31
1814,446,16
1814,459,10
1814,508,11
1814,533,35
1814,644,103
1814,766,11
1814,803,38
1814,808,29
1814,951,161
1814,957,69
1814,987,10
1814,1211,12
1814,1492,12
1814,1581,43
1814,1589,38
1814,1601,14
1814,1814,25
1814,1815,11
1814,1816,10
1814,1833,13
1814,1851,22
1814,1852,15
1814,1853,15
1814,1877,14
1814,1878,15
1814,1879,18
1814,1891,15
1814,1892,14
1814,1893,15
1814,1894,10
1814,1896,17
1814,1904,34
1814,1936,10
1814,1938,51
1814,2008,11
1814,2038,10
1814,2491,10
1814,2670,10
1814,2901,10
1814,5602,13
1815,57,16
1815,278,17
1815,644,12
1815,951,13
1816,57,26
1816,644,23
1816,951,30
1816,957,15
1818,951,10
1819,57,10
1819,957,11
1820,35,12
1820,36,10
1820,57,21
1820,278,12
1820,957,17
1824,57,10
1825,278,25
1825,1589,11
1825,1904,12
1828,245,10
1828,278,21
1828,803,13
1828,1093,12
1828,1251,15
1828,1589,14
1828,1805,17
1828,1812,15
1828,1904,22
1829,245,22
1829,533,20
1831,68,15
1831,109,24
1831,644,12
1831,1589,10
1831,1801,45
1832,1801,18
1833,7,29
1833,55,17
1833,67,17
1833,68,60
1833,109,154
1833,122,17
1833,128,10
1833,245,79
1833,246,11
1833,295,15
1833,297,39
1833,375,13
1833,508,33
1833,544,11
1833,568,12
1833,611,10
1833,644,152
1833,753,21
1833,957,108
1833,1093,80
1833,1251,96
1833,1581,95
1833,1589,110
1833,1732,41
1833,1799,36
1833,1801,286
1833,1833,40
1833,1891,20
1833,1892,20
1833,1904,35
1833,1916,11
1833,1929,14
1833,1938,38
1833,1987,12
1833,1994,17
1833,1995,19
1833,2004,11
1833,2068,37
1833,2089,10
1833,2099,10
1833,2432,13
1833,2696,12
1833,2847,10
1833,2928,17
1833,2961,15
1833,3047,11
1833,4483,11
1833,8836,10
1833,10294,12
1835,1801,10
1845,57,10
1845,1251,10
1846,57,24
1846,245,11
1846,1251,19
1846,1811,17
1846,1813,11
1846,1814,12
1851,34,11
1851,35,31
1851,36,28
1851,57,52
1851,58,25
1851,68,22
1851,245,26
1851,297,12
1851,351,20
1851,509,24
1851,533,12
1851,673,12
1851,803,10
1851,957,17
1851,1093,19
1851,1799,34
1851,1811,19
1851,1852,24
1851,1853,24
1851,1889,18
1852,34,10
1852,35,29
1852,36,27
1852,57,41
1852,58,16
1852,68,14
1852,245,21
1852,351,14
1852,352,14
1852,509,23
1852,533,10
1852,673,12
1852,1093,11
1852,1799,27
1852,1811,18
1852,1853,24
1852,1889,18
1853,23,14
1853,34,10
1853,35,28
1853,36,27
1853,57,42
1853,58,16
1853,68,14
1853,245,21
1853,351,15
1853,352,14
1853,509,23
1853,533,10
1853,673,12
1853,1093,11
1853,1799,27
1853,1811,18
1853,1813,16
1853,1889,18
1854,23,23
1854,35,19
1854,36,18
1854,57,55
1854,58,13
1854,245,19
1854,331,10
1854,351,24
1854,352,21
1854,533,15
1854,957,19
1854,1093,11
1854,1811,11
1855,57,19
1870,5927,28
1871,12,11
1871,34,10
1871,35,10
1871,36,14
1871,68,28
1871,86,11
1871,87,18
1871,96,11
1871,99,73
1871,103,11
1871,136,21
1871,146,12
1871,197,20
1871,245,100
1871,253,30
1871,275,10
1871,289,22
1871,295,21
1871,322,20
1871,522,36
1871,533,88
1871,535,10
1871,1152,11
1871,1407,11
1871,1801,13
1871,1871,15
1871,1959,16
1871,2371,17
1871,3270,10
1871,3584,11
1871,5366,13
1871,5927,14
1871,8607,15
1871,9353,10
1872,278,18
1872,644,13
1872,1801,17
1872,1811,12
1872,1814,13
1873,1811,10
1877,109,18
1877,251,12
1877,1581,10
1877,1878,21
1877,1879,21
1878,109,24
1878,251,16
1878,1581,12
1878,1589,11
1878,1879,26
1878,1904,10
1878,2099,11
1879,74,12
1879,105,17
1879,109,40
1879,202,13
1879,251,36
1879,375,19
1879,416,21
1879,437,10
1879,459,12
1879,533,24
1879,765,20
1879,808,17
1879,1581,14
1879,1589,22
1879,1799,14
1879,1812,12
1879,1889,15
1879,1894,10
1879,2008,11
1879,2099,23
1879,2100,20
1879,2166,13
1879,2167,30
1879,4187,16
1879,4296,11
1886,122,10
1886,235,16
1886,1599,10
1886,3889,11
1889,34,17
1889,35,52
1889,36,50
1889,137,10
1889,245,28
1889,278,48
1889,437,18
1889,509,55
1889,533,15
1889,765,13
1889,1093,11
1889,1252,19
1889,1356,10
1889,1811,26
1889,1812,16
1889,1813,20
1889,1814,25
1889,1889,11
1889,2099,11
1889,2166,13
1889,2239,10
1889,2287,10
1889,2288,11
1889,4741,15
1889,6399,26
1889,6400,29
1891,7,27
1891,31,15
1891,35,63
1891,68,37
1891,108,11
1891,235,13
1891,236,13
1891,245,46
1891,331,30
1891,376,20
1891,428,10
1891,808,27
1891,957,108
1891,1093,65
1891,1365,16
1891,1417,33
1891,1488,15
1891,1489,23
1891,1581,83
1891,1619,25
1891,1701,21
1891,1755,10
1891,1812,17
1891,1828,11
1891,1891,70
1891,1892,42
1891,1893,69
1891,1894,39
1891,1895,23
1891,1904,100
1891,2007,22
1891,2068,29
1891,2104,22
1891,2133,10
1891,2583,18
1891,2650,17
1891,2657,10
1891,2689,12
1891,2696,17
1891,2716,10
1891,3971,20
1891,3976,10
1891,3977,11
1891,4207,10
1891,5502,11
1891,6393,10
1891,6757,10
1891,8301,68
1891,8315,21
1891,8779,10
1891,8937,10
1891,8938,10
1891,8939,10
1892,1,13
1892,7,19
1892,31,16
1892,35,40
1892,68,25
1892,122,14
1892,235,34
1892,236,34
1892,331,20
1892,376,10
1892,604,11
1892,765,11
1892,803,17
1892,957,63
1892,1093,45
1892,1417,29
1892,1419,10
1892,1489,18
1892,1581,36
1892,1619,10
1892,1701,15
1892,1892,18
1892,1893,39
1892,1894,27
1892,1895,19
1892,1904,52
1892,2007,16
1892,2008,12
1892,2062,11
1892,2068,27
1892,2104,15
1893,7,18
1893,31,19
1893,35,43
1893,36,27
1893,58,28
1893,137,27
1893,235,32
1893,331,30
1893,353,15
1893,376,33
1893,428,14
1893,533,34
1893,808,29
1893,987,12
1893,1093,44
1893,1417,26
1893,1525,10
1893,1581,46
1893,1589,29
1893,1619,36
1893,1688,10
1893,1701,21
1893,1833,19
1893,1893,37
1893,1894,30
1893,1895,15
1893,1904,85
1893,2027,16
1893,2068,34
1893,2089,11
1893,2090,11
1893,2104,25
1893,2583,14
1893,2716,10
1893,3138,10
1893,8607,15
1893,8861,10
1893,9140,10
1894,1,10
1894,7,15
1894,31,15
1894,35,45
1894,36,37
1894,58,35
1894,68,36
1894,137,31
1894,235,24
1894,236,24
1894,245,49
1894,331,24
1894,376,10
1894,508,11
1894,533,26
1894,808,10
1894,1093,31
1894,1365,10
1894,1417,10
1894,1581,28
1894,1904,48
1894,1938,29
1894,2068,14
1894,2104,11
1894,8315,12
1895,31,11
1895,35,22
1895,68,15
1895,99,16
1895,108,10
1895,1093,20
1895,1417,23
1895,1488,14
1895,1489,22
1895,1904,22
1895,2133,10
1895,2174,10
1896,7,10
1896,331,13
1896,351,15
1896,352,15
1896,1938,10
1899,109,15
1899,331,11
1904,1,19
1904,7,30
1904,30,10
1904,55,12
1904,57,125
1904,68,76
1904,74,16
1904,87,30
1904,94,16
1904,96,12
1904,99,22
1904,105,10
1904,108,22
1904,109,168
1904,119,12
1904,122,26
1904,136,25
1904,245,143
1904,254,15
1904,281,11
1904,309,10
1904,322,10
1904,331,65
1904,375,22
1904,416,21
1904,428,16
1904,437,30
1904,443,10
1904,459,17
1904,469,11
1904,505,10
1904,604,17
1904,611,14
1904,624,10
1904,656,10
1904,726,13
1904,765,20
1904,808,37
1904,957,171
1904,963,15
1904,1102,11
1904,1240,12
1904,1419,12
1904,1429,10
1904,1488,18
1904,1489,28
1904,1498,16
1904,1589,86
1904,1730,10
1904,1799,48
1904,1809,17
1904,1851,10
1904,1879,29
1904,1904,62
1904,1916,10
1904,1936,13
1904,2007,41
1904,2008,49
1904,2065,15
1904,2068,47
1904,2133,16
1904,2142,10
1904,2166,10
1904,2167,12
1904,2174,14
1904,2220,12
1904,2239,13
1904,2246,10
1904,2247,10
1904,2440,13
1904,2685,11
1904,2689,20
1904,2696,10
1904,2716,16
1904,3834,10
1904,3889,22
1904,4187,16
1904,4406,10
1904,4460,10
1904,4741,20
1904,4762,12
1904,5810,10
1904,5826,14
1904,8315,31
1912,153,21
1912,235,41
1912,236,42
1912,278,16
1912,533,41
1912,867,10
1912,1912,15
1912,1929,26
1912,1967,38
1912,2125,13
1912,2762,10
1912,2768,14
1912,2769,13
1915,57,12
1915,74,18
1915,185,11
1915,245,42
1915,370,24
1915,437,12
1915,475,12
1915,534,24
1915,535,22
1915,566,40
1915,609,10
1915,611,20
1915,1915,18
1915,3324,13
1915,3363,10
1915,5228,103
1915,5589,34
1915,6318,21
1915,6895,22
1915,7788,22
1915,7789,21
1916,57,55
1916,68,20
1916,137,16
1916,245,27
1916,1251,22
1916,1589,22
1916,1799,14
1916,1801,58
1916,1814,10
1916,1938,10
1916,2961,11
1925,1811,10
1929,7,12
1929,31,18
1929,122,20
1929,153,27
1929,235,12
1929,236,12
1929,297,13
1929,533,32
1929,570,10
1929,589,13
1929,644,16
1929,951,20
1929,1251,10
1929,1801,32
1929,1929,12
1929,1967,18
1929,3280,10
1929,4070,10
1935,278,10
1936,278,16
1936,644,16
1936,726,13
1938,7,46
1938,31,26
1938,34,33
1938,35,120
1938,36,106
1938,55,15
1938,58,145
1938,67,24
1938,68,59
1938,81,10
1938,87,18
1938,96,13
1938,99,16
1938,105,19
1938,122,23
1938,137,67
1938,155,16
1938,202,18
1938,229,23
1938,245,109
1938,251,21
1938,278,220
1938,282,12
1938,309,11
1938,375,19
1938,376,24
1938,416,16
1938,428,10
1938,437,23
1938,469,13
1938,509,46
1938,522,14
1938,533,68
1938,568,10
1938,611,18
1938,644,146
1938,743,11
1938,753,12
1938,765,26
1938,803,74
1938,957,131
1938,987,19
1938,1252,101
1938,1365,14
1938,1417,22
1938,1488,14
1938,1489,19
1938,1525,10
1938,1581,82
1938,1589,82
1938,1619,15
1938,1645,11
1938,1701,25
1938,1799,55
1938,1805,47
1938,1851,15
1938,1852,15
1938,1853,15
1938,1854,10
1938,1877,12
1938,1878,16
1938,1879,27
1938,1889,41
1938,1891,68
1938,1892,29
1938,1893,41
1938,1895,13
1938,1904,80
1938,1938,46
1938,1967,12
1938,1973,15
1938,2007,23
1938,2008,14
1938,2062,10
1938,2065,10
1938,2068,31
1938,2104,12
1938,2166,17
1938,2239,17
1938,2246,14
1938,2247,12
1938,2283,10
1938,2285,10
1938,2288,12
1938,2670,19
1938,2696,14
1938,2756,22
1938,2928,13
1938,2961,10
1938,4113,10
1938,4187,15
1938,4257,11
1938,4741,14
1938,4769,10
1938,6398,11
1938,6399,19
1938,6400,20
1938,6428,13
1938,8315,16
1939,68,27
1939,99,18
1939,245,15
1939,278,16
1939,644,13
1950,36,14
1950,68,56
1950,128,25
1950,136,27
1950,245,31
1950,404,13
1950,533,12
1950,712,11
1950,729,14
1950,787,10
1950,1093,20
1950,5973,22
1950,6435,12
1950,6783,10
1950,6784,11
1950,6786,23
1950,6921,14
1959,204,11
1959,235,24
1959,236,24
1959,1270,22
1959,3889,13
1959,5129,23
1960,58,12
1960,137,14
1960,278,21
1960,803,13
1960,957,25
1960,1093,14
1960,1252,16
1960,1619,10
1960,1801,31
1962,58,15
1962,137,15
1962,278,13
1962,1251,11
1962,1801,23
1964,57,13
1964,1801,13
1967,7,32
1967,58,17
1967,99,10
1967,122,21
1967,230,11
1967,295,10
1967,345,10
1967,957,25
1967,1251,20
1967,1732,56
1967,1762,12
1967,1801,24
1967,1896,18
1967,1967,156
1967,2246,17
1967,2758,14
1967,2759,14
1967,2760,14
1967,2761,15
1967,2762,32
1967,2763,16
1967,2764,28
1967,2765,16
1967,2766,16
1967,2767,16
1967,2768,137
1967,2769,137
1967,2770,98
1967,2771,90
1967,2772,17
1967,2773,17
1967,2774,17
1967,2775,26
1967,2776,53
1967,2777,15
1967,2778,15
1967,2779,15
1967,2780,15
1967,2781,15
1967,2782,15
1967,2783,55
1967,2784,48
1967,2785,31
1967,2786,31
1967,2787,32
1967,2788,26
1967,2789,17
1967,2790,16
1967,2791,25
1967,2792,16
1967,2793,33
1967,2794,33
1967,2795,16
1967,2796,16
1967,2797,25
1967,2798,13
1967,2799,12
1967,2800,12
1967,2801,12
1967,2807,22
1967,7665,12
1967,7681,10
1968,1801,11
1973,57,34
1973,68,13
1973,122,10
1973,957,16
1973,1251,19
1973,1811,15
1973,1814,10
1973,1833,12
1973,6481,10
1980,1251,13
1980,1581,11
1981,1251,10
1986,1904,12
1987,278,28
1987,803,12
1987,1581,14
1987,1995,10
1994,1093,18
1994,1995,10
1995,753,18
1995,1093,20
1995,1996,13
1996,68,16
1996,245,18
1996,1093,17
1996,1904,12
1996,1938,13
2004,753,10
2004,1093,12
2004,1589,12
2007,23,15
2007,31,11
2007,245,17
2007,278,37
2007,351,15
2007,352,15
2007,375,12
2007,376,14
2007,808,17
2007,957,50
2007,1417,17
2007,1799,23
2007,1893,39
2007,2068,13
2008,2,10
2008,3,11
2008,23,24
2008,31,11
2008,35,22
2008,36,19
2008,68,43
2008,87,14
2008,122,11
2008,235,65
2008,236,65
2008,245,57
2008,254,10
2008,278,25
2008,322,11
2008,351,25
2008,352,24
2008,375,10
2008,416,23
2008,475,21
2008,581,11
2008,605,12
2008,808,10
2008,811,15
2008,963,16
2008,1102,11
2008,1355,11
2008,1489,12
2008,1498,12
2008,1589,19
2008,1730,10
2008,1809,10
2008,1811,14
2008,1812,12
2008,1893,19
2008,2008,10
2008,2099,17
2008,2100,13
2008,4406,10
2008,4740,17
2008,4796,11
2008,4799,11
2008,4920,15
2008,5810,10
2008,5826,12
2026,1801,13
2027,7,24
2027,67,10
2027,137,25
2027,803,19
2027,961,10
2027,1093,25
2027,1581,23
2027,1799,25
2027,1801,87
2027,1811,12
2027,1833,17
2027,1904,18
2027,1938,12
2027,2288,13
2027,3280,21
2027,8835,11
2032,109,11
2032,475,20
2032,803,35
2032,1252,14
2032,4780,10
2032,6267,11
2032,7125,24
2032,8210,11
2032,8211,11
2032,8212,11
2037,533,14
2037,643,12
2037,644,16
2037,950,10
2037,5168,10
2038,7,11
2038,533,16
2038,803,12
2038,951,15
2038,957,11
2039,951,11
2039,1252,10
2040,951,10
2040,1252,10
2041,35,11
2041,951,11
2041,1252,12
2041,1938,10
2051,278,11
2061,57,10
2062,57,13
2062,58,10
2062,957,20
2062,1904,11
2065,57,23
2065,58,15
2065,245,17
2065,278,39
2065,533,12
2065,951,31
2065,957,21
2065,1799,18
2065,2068,13
2068,34,14
2068,35,65
2068,36,61
2068,58,68
2068,67,12
2068,87,20
2068,92,10
2068,122,25
2068,137,29
2068,253,13
2068,278,120
2068,353,34
2068,416,11
2068,533,87
2068,581,12
2068,803,43
2068,823,11
2068,951,138
2068,957,97
2068,961,11
2068,1252,43
2068,1355,10
2068,1589,68
2068,1805,12
2068,1916,12
2068,2008,12
2068,2027,27
2068,2068,12
2068,2099,11
2068,2100,10
2068,2239,14
2068,2288,10
2068,2583,11
2068,2844,14
2068,3280,20
2068,4113,34
2068,8835,11
2074,416,15
2074,533,29
2074,1510,10
2074,2288,10
2076,30,10
2076,81,11
2076,87,10
2076,99,21
2076,109,16
2076,122,17
2076,204,14
2076,253,38
2076,309,11
2076,322,12
2076,407,11
2076,416,40
2076,419,16
2076,423,11
2076,459,11
2076,522,11
2076,525,11
2076,535,12
2076,573,11
2076,583,18
2076,644,11
2076,951,22
2076,1188,16
2076,1355,17
2076,1672,10
2076,1684,11
2076,1799,12
2076,2076,20
2076,2288,19
2076,2844,12
2076,2959,20
2076,2961,15
2076,3238,13
2076,4741,15
2076,5951,17
2076,6177,15
2076,6178,13
2076,6181,10
2076,8301,10
2076,9290,10
2077,58,14
2077,109,12
2077,644,14
2077,951,27
2077,1093,10
2077,1251,11
2077,1252,11
2077,1589,13
2077,1799,21
2079,951,11
2089,58,10
2089,533,11
2090,351,10
2092,109,10
2093,122,13
2093,475,12
2093,533,23
2099,7,20
2099,34,23
2099,67,20
2099,109,55
2099,235,20
2099,236,21
2099,278,60
2099,331,27
2099,343,18
2099,508,11
2099,604,10
2099,917,10
2099,987,14
2099,1093,21
2099,1811,25
2099,1814,21
2099,1904,27
2099,1938,31
2099,2100,42
2099,2102,20
2099,5927,12
2099,6428,19
2099,6541,10
2100,7,15
2100,109,40
2100,235,20
2100,236,20
2100,278,50
2100,331,20
2100,343,18
2100,1093,20
2100,1811,16
2100,1904,19
2100,1938,21
2100,2102,18
2100,6398,14
2102,109,18
2102,235,10
2102,236,10
2102,278,20
2102,331,11
2102,957,14
2102,1093,10
2102,1904,11
2102,1938,12
2104,68,11
2104,99,10
2104,137,10
2104,235,15
2104,236,15
2104,278,29
2104,331,11
2104,803,13
2104,951,34
2104,1093,17
2104,1811,11
2104,1904,36
2104,2007,13
2104,8301,16
2108,278,10
2108,951,12
2108,1251,12
2112,7,10
2112,135,10
2112,3651,10
2113,85,12
2113,99,10
2113,154,17
2113,278,10
2113,397,15
2113,444,10
2113,524,13
2113,803,35
2113,1113,18
2113,1166,14
2113,1510,13
2113,3331,10
2113,3759,11
2113,6340,12
2113,7125,23
2125,7,71
2125,85,18
2125,122,142
2125,127,15
2125,136,15
2125,154,47
2125,238,10
2125,245,25
2125,295,69
2125,444,16
2125,448,14
2125,449,15
2125,471,21
2125,508,13
2125,533,108
2125,568,11
2125,570,73
2125,590,44
2125,644,111
2125,656,16
2125,789,105
2125,961,17
2125,1188,10
2125,1189,12
2125,1355,26
2125,1589,13
2125,1646,11
2125,2125,36
2125,2288,21
2125,3115,14
2125,3324,15
2125,3327,16
2125,3526,26
2125,3594,10
2125,3873,16
2125,4741,12
2125,4791,53
2125,4919,18
2125,5979,20
2125,6289,10
2125,6340,18
2125,6958,14
2125,7125,96
2125,8094,12
2125,8129,42
2125,8835,15
2125,10168,11
2126,644,23
2126,950,35
2126,953,11
2126,1146,11
2126,1278,33
2126,2126,10
2126,3025,13
2126,3406,26
2126,3408,33
2128,68,24
2128,99,18
2128,235,23
2128,236,23
2128,245,37
2128,253,16
2128,644,11
2128,9290,10
2129,7,16
2129,99,14
2133,23,11
2133,68,13
2133,74,11
2133,351,11
2133,352,11
2133,1093,16
2133,1417,18
2133,1489,11
2133,1701,13
2133,1938,10
2141,245,12
2141,951,11
2142,7,12
2142,23,11
2142,137,11
2142,351,12
2142,352,11
2142,808,12
2142,951,26
2142,1093,10
2142,1252,12
2143,7,15
2143,23,11
2143,137,14
2143,351,12
2143,352,11
2143,951,19
2143,1252,16
2143,1938,10
2143,5228,22
2166,74,10
2166,99,13
2166,109,30
2166,137,12
2166,1093,14
2166,1589,13
2166,1799,15
2166,1801,54
2166,1811,10
2166,1812,14
2167,92,10
2167,109,16
2167,644,30
2167,957,27
2167,1589,11
2167,2099,12
2167,2100,12
2174,58,12
2174,278,12
2174,1417,17
2230,951,10
2236,823,12
2239,35,29
2239,36,26
2239,58,14
2239,533,18
2239,1251,16
2239,1589,12
2239,1799,15
2245,57,12
2245,58,11
2245,109,15
2245,278,13
2245,331,11
2245,644,11
2245,1801,24
2246,57,39
2246,58,25
2246,109,30
2246,137,17
2246,278,36
2246,331,16
2246,644,19
2246,808,10
2246,1093,14
2246,1252,17
2246,1581,15
2246,1801,57
2246,5228,22
2247,57,32
2247,58,13
2247,109,36
2247,137,10
2247,278,35
2247,331,17
2247,533,14
2247,644,11
2247,1093,28
2247,1252,16
2247,1581,10
2247,1589,16
2247,1801,45
2247,1814,22
2247,2038,13
2247,2670,10
2258,475,19
2258,823,21
2258,1102,20
2258,3711,11
2258,4796,20
2262,245,11
2262,322,15
2262,533,15
2263,99,14
2263,122,20
2263,245,16
2273,957,11
2283,35,11
2283,36,12
2283,566,11
2283,5228,10
2284,35,11
2284,36,11
2284,245,15
2284,437,12
2285,1805,11
2285,1812,10
2287,245,10
2288,7,102
2288,12,19
2288,31,52
2288,58,11
2288,68,76
2288,74,51
2288,86,10
2288,87,19
2288,98,11
2288,99,52
2288,102,29
2288,105,20
2288,122,205
2288,136,10
2288,146,15
2288,147,12
2288,154,39
2288,202,13
2288,204,46
2288,215,22
2288,245,139
2288,247,11
2288,253,46
2288,288,12
2288,295,25
2288,322,27
2288,383,11
2288,397,43
2288,428,36
2288,444,88
2288,445,85
2288,448,115
2288,463,15
2288,485,10
2288,503,14
2288,508,40
2288,525,44
2288,533,251
2288,554,10
2288,568,13
2288,570,24
2288,573,17
2288,589,17
2288,611,19
2288,617,22
2288,622,15
2288,654,12
2288,792,18
2288,803,28
2288,806,10
2288,823,90
2288,836,56
2288,953,18
2288,964,23
2288,982,10
2288,987,74
2288,1004,28
2288,1005,20
2288,1113,10
2288,1117,50
2288,1132,62
2288,1152,13
2288,1166,12
2288,1187,11
2288,1188,33
2288,1208,13
2288,1224,12
2288,1244,10
2288,1277,25
2288,1372,10
2288,1395,10
2288,1510,22
2288,1645,21
2288,1725,17
2288,1767,17
2288,1768,17
2288,1799,15
2288,1801,24
2288,1811,13
2288,2252,11
2288,2288,104
2288,2814,15
2288,2901,11
2288,2949,24
2288,3104,22
2288,3196,22
2288,3204,11
2288,3280,77
2288,3324,76
2288,3466,10
2288,3560,58
2288,3671,11
2288,3673,16
2288,3702,15
2288,3828,16
2288,3840,26
2288,3844,14
2288,3873,90
2288,4070,22
2288,4119,11
2288,4297,18
2288,4299,11
2288,4305,13
2288,4560,10
2288,4799,15
2288,4803,25
2288,4986,15
2288,5162,13
2288,5168,89
2288,5364,11
2288,5642,17
2288,5701,10
2288,5927,88
2288,5951,37
2288,6111,46
2288,6146,10
2288,6168,26
2288,6169,17
2288,6170,10
2288,6171,10
2288,6177,12
2288,6275,13
2288,6289,71
2288,7251,18
2288,7750,10
2288,7813,33
2288,8835,131
2288,9290,10
2288,9450,19
2288,10086,60
2288,10087,30
2288,10088,19
2288,10091,12
2288,10104,13
2288,10168,20
2288,10171,87
2288,10287,11
2288,10305,11
2288,10308,11
2288,10309,14
2288,10317,10
2288,10348,12
2308,68,16
2308,245,11
2308,1589,11
2308,4799,11
2311,109,13
2311,1252,11
2313,67,11
2313,109,13
2313,568,10
2313,808,10
2313,951,22
2313,957,11
2313,1252,10
2313,1589,14
2314,951,11
2316,109,12
2316,533,22
2316,951,28
2316,957,10
2319,68,10
2319,109,13
2319,951,25
2319,1252,10
2319,1581,10
2323,83,15
2323,146,10
2323,375,14
2323,599,25
2323,627,11
2323,797,13
2323,808,23
2323,832,14
2323,953,29
2323,1122,10
2323,1187,11
2323,1277,12
2323,1355,47
2323,2814,24
2323,2816,21
2323,2844,21
2323,2961,15
2323,2982,13
2323,2985,12
2323,3256,22
2323,3331,19
2334,31,12
2334,68,18
2334,74,11
2334,145,12
2334,204,10
2334,397,14
2334,444,20
2334,448,26
2334,508,10
2334,522,18
2334,581,23
2334,624,10
2334,803,11
2334,811,16
2334,971,12
2334,987,13
2334,1132,16
2334,1589,15
2334,2288,56
2334,2334,12
2334,3280,32
2334,3669,11
2334,3673,10
2334,5927,13
2334,5991,21
2334,6111,13
2334,7813,19
2334,10171,27
2339,253,13
2339,1270,12
2339,5129,12
2346,58,10
2346,644,12
2346,1251,11
2371,30,11
2371,31,13
2371,35,12
2371,36,15
2371,57,11
2371,68,36
2371,81,13
2371,99,31
2371,127,15
2371,197,12
2371,215,10
2371,275,16
2371,295,15
2371,398,16
2371,423,10
2371,428,13
2371,522,24
2371,524,12
2371,573,17
2371,583,21
2371,951,16
2371,957,17
2371,987,21
2371,1102,39
2371,1361,10
2371,1488,11
2371,1489,38
2371,3250,13
2371,3555,14
2371,3953,12
2371,4796,45
2371,5366,15
2371,8922,13
2377,957,12
2377,1801,13
2378,957,11
2378,1801,13
2379,957,11
2379,1801,14
2380,230,10
2380,235,15
2380,236,14
2380,278,36
2380,951,20
2380,957,14
2380,1801,18
2381,235,10
2381,236,10
2381,1801,19
2396,109,10
2401,109,22
2401,951,17
2401,1355,18
2401,1833,17
2423,8922,10
2426,58,10
2426,245,10
2426,533,12
2432,35,27
2432,36,25
2432,67,15
2432,68,23
2432,109,37
2432,186,10
2432,245,26
2432,533,13
2432,573,10
2432,581,11
2432,644,30
2432,957,29
2432,1093,14
2432,1355,10
2432,1938,10
2432,2099,19
2432,2100,11
2432,4388,10
2432,4480,10
2432,4483,11
2434,36,10
2435,35,13
2435,36,13
2435,68,15
2435,245,35
2435,533,22
2435,1355,13
2436,31,12
2436,35,10
2436,36,12
2436,68,50
2436,74,12
2436,87,17
2436,99,29
2436,109,10
2436,122,36
2436,235,12
2436,236,12
2436,245,40
2436,295,12
2436,533,48
2436,535,12
2436,583,10
2436,761,10
2436,803,28
2436,823,40
2436,987,10
2436,1188,13
2436,1251,11
2436,2696,12
2436,3671,10
2436,3711,13
2436,8633,17
2436,8634,19
2436,8635,17
2440,278,12
2440,1417,16
2441,1417,10
2454,245,13
2463,85,10
2463,524,14
2463,533,23
2463,789,18
2463,803,13
2463,7125,15
2476,331,10
2477,951,10
2479,68,14
2479,109,11
2479,245,17
2480,68,10
2480,109,15
2480,278,21
2488,1581,14
2516,1251,10
2518,57,10
2518,957,10
2519,57,11
2537,245,12
2550,1251,12
2576,109,19
2576,1589,11
2576,1833,10
2581,137,10
2583,68,12
2583,644,24
2583,957,29
2583,1894,13
2583,1904,23
2595,109,21
2595,253,14
2595,3035,12
2632,2961,15
2645,68,15
2645,533,16
2646,4740,13
2649,4187,10
2657,35,17
2657,36,22
2657,58,11
2657,68,18
2657,86,13
2657,87,11
2657,235,40
2657,236,44
2657,245,38
2657,475,11
2657,957,13
2657,1188,18
2657,1252,10
2657,2670,15
2661,235,10
2661,236,10
2661,322,12
2661,823,10
2661,5145,11
2661,5192,21
2669,1801,10
2670,7,20
2670,23,17
2670,34,11
2670,35,26
2670,36,28
2670,57,36
2670,68,52
2670,92,24
2670,229,10
2670,245,44
2670,295,13
2670,331,20
2670,351,18
2670,352,15
2670,475,10
2670,476,13
2670,566,15
2670,611,14
2670,951,36
2670,1251,16
2670,1581,12
2670,1801,47
2670,1877,11
2670,1878,11
2670,1879,11
2670,2038,13
2670,2670,14
2670,4812,10
2670,4974,15
2670,6776,11
2670,6788,13
2676,68,34
2676,122,12
2676,136,18
2676,245,26
2676,278,14
2676,533,16
2676,646,11
2676,1270,28
2676,1871,11
2676,5129,27
2677,68,14
2677,109,10
2677,245,22
2677,533,12
2678,109,16
2678,137,11
2680,7,16
2680,99,11
2680,338,13
2680,345,13
2680,6269,13
2680,6760,11
2681,533,10
2685,957,11
2685,1801,18
2689,278,10
2689,1240,10
2689,1251,23
2689,1417,15
2689,1895,10
2696,7,56
2696,12,13
2696,57,24
2696,58,28
2696,85,11
2696,186,10
2696,278,37
2696,295,21
2696,397,14
2696,475,61
2696,533,48
2696,570,24
2696,611,10
2696,644,60
2696,751,10
2696,814,53
2696,1093,14
2696,1113,10
2696,1132,12
2696,1166,10
2696,1252,12
2696,1489,12
2696,1581,17
2696,2032,20
2696,2696,14
2696,3115,16
2696,3555,15
2696,3711,15
2696,4629,10
2696,4780,20
2696,6267,24
2696,7125,47
2696,8129,20
2696,8130,20
2696,8131,18
2696,8210,20
2696,8211,20
2696,8212,20
2716,951,16
2741,55,11
2741,278,25
2741,351,14
2741,644,10
2741,951,21
2741,1732,10
2741,1801,15
2741,1833,10
2741,2853,15
2741,2854,11
2743,278,12
2744,278,12
2753,1938,11
2753,2756,11
2754,1967,22
2754,2768,10
2754,2769,10
2756,23,26
2756,58,21
2756,351,26
2756,352,25
2756,1732,13
2756,1833,16
2756,1967,16
2756,2928,11
2757,1967,31
2757,2768,12
2757,2769,12
2762,2768,14
2762,2769,14
2762,2770,10
2764,2768,13
2764,2769,13
2764,2770,10
2768,7,14
2768,644,14
2768,1732,28
2768,2768,28
2768,2769,74
2768,2770,48
2768,2771,39
2768,2775,17
2768,2776,26
2768,2783,20
2768,2784,22
2768,2785,13
2768,2786,20
2768,2787,13
2768,2788,12
2768,2791,14
2768,2793,14
2768,2794,14
2768,2797,14
2768,2807,19
2769,7,14
2769,644,14
2769,1732,27
2769,2769,28
2769,2770,48
2769,2771,38
2769,2775,18
2769,2776,27
2769,2783,20
2769,2784,21
2769,2785,13
2769,2786,20
2769,2787,13
2769,2788,12
2769,2791,14
2769,2793,14
2769,2794,14
2769,2797,14
2769,2807,19
2770,245,11
2770,644,10
2770,1732,20
2770,2770,12
2770,2771,29
2770,2775,10
2770,2776,20
2770,2783,16
2770,2784,15
2770,2785,10
2770,2786,10
2770,2787,10
2770,2791,10
2770,2793,10
2770,2794,10
2770,2797,10
2770,2807,10
2771,1732,17
2771,2771,10
2771,2776,17
2771,2783,16
2771,2784,14
2771,2793,11
2771,2794,10
2776,1732,11
2807,35,14
2807,36,14
2807,81,10
2807,230,10
2807,245,10
2807,2807,10
2807,2812,12
2808,122,13
2808,4741,10
2810,122,10
2810,235,10
2810,236,10
2811,533,20
2812,1355,10
2813,235,11
2813,236,12
2813,533,17
2814,122,25
2814,276,16
2814,375,21
2814,533,12
2814,599,16
2814,605,16
2814,627,15
2814,654,12
2814,953,23
2814,987,13
2814,1550,10
2814,2814,11
2814,2816,15
2814,2844,18
2814,2982,10
2814,3104,11
2816,1,10
2816,87,14
2816,122,29
2816,136,11
2816,146,13
2816,278,16
2816,428,13
2816,533,11
2816,568,11
2816,599,27
2816,617,18
2816,1188,10
2816,2816,12
2816,2817,17
2816,2915,15
2816,2982,10
2816,3331,24
2816,3333,18
2817,109,11
2817,122,51
2817,428,13
2817,533,38
2817,811,13
2817,814,26
2817,823,50
2817,951,18
2817,1188,14
2817,1645,10
2817,2985,11
2817,3331,15
2817,3363,20
2817,8607,31
2817,8635,12
2818,122,13
2818,533,18
2818,823,14
2819,215,17
2819,216,13
2819,288,18
2819,324,11
2819,437,10
2819,789,13
2819,1102,29
2819,1290,18
2823,235,11
2823,236,11
2826,238,10
2826,278,15
2826,524,12
2826,533,26
2826,581,10
2826,1601,10
2829,235,10
2829,236,10
2839,109,17
2839,238,13
2839,245,42
2839,508,12
2839,525,11
2839,957,10
2839,1355,19
2839,1833,11
2839,2844,17
2839,2915,11
2841,245,10
2841,604,10
2841,953,15
2841,1355,11
2841,2842,13
2841,2869,10
2841,5927,23
2842,99,24
2842,235,26
2842,236,26
2842,245,15
2842,522,12
2842,604,12
2842,953,11
2842,1355,21
2842,2741,11
2842,2842,10
2842,5927,149
2842,5996,11
2844,7,27
2844,34,11
2844,146,21
2844,219,11
2844,278,30
2844,375,11
2844,459,10
2844,525,12
2844,599,34
2844,609,14
2844,1093,14
2844,1251,14
2844,1278,11
2844,1550,19
2844,1589,13
2844,1892,10
2844,2741,12
2844,2816,26
2844,2817,12
2844,2844,11
2844,2915,14
2844,2936,10
2844,2958,12
2844,2961,22
2844,3768,11
2845,99,11
2845,533,15
2846,57,11
2847,331,12
2847,351,23
2847,352,21
2847,2068,11
2853,7,23
2853,23,24
2853,68,14
2853,245,25
2853,278,33
2853,351,25
2853,352,22
2853,353,13
2853,533,21
2853,617,12
2853,644,30
2853,646,13
2853,765,14
2853,803,10
2853,1093,21
2853,1581,10
2853,1833,13
2853,2068,16
2853,2854,17
2854,7,10
2854,23,10
2854,351,12
2854,644,10
2859,109,10
2859,644,12
2859,957,11
2859,1801,16
2861,1093,11
2869,99,15
2869,235,12
2869,236,12
2869,245,16
2869,475,10
2869,953,19
2869,2842,24
2869,4432,21
2869,5927,118
2872,583,10
2873,245,14
2874,68,14
2874,235,18
2874,236,18
2874,245,24
2874,533,13
2875,7,11
2875,68,15
2875,235,22
2875,236,22
2875,245,28
2875,533,23
2882,235,10
2882,236,10
2886,235,14
2886,236,14
2891,7,12
2891,87,10
2891,533,20
2899,1355,10
2900,35,11
2900,36,10
2900,808,10
2900,951,18
2900,1252,10
2901,57,22
2901,68,12
2901,109,22
2901,245,14
2901,278,35
2901,568,11
2901,581,11
2901,583,10
2901,803,10
2901,811,11
2901,957,19
2901,961,10
2901,1252,13
2901,1799,11
2901,6289,10
2904,484,12
2904,524,12
2904,534,13
2904,535,14
2904,581,13
2905,531,12
2905,535,30
2905,1355,14
2907,68,10
2907,475,13
2912,814,14
2915,68,10
2915,238,10
2918,245,18
2919,245,18
2921,535,16
2921,2288,11
2926,7,10
2926,68,27
2926,245,23
2926,416,10
2927,245,12
2927,1203,10
2928,23,15
2928,58,14
2928,245,12
2928,331,15
2928,352,13
2928,1801,18
2936,245,10
2936,1188,13
2936,2961,15
2936,6332,11
2945,68,11
2945,109,11
2945,245,16
2945,351,11
2945,533,14
2945,644,10
2947,533,10
2949,7,22
2949,99,11
2949,122,28
2949,136,10
2949,278,10
2949,416,14
2949,444,12
2949,987,18
2949,5991,13
2949,6289,10
2949,6340,10
2949,7125,10
2949,9633,11
2952,7,11
2952,568,15
2952,5228,27
2959,508,10
2959,534,10
2959,535,10
2959,1801,12
2959,2961,12
2961,34,14
2961,35,45
2961,36,44
2961,67,11
2961,68,39
2961,87,12
2961,202,12
2961,253,11
2961,256,10
2961,276,16
2961,331,28
2961,375,26
2961,508,24
2961,583,14
2961,605,19
2961,627,14
2961,644,45
2961,654,12
2961,803,21
2961,953,12
2961,1093,22
2961,1252,16
2961,1498,11
2961,1581,24
2961,1589,14
2961,1904,12
2961,2068,23
2961,2814,22
2961,2961,25
2961,3104,11
2961,4834,16
2961,5927,11
2961,6334,10
2961,8836,12
2964,253,11
2972,245,16
2972,533,15
2981,238,13
2981,245,16
2981,375,15
2981,605,11
2981,644,13
2981,2323,11
2981,2814,14
2981,2844,10
2981,2961,14
2982,146,14
2982,245,21
2982,599,20
2982,808,10
2982,953,21
2982,1278,12
2982,1550,10
2982,2844,19
2982,2985,14
2982,3333,14
2985,146,11
2985,238,10
2985,245,23
2985,599,18
2985,2816,20
2985,2844,16
2989,5927,13
2992,57,22
2992,67,10
2992,68,23
2992,109,23
2992,278,23
2992,416,11
2992,581,10
2992,957,23
2992,1251,11
2992,2099,15
2992,2432,21
2995,525,12
2995,6332,12
2996,8607,14
3004,7,10
3004,1355,10
3010,811,11
3010,1278,12
3010,3013,11
3012,3013,10
3013,3019,17
3013,3020,10
3019,68,24
3019,87,14
3019,524,10
3019,533,22
3019,568,14
3019,644,10
3019,811,12
3019,950,10
3019,3393,10
3022,99,16
3022,533,26
3022,811,14
3024,533,18
3024,1912,15
3024,1929,14
3024,3280,11
3024,5003,56
3025,950,21
3025,1278,21
3025,3408,20
3031,533,12
3031,4741,10
3032,68,14
3032,533,18
3032,4796,14
3033,68,10
3033,416,11
3033,533,20
3033,4233,10
3035,253,11
3037,68,12
3038,122,16
3038,322,22
3038,1102,12
3038,1489,11
3038,2371,11
3038,4796,12
3038,8607,27
3043,245,17
3043,533,28
3043,8607,12
3047,7,15
3047,245,39
3047,475,16
3047,533,25
3047,644,27
3047,987,18
3047,1904,13
3049,31,12
3049,204,12
3049,508,15
3049,643,16
3049,644,23
3049,4740,13
3049,5003,14
3049,8660,12
3051,1589,10
3058,249,10
3058,3075,12
3062,7,12
3062,533,12
3062,1891,12
3065,7,10
3065,533,28
3067,7,10
3067,109,12
3067,351,12
3067,3463,10
3075,12,17
3075,68,12
3075,79,20
3075,235,13
3075,236,13
3075,238,15
3075,295,13
3075,644,11
3075,656,14
3075,668,13
3075,953,20
3075,1093,14
3075,1151,10
3075,2882,12
3075,3075,19
3075,3080,13
3075,3095,27
3075,3121,21
3075,3132,23
3075,3141,18
3075,3362,10
3075,3592,21
3075,3593,17
3082,1801,13
3091,236,10
3091,2814,10
3093,605,11
3095,238,10
3095,3121,10
3095,3132,11
3101,68,10
3101,85,31
3101,644,31
3101,803,23
3101,6340,36
3101,8130,17
3101,8131,16
3104,235,15
3104,236,15
3104,445,10
3104,533,18
3104,581,16
3104,643,11
3104,644,14
3104,2334,10
3104,3104,15
3104,3115,10
3104,6289,10
3104,10285,10
3104,10287,15
3104,10294,10
3107,235,10
3107,236,10
3115,99,19
3115,147,13
3115,186,16
3115,245,13
3115,263,16
3115,508,21
3115,533,66
3115,809,12
3115,810,12
3115,961,14
3115,1166,13
3115,1525,16
3115,1646,13
3115,2288,11
3115,2436,10
3115,3115,11
3115,3503,21
3115,3517,16
3115,3526,14
3115,3566,21
3115,3747,21
3115,4790,17
3115,4803,31
3115,4892,12
3115,5003,21
3115,5141,14
3115,5419,10
3115,8572,16
3115,8625,12
3115,8629,12
3115,8630,14
3115,8632,10
3115,8633,16
3115,8634,12
3115,8635,19
3115,8802,23
3115,8835,10
3116,524,14
3116,789,13
3117,533,10
3117,643,17
3117,644,22
3118,533,14
3121,204,14
3121,235,11
3121,236,11
3121,238,15
3121,3058,10
3121,3134,14
3121,3594,11
3127,7,13
3127,241,10
3127,278,12
3127,533,11
3127,3134,14
3128,533,12
3130,7,15
3131,7,18
3131,136,10
3131,599,10
3131,814,16
3131,823,17
3131,1355,19
3131,2323,15
3131,2816,12
3131,2844,10
3132,7,22
3132,12,12
3132,145,11
3132,245,10
3132,625,12
3132,953,17
3132,3141,11
3132,3593,10
3132,3594,17
3132,3596,10
3132,3597,10
3133,278,10
3134,68,12
3134,245,17
3134,278,16
3134,351,10
3134,808,10
3134,1093,13
3134,3075,10
3138,475,11
3138,987,11
3141,3594,10
3145,534,11
3145,1188,10
3145,2288,21
3149,200,12
3156,7,16
3156,136,10
3166,145,12
3166,1093,10
3172,3121,11
3179,235,12
3179,236,12
3179,533,12
3193,245,22
3193,533,16
3193,1270,11
3196,68,19
3196,122,24
3196,245,18
3196,987,13
3196,3873,11
3196,8835,13
3199,68,13
3199,99,13
3199,235,15
3199,236,15
3199,1188,14
3204,31,13
3204,235,11
3204,236,11
3204,581,10
3204,597,10
3205,278,19
3205,3609,11
3213,533,11
3217,533,13
3218,533,17
3218,535,15
3218,581,13
3218,3238,13
3227,7,16
3227,475,27
3227,508,11
3227,566,10
3227,568,15
3228,7,24
3228,961,11
3228,3363,10
3230,7,13
3230,145,10
3236,987,15
3236,2288,24
3236,3560,11
3236,5168,15
3238,122,10
3238,245,27
3238,534,22
3238,583,11
3238,604,15
3238,961,12
3238,1188,12
3238,1355,11
3238,3238,12
3238,3240,11
3239,6895,10
3239,7826,10
3242,12,10
3242,245,25
3242,475,17
3242,570,10
3250,31,12
3250,99,20
3250,122,30
3250,275,12
3250,398,11
3250,407,10
3250,505,11
3250,508,15
3250,832,13
3250,2961,10
3250,3762,10
3254,7,11
3254,646,10
3254,669,11
3256,7,16
3256,83,13
3256,568,12
3256,599,13
3256,797,10
3256,808,17
3256,832,10
3256,2816,11
3256,3331,18
3264,7,10
3264,122,14
3265,7,16
3265,68,24
3265,235,32
3265,236,32
3265,245,25
3265,524,11
3265,533,23
3266,235,17
3266,236,16
3266,1589,11
3266,1801,11
3270,31,11
3270,36,12
3270,74,21
3270,92,15
3270,98,13
3270,99,54
3270,251,11
3270,278,15
3270,437,18
3270,522,13
3270,533,52
3270,3889,12
3273,622,11
3273,934,10
3273,3280,12
3275,31,12
3275,68,17
3275,245,54
3275,437,14
3275,533,53
3275,535,14
3275,589,16
3275,622,10
3275,811,12
3275,951,11
3275,1188,13
3275,1270,11
3275,1912,13
3275,1929,12
3275,2288,17
3275,3275,14
3275,3280,17
3275,3875,13
3275,4070,15
3275,4560,12
3280,7,81
3280,68,28
3280,74,14
3280,122,174
3280,136,10
3280,151,13
3280,186,25
3280,219,10
3280,245,42
3280,444,52
3280,445,55
3280,471,50
3280,475,18
3280,527,13
3280,581,17
3280,589,13
3280,597,12
3280,602,20
3280,611,36
3280,617,55
3280,622,19
3280,624,12
3280,626,21
3280,656,18
3280,953,17
3280,961,101
3280,1015,14
3280,1102,13
3280,1132,118
3280,1286,10
3280,1646,32
3280,1763,19
3280,1912,18
3280,1967,13
3280,2125,41
3280,2901,26
3280,3115,38
3280,3177,21
3280,3228,23
3280,3280,108
3280,3324,50
3280,3503,28
3280,3566,26
3280,3784,16
3280,3828,14
3280,3873,52
3280,4796,15
3280,4803,53
3280,5003,29
3280,5168,33
3280,5364,13
3280,5991,48
3280,6111,33
3280,7813,85
3280,7839,13
3280,7844,24
3280,8094,21
3280,8635,36
3280,8802,21
3280,8835,84
3280,9633,37
3280,10086,49
3280,10274,59
3280,10277,10
3280,10297,18
3280,10298,13
3280,10299,19
3282,656,11
3288,23,11
3288,68,11
3288,278,10
3288,338,11
3288,345,11
3288,351,11
3288,352,11
3288,379,10
3288,2680,11
3288,6269,11
3288,6759,10
3288,6760,10
3291,533,14
3298,953,11
3301,278,11
3302,278,11
3315,2288,10
3316,7,15
3316,245,14
3316,475,12
3317,245,15
3320,1052,12
3321,416,10
3321,533,32
3321,1589,14
3321,2288,10
3321,3280,26
3323,966,13
3324,12,16
3324,63,15
3324,68,45
3324,74,31
3324,105,13
3324,127,26
3324,153,19
3324,204,20
3324,218,18
3324,235,58
3324,236,62
3324,276,16
3324,407,11
3324,437,18
3324,448,47
3324,458,14
3324,471,23
3324,508,13
3324,522,13
3324,525,23
3324,533,126
3324,597,22
3324,617,19
3324,626,18
3324,644,10
3324,656,11
3324,761,10
3324,803,14
3324,823,35
3324,966,14
3324,987,20
3324,1004,18
3324,1132,37
3324,1270,10
3324,1645,12
3324,1799,10
3324,1912,11
3324,2334,20
3324,2949,11
3324,3324,33
3324,3408,15
3324,3748,11
3324,3759,12
3324,4741,21
3324,4799,15
3324,4957,15
3324,5129,10
3324,5228,14
3324,5248,24
3324,5590,10
3324,5927,42
3324,6111,20
3324,6289,33
3324,6340,33
3324,7813,11
3324,7935,21
3324,8108,14
3324,8110,14
3324,10087,23
3324,10088,14
3324,10168,10
3327,31,23
3327,85,62
3327,127,16
3327,154,12
3327,185,36
3327,218,13
3327,235,17
3327,236,16
3327,397,17
3327,605,29
3327,656,14
3327,751,88
3327,803,56
3327,814,16
3327,957,83
3327,1113,15
3327,2696,14
3327,3101,54
3327,3327,45
3327,3331,11
3327,4720,72
3327,4791,10
3327,5007,12
3327,6201,70
3327,6340,63
3327,8129,40
3327,8130,50
3327,8131,44
3327,8607,17
3331,12,20
3331,57,12
3331,147,10
3331,186,10
3331,235,21
3331,236,22
3331,249,11
3331,278,23
3331,322,47
3331,397,11
3331,407,11
3331,416,10
3331,419,10
3331,475,90
3331,508,26
3331,533,54
3331,535,11
3331,568,11
3331,611,11
3331,823,168
3331,957,48
3331,1049,10
3331,1093,15
3331,1102,73
3331,1122,11
3331,1187,10
3331,1188,11
3331,1489,12
3331,1699,10
3331,2696,14
3331,2819,10
3331,2985,17
3331,3115,10
3331,3331,15
3331,3333,15
3331,3363,48
3331,3594,11
3331,4740,16
3331,4796,77
3331,6267,22
3331,8734,11
3333,30,11
3333,122,13
3333,245,17
3333,644,10
3333,814,13
3333,823,16
3333,2817,11
3333,2844,15
3333,2985,17
3344,789,14
3344,1113,13
3344,7125,12
3362,7,18
3362,145,19
3362,533,13
3362,644,13
3363,7,89
3363,85,42
3363,99,26
3363,111,20
3363,122,98
3363,154,65
3363,185,36
3363,186,36
3363,189,25
3363,218,10
3363,263,16
3363,437,11
3363,466,12
3363,472,26
3363,475,187
3363,476,18
3363,477,35
3363,505,17
3363,522,13
3363,535,10
3363,570,46
3363,597,11
3363,605,14
3363,644,41
3363,761,20
3363,803,216
3363,811,11
3363,814,215
3363,957,199
3363,1102,161
3363,1113,10
3363,1132,21
3363,1156,22
3363,1188,10
3363,1300,15
3363,1489,25
3363,1525,13
3363,1579,12
3363,1749,10
3363,1763,19
3363,2032,10
3363,2113,12
3363,2696,29
3363,2819,16
3363,2996,10
3363,3101,39
3363,3115,35
3363,3250,10
3363,3280,11
3363,3324,11
3363,3327,87
3363,3363,66
3363,3503,12
3363,3517,16
3363,3526,12
3363,3566,14
3363,3747,14
3363,3828,12
3363,4790,16
3363,4957,10
3363,5003,17
3363,5248,10
3363,5366,18
3363,6340,54
3363,7839,11
3363,8129,19
3363,8130,24
3363,8131,20
3363,8572,40
3363,8607,134
3363,8623,27
3363,8625,23
3363,8628,26
3363,8629,37
3363,8630,43
3363,8631,54
3363,8632,39
3363,8633,22
3363,8634,22
3363,8635,18
3363,8734,19
3363,8802,17
3387,966,12
3388,966,10
3392,966,10
3393,644,12
3393,811,12
3393,966,20
3393,1052,10
3394,966,10
3395,966,10
3396,644,11
3400,31,27
3400,35,18
3400,74,12
3400,245,18
3400,295,14
3400,428,12
3400,533,11
3400,797,12
3400,832,14
3400,853,13
3400,953,11
3400,1004,14
3400,4617,32
3400,6762,11
3400,6787,10
3400,6991,10
3400,6995,12
3400,6996,12
3400,6997,15
3406,253,10
3406,950,42
3406,953,13
3406,1146,13
3406,1278,40
3406,3025,14
3406,3333,10
3406,3406,10
3406,3408,40
3408,253,16
3408,953,30
3408,1146,23
3408,2817,11
3408,2958,11
3408,2982,11
3408,3333,16
3408,3408,27
3408,3410,11
3408,3445,11
3408,3446,10
3408,3447,17
3408,3448,13
3410,12,12
3410,99,10
3410,235,21
3410,236,21
3410,656,12
3410,814,14
3410,832,17
3410,1355,18
3410,5265,11
3410,8130,11
3422,643,16
3422,644,14
3422,966,14
3423,643,11
3423,644,11
3452,278,11
3452,957,10
3452,1801,12
3466,3104,11
3473,57,17
3473,109,15
3473,278,16
3473,5003,14
3488,7,22
3488,122,10
3488,136,10
3488,404,13
3488,656,12
3488,823,14
3488,832,17
3488,1049,10
3491,245,24
3491,533,18
3492,3327,10
3492,4919,10
3500,7,10
3500,68,15
3500,122,11
3500,278,19
3500,644,10
3500,811,10
3500,957,14
3500,1801,16
3500,1891,11
3501,235,11
3501,236,11
3503,7,43
3503,57,12
3503,68,11
3503,99,17
3503,122,45
3503,147,10
3503,235,24
3503,236,24
3503,278,13
3503,475,26
3503,761,12
3503,802,12
3503,811,27
3503,814,44
3503,823,46
3503,957,17
3503,1102,21
3503,1525,12
3503,3509,11
3503,3512,12
3503,3517,17
3503,3526,15
3503,3555,14
3503,4780,11
3503,4796,21
3503,6267,16
3503,8572,10
3503,8607,20
3508,7,22
3508,145,11
3508,235,17
3508,236,17
3508,533,18
3509,235,10
3509,236,10
3509,3512,11
3510,802,12
3510,811,12
3510,3517,12
3512,7,14
3512,235,11
3512,236,11
3512,802,10
3512,811,15
3517,99,13
3517,122,19
3517,508,10
3517,761,10
3517,802,17
3517,814,33
3517,832,11
3517,3526,15
3524,797,11
3524,814,24
3524,832,19
3524,1355,15
3524,3331,14
3525,57,10
3525,475,19
3525,656,13
3525,814,20
3525,832,18
3525,1049,11
3525,1102,19
3525,4796,19
3526,12,11
3526,68,20
3526,127,13
3526,154,21
3526,186,10
3526,245,11
3526,295,22
3526,475,30
3526,508,14
3526,525,10
3526,533,35
3526,590,15
3526,605,30
3526,761,15
3526,814,50
3526,1102,22
3526,2696,16
3526,4791,20
3526,4796,22
3526,8607,21
3531,656,14
3533,656,10
3533,6921,12
3537,68,10
3537,235,18
3537,236,18
3537,957,11
3537,6289,10
3537,8835,11
3542,57,12
3552,68,14
3552,814,11
3552,1166,11
3555,12,11
3555,99,14
3555,122,33
3555,145,18
3555,147,10
3555,278,10
3555,295,10
3555,322,20
3555,477,13
3555,570,33
3555,573,10
3555,583,16
3555,605,12
3555,789,15
3555,814,55
3555,832,11
3555,957,41
3555,1166,13
3555,1188,13
3555,3115,18
3555,3250,12
3555,3331,18
3555,3363,36
3555,3566,11
3555,4740,17
3555,4796,90
3555,5141,10
3555,6267,19
3555,7125,23
3555,8572,17
3555,8635,12
3555,8734,10
3559,814,13
3560,57,11
3560,204,13
3560,322,12
3560,416,20
3560,448,18
3560,458,10
3560,508,11
3560,533,37
3560,570,11
3560,644,10
3560,832,14
3560,1117,16
3560,2334,13
3560,3196,11
3560,3560,11
3560,4799,10
3560,6289,14
3566,127,20
3566,475,24
3566,508,14
3566,803,32
3566,823,53
3566,957,15
3566,1102,19
3566,1525,11
3566,1645,14
3566,2696,10
3566,3503,20
3566,4780,11
3566,4796,20
3566,4799,11
3566,6267,15
3566,7125,14
3566,8572,10
3566,8607,18
3584,68,17
3584,122,11
3584,245,26
3584,278,16
3584,375,10
3584,533,29
3584,1270,14
3584,5129,13
3586,1589,11
3586,5192,11
3592,12,10
3592,79,10
3592,145,10
3592,625,10
3592,3095,10
3592,3132,12
3592,3141,10
3592,3593,10
3592,3594,12
3592,3596,10
3592,3597,10
3593,3594,10
3594,79,10
3594,145,25
3594,245,16
3594,568,16
3594,644,21
3594,668,11
3594,827,11
3594,1093,30
3594,1122,10
3594,1307,11
3594,1355,22
3594,1603,11
3594,2323,11
3594,2816,18
3594,3075,22
3594,3095,10
3594,3131,11
3594,3166,15
3594,3256,11
3594,3594,16
3594,3596,10
3594,3597,10
3596,3075,17
3597,3075,18
3603,533,14
3604,99,11
3604,313,13
3604,322,11
3604,437,17
3604,475,15
3604,525,14
3604,533,14
3604,1049,10
3604,5927,16
3605,533,11
3607,7,16
3609,36,10
3609,245,12
3609,951,16
3609,4187,17
3610,122,18
3610,814,14
3610,823,17
3610,3611,12
3611,122,18
3611,238,12
3611,814,15
3611,823,19
3611,1355,10
3611,2323,11
3612,122,14
3612,823,12
3615,7,11
3615,31,15
3615,122,17
3615,1645,10
3615,2125,11
3615,3280,17
3619,814,14
3620,31,10
3620,814,14
3621,814,14
3622,814,15
3623,814,15
3624,814,15
3625,814,15
3626,814,15
3627,814,14
3629,154,11
3629,186,11
3629,475,22
3629,533,14
3629,570,11
3629,803,26
3629,957,11
3629,1102,22
3629,1113,13
3629,3363,11
3629,4796,21
3629,8607,16
3641,814,16
3641,823,25
3642,823,18
3643,823,18
3651,3166,10
3669,30,16
3669,31,29
3669,85,13
3669,99,30
3669,122,75
3669,154,25
3669,186,15
3669,278,10
3669,295,14
3669,322,10
3669,397,14
3669,416,12
3669,428,18
3669,444,19
3669,448,23
3669,479,12
3669,522,11
3669,524,14
3669,583,11
3669,597,12
3669,624,11
3669,789,13
3669,814,22
3669,823,41
3669,957,10
3669,1004,11
3669,1132,11
3669,1187,11
3669,1277,13
3669,1684,18
3669,2288,36
3669,2949,12
3669,3324,22
3669,3669,14
3669,3828,11
3669,3873,27
3669,4796,13
3669,6275,14
3669,6289,11
3670,99,18
3670,122,12
3670,1489,10
3670,2076,10
3671,31,16
3671,92,10
3671,99,23
3671,122,29
3671,278,17
3671,524,10
3671,525,10
3671,1489,10
3671,2657,10
3671,4741,19
3671,4796,21
3673,122,37
3673,397,24
3673,444,11
3673,445,12
3673,617,15
3673,803,17
3673,823,53
3673,1132,27
3673,1589,36
3673,3280,44
3673,3324,10
3673,7813,18
3673,8635,15
3673,10086,10
3673,10274,18
3675,35,15
3675,36,18
3675,122,15
3676,245,16
3683,823,12
3684,814,12
3684,823,17
3702,122,23
3702,278,20
3702,533,35
3702,987,17
3710,68,10
3710,109,11
3710,533,13
3710,1251,10
3710,1801,16
3711,57,33
3711,68,41
3711,81,17
3711,127,25
3711,136,13
3711,137,10
3711,275,25
3711,278,36
3711,295,10
3711,404,14
3711,407,20
3711,423,10
3711,428,13
3711,475,143
3711,505,16
3711,533,58
3711,568,13
3711,570,47
3711,605,12
3711,656,14
3711,761,14
3711,789,36
3711,811,22
3711,814,49
3711,823,60
3711,832,27
3711,836,11
3711,858,16
3711,951,23
3711,1040,11
3711,1049,34
3711,1102,82
3711,1188,14
3711,1645,11
3711,2371,22
3711,2463,12
3711,2518,10
3711,2961,16
3711,3250,38
3711,3327,14
3711,3331,15
3711,3363,25
3711,3488,13
3711,3503,11
3711,3525,20
3711,3526,14
3711,3555,22
3711,3560,10
3711,3671,11
3711,3711,26
3711,3752,14
3711,3762,13
3711,4723,14
3711,4780,19
3711,4796,87
3711,4919,16
3711,5366,12
3711,6114,10
3711,6267,25
3711,7125,25
3711,8128,10
3711,8130,12
3711,8131,10
3711,8572,11
3711,8786,15
3711,8787,15
3713,68,13
3713,122,17
3713,245,11
3713,533,20
3723,99,11
3723,245,23
3723,533,24
3733,15,15
3733,645,10
3733,7697,13
3733,7698,13
3741,1833,10
3744,566,10
3746,122,10
3746,3280,22
3746,4803,10
3747,7,21
3747,31,12
3747,99,11
3747,122,39
3747,508,10
3747,1277,10
3747,3280,22
3747,3503,12
3747,3566,12
3747,8635,11
3748,7,15
3748,122,22
3748,145,11
3748,3280,23
3748,3873,11
3752,147,10
3752,154,27
3752,245,15
3752,295,14
3752,508,13
3752,789,30
3752,803,33
3752,823,62
3752,957,18
3752,3331,11
3752,3363,18
3752,4796,53
3752,7125,23
3755,68,34
3755,103,16
3755,245,36
3755,322,16
3755,1210,12
3759,12,17
3759,31,15
3759,68,14
3759,397,29
3759,644,33
3759,656,10
3759,1113,27
3759,1355,16
3759,1490,12
3759,2696,12
3759,3327,19
3759,3344,10
3759,3363,11
3759,3410,16
3759,3759,10
3759,4741,10
3759,4919,17
3759,5265,27
3759,5979,10
3759,7125,37
3759,8128,19
3759,8129,20
3759,8130,22
3759,8131,11
3762,7,11
3762,122,13
3762,1355,11
3764,74,10
3764,235,15
3764,236,15
3764,951,15
3764,1801,11
3768,533,10
3769,235,12
3769,236,12
3769,245,10
3769,533,35
3769,570,20
3769,4740,10
3774,235,14
3774,236,13
3784,2288,20
3785,951,13
3801,99,14
3801,122,16
3802,278,19
3802,987,10
3807,475,11
3809,1589,10
3810,1801,18
3824,122,11
3828,7,40
3828,31,10
3828,34,10
3828,57,25
3828,68,31
3828,74,15
3828,87,11
3828,109,14
3828,127,10
3828,154,16
3828,186,10
3828,204,11
3828,295,12
3828,309,11
3828,322,10
3828,397,11
3828,416,13
3828,444,12
3828,475,24
3828,508,15
3828,568,13
3828,644,15
3828,803,34
3828,823,48
3828,987,19
3828,1102,17
3828,1132,12
3828,1252,11
3828,1589,14
3828,1801,30
3828,1805,10
3828,2436,10
3828,2696,10
3828,3711,12
3828,4741,17
3828,4796,16
3828,5228,10
3828,7125,11
3828,8607,12
3830,322,13
3833,245,23
3833,533,18
3833,1801,13
3833,1904,12
3833,2104,10
3833,3834,12
3834,245,22
3834,533,17
3834,1801,11
3835,253,13
3838,245,10
3840,7,11
3840,68,19
3840,122,19
3840,204,10
3840,245,26
3840,448,13
3840,533,22
3840,987,16
3840,5168,21
3844,245,23
3844,416,11
3844,533,22
3853,278,12
3853,6921,13
3858,85,12
3858,145,15
3858,533,28
3858,568,17
3858,789,16
3873,7,35
3873,68,33
3873,102,13
3873,127,22
3873,154,24
3873,204,14
3873,245,35
3873,276,11
3873,444,50
3873,445,49
3873,448,39
3873,525,13
3873,581,19
3873,617,15
3873,622,12
3873,836,15
3873,961,23
3873,964,19
3873,1004,24
3873,1093,10
3873,1132,39
3873,1152,13
3873,1277,13
3873,1684,21
3873,1801,29
3873,2068,14
3873,2334,19
3873,2949,16
3873,3236,11
3873,3324,35
3873,3560,16
3873,3673,10
3873,3828,10
3873,3873,23
3873,4113,10
3873,4803,12
3873,5168,43
3873,5991,36
3873,6275,18
3873,8635,32
3873,9633,44
3873,10086,34
3873,10087,16
3875,7,16
3875,68,31
3875,99,49
3875,105,15
3875,154,15
3875,245,34
3875,275,12
3875,296,12
3875,437,18
3875,533,28
3875,3324,11
3875,4741,15
3875,6023,10
3876,12,12
3876,30,11
3876,109,10
3876,154,24
3876,235,32
3876,236,32
3876,254,14
3876,278,15
3876,322,15
3876,375,14
3876,409,11
3876,503,10
3876,525,12
3876,533,29
3876,1489,23
3876,1601,19
3876,3876,17
3876,3886,11
3876,3887,11
3876,3889,11
3876,4741,12
3881,322,10
3881,533,10
3889,23,16
3889,92,11
3889,99,28
3889,136,16
3889,235,74
3889,236,75
3889,245,69
3889,297,17
3889,351,16
3889,352,15
3889,416,15
3889,533,63
3889,644,37
3889,987,11
3889,1811,13
3889,1879,11
3889,2008,14
3889,2099,14
3889,2100,13
3889,3889,18
3895,74,10
3895,99,14
3903,5003,10
3930,68,11
3930,87,13
3933,68,12
3933,6318,17
3953,7,18
3953,154,10
3953,533,14
3953,5357,13
3953,5366,11
3953,8628,10
3958,533,12
3965,68,18
3965,245,26
3967,533,13
3971,109,13
3971,544,28
3971,951,34
3971,2650,18
3971,3971,21
3971,3972,28
3971,3973,21
3971,3974,21
3971,3975,26
3971,3976,24
3971,3977,29
3971,3978,10
3972,951,12
3972,3973,12
3972,3974,11
3972,3975,15
3972,3976,12
3972,3977,15
3973,951,14
3973,3974,10
3973,3975,12
3973,3976,10
3973,3977,13
3974,951,18
3974,3975,12
3974,3976,10
3974,3977,12
3975,951,15
3975,3976,12
3975,3977,16
3976,951,20
3976,3977,13
3977,951,23
3977,2650,10
3978,951,11
3986,1251,10
3988,7,41
3988,15,10
3988,23,31
3988,55,14
3988,57,18
3988,331,10
3988,336,47
3988,338,15
3988,351,32
3988,352,27
3988,811,11
3988,885,12
3988,957,17
3988,1589,13
3988,1755,10
3988,1801,36
3988,1938,14
3988,3988,11
3988,4005,14
3988,4683,19
3988,5518,19
3988,8000,14
3988,8002,12
3988,8003,12
3988,8007,21
3988,8014,12
3988,8015,13
3988,8018,14
3988,8019,14
3998,7,19
3998,278,13
3998,1755,14
3999,1967,12
4004,278,18
4004,6384,12
4005,336,22
4005,8002,11
4005,8003,11
4005,8007,21
4005,8014,13
4005,8015,14
4005,8018,14
4005,8019,13
4007,236,10
4007,4629,10
4007,4762,11
4017,1801,10
4050,67,12
4050,278,19
4050,957,11
4050,1801,14
4054,57,14
4054,109,10
4054,278,19
4054,644,10
4069,23,20
4069,351,19
4069,352,15
4070,153,14
4070,589,15
4070,644,14
4070,3280,16
4084,35,15
4084,36,16
4084,55,16
4084,58,11
4084,98,16
4084,278,14
4084,437,11
4084,1811,19
4084,4085,14
4084,4741,11
4085,55,15
4085,1811,16
4094,278,11
4113,7,17
4113,57,22
4113,109,23
4113,278,40
4113,353,11
4113,803,16
4113,957,18
4113,1833,17
4113,1893,10
4113,1904,16
4113,2027,20
4113,2288,11
4113,2961,10
4113,3280,20
4113,8835,11
4119,3104,14
4127,235,10
4127,236,10
4137,57,13
4137,68,20
4137,533,21
4137,1102,10
4137,4799,21
4145,1801,12
4147,7,19
4147,814,11
4147,4799,10
4160,1589,10
4160,5192,10
4165,957,13
4165,1251,10
4165,1801,13
4168,109,11
4168,1801,13
4178,68,13
4178,245,12
4185,35,10
4185,245,11
4185,278,10
4185,533,10
4185,951,10
4187,35,38
4187,36,30
4187,71,15
4187,137,15
4187,145,18
4187,297,12
4187,331,27
4187,509,10
4187,533,27
4187,808,12
4187,880,11
4187,951,102
4187,957,40
4187,1093,18
4187,1102,11
4187,1251,14
4187,1252,34
4187,1799,11
4187,1814,16
4187,2432,12
4187,2901,15
4187,3205,13
4187,4187,15
4187,4194,14
4187,8315,20
4188,951,18
4190,951,10
4194,35,43
4194,36,39
4194,58,23
4194,67,20
4194,109,46
4194,137,24
4194,951,67
4194,957,32
4194,1093,19
4194,1251,20
4194,1252,22
4194,1581,18
4194,1799,11
4194,1833,23
4194,1938,12
4195,109,13
4195,951,11
4195,957,10
4197,1801,13
4198,951,11
4201,1589,16
4220,58,13
4220,137,11
4233,87,14
4233,202,15
4233,289,11
4233,533,25
4233,957,16
4233,2099,13
4233,5927,21
4247,35,11
4247,109,21
4247,278,12
4247,951,10
4247,957,14
4247,1581,10
4257,23,11
4257,57,15
4257,68,14
4257,245,19
4257,278,15
4257,351,10
4257,437,12
4257,803,10
4257,1801,33
4257,1904,15
4282,245,12
4284,235,11
4284,236,11
4296,35,33
4296,36,30
4296,68,20
4296,644,10
4296,808,10
4296,1589,11
4296,4297,11
4297,7,11
4297,57,13
4297,957,10
4297,1805,15
4297,1811,12
4297,4299,19
4297,4986,16
4298,235,22
4298,236,23
4302,524,10
4302,644,10
4303,235,12
4303,236,12
4303,533,11
4309,2288,10
4316,3104,12
4323,951,11
4329,533,14
4360,951,12
4361,951,17
4386,245,12
4386,509,14
4386,1801,12
4386,1879,11
4387,1801,17
4388,1801,18
4388,2099,12
4390,245,11
4391,245,12
4391,533,15
4391,5003,12
4405,68,12
4405,245,11
4405,475,13
4406,475,10
4406,1102,11
4406,1801,11
4406,4740,12
4406,4796,11
4413,1801,17
4432,2842,28
4432,4432,20
4432,5996,18
4432,6123,26
4432,6124,18
4435,68,12
4435,245,10
4435,288,10
4435,475,10
4435,533,13
4435,1188,10
4441,278,10
4446,951,13
4451,68,22
4457,68,13
4457,245,13
4460,957,10
4460,1589,11
4460,1801,25
4462,7,14
4462,35,21
4462,36,20
4462,951,15
4462,957,20
4462,1801,29
4462,6496,10
4471,68,12
4471,99,10
4471,278,14
4471,338,11
4471,345,11
4471,379,10
4471,2680,11
4471,3288,10
4471,6269,11
4471,6759,10
4471,6760,10
4480,57,10
4481,57,12
4483,533,16
4483,2099,13
4485,36,11
4485,2099,11
4497,235,17
4497,236,16
4521,278,19
4521,644,11
4560,235,60
4560,236,60
4560,589,10
4560,3280,10
4560,9370,11
4567,951,19
4570,3988,10
4586,245,10
4596,235,23
4596,236,23
4617,7,19
4617,35,25
4617,36,12
4617,68,52
4617,74,17
4617,99,41
4617,295,15
4617,351,12
4617,428,13
4617,797,13
4617,832,17
4617,853,14
4617,1004,14
4617,1188,11
4617,2670,15
4617,4617,10
4617,6762,15
4617,6787,12
4617,6991,11
4617,6995,14
4617,6996,14
4617,6997,22
4624,951,10
4624,5927,20
4627,245,10
4627,475,13
4629,85,45
4629,127,11
4629,185,28
4629,533,20
4629,624,11
4629,751,74
4629,803,36
4629,814,12
4629,957,69
4629,1915,16
4629,3101,46
4629,3327,91
4629,3363,74
4629,4629,34
4629,4720,57
4629,4919,93
4629,5589,12
4629,6340,46
4629,8130,31
4629,8131,29
4631,4741,10
4638,951,11
4639,68,12
4683,338,12
4683,885,11
4683,1251,14
4683,4762,16
4683,7779,13
4683,8589,11
4683,8590,10
4683,8594,11
4683,8599,11
4692,1801,10
4694,68,16
4694,568,10
4702,533,19
4702,1904,11
4715,245,11
4715,508,10
4715,533,16
4715,8607,16
4720,68,11
4720,85,37
4720,185,25
4720,803,30
4720,3101,36
4720,3363,51
4720,4720,19
4720,6201,48
4720,6340,38
4720,8129,19
4720,8130,25
4720,8131,20
4722,416,10
4722,533,12
4723,416,28
4723,484,19
4723,533,16
4723,836,12
4739,475,20
4739,3363,10
4740,7,71
4740,12,12
4740,35,19
4740,36,19
4740,57,28
4740,68,177
4740,74,35
4740,78,19
4740,83,23
4740,92,20
4740,105,11
4740,108,11
4740,109,28
4740,145,48
4740,146,10
4740,147,25
4740,154,39
4740,161,25
4740,185,12
4740,186,12
4740,193,11
4740,204,29
4740,245,160
4740,253,38
4740,271,13
4740,278,40
4740,295,32
4740,300,38
4740,307,16
4740,322,59
4740,323,14
4740,331,22
4740,375,28
4740,397,13
4740,398,36
4740,400,16
4740,404,31
4740,410,18
4740,428,30
4740,437,34
4740,458,24
4740,475,130
4740,479,10
4740,484,10
4740,494,11
4740,505,27
4740,525,30
4740,531,10
4740,533,167
4740,566,10
4740,568,24
4740,581,13
4740,583,13
4740,605,79
4740,611,23
4740,617,38
4740,624,17
4740,626,15
4740,645,12
4740,656,13
4740,781,14
4740,789,19
4740,803,24
4740,953,35
4740,957,50
4740,1004,44
4740,1093,13
4740,1101,10
4740,1102,56
4740,1188,34
4740,1210,20
4740,1266,11
4740,1355,18
4740,1441,15
4740,1498,17
4740,1523,67
4740,1589,44
4740,1684,14
4740,1699,12
4740,1805,11
4740,1811,13
4740,1904,12
4740,1938,11
4740,2308,10
4740,2371,19
4740,2661,29
4740,2813,14
4740,3032,16
4740,3238,12
4740,3250,12
4740,3363,17
4740,3473,13
4740,3607,23
4740,3671,10
4740,3711,18
4740,3737,10
4740,3752,14
4740,3755,37
4740,3816,18
4740,3824,11
4740,4187,10
4740,4405,12
4740,4740,81
4740,4741,28
4740,4742,23
4740,4774,33
4740,4777,10
4740,4780,39
4740,4784,11
4740,4790,10
4740,4791,12
4740,4795,14
4740,4796,112
4740,4797,13
4740,4799,59
4740,4800,23
4740,4803,12
4740,4939,11
4740,4949,45
4740,4951,15
4740,4952,10
4740,4953,18
4740,5003,10
4740,5007,12
4740,5114,16
4740,5140,12
4740,5141,21
4740,5144,11
4740,5145,11
4740,5146,11
4740,5147,16
4740,5192,10
4740,5222,14
4740,5258,10
4740,5261,10
4740,7125,12
4741,12,25
4741,31,55
4741,34,31
4741,35,46
4741,36,76
4741,55,10
4741,67,18
4741,68,105
4741,74,100
4741,78,10
4741,81,10
4741,85,30
4741,91,16
4741,92,48
4741,96,22
4741,98,27
4741,99,106
4741,103,18
4741,105,45
4741,106,15
4741,107,10
4741,108,18
4741,109,50
4741,111,26
4741,119,10
4741,122,49
4741,137,11
4741,153,12
4741,161,17
4741,175,18
4741,180,14
4741,184,11
4741,185,13
4741,189,13
4741,200,20
4741,202,16
4741,229,23
4741,242,11
4741,245,176
4741,251,28
4741,262,10
4741,275,23
4741,278,61
4741,281,35
4741,288,23
4741,289,36
4741,297,20
4741,300,12
4741,305,10
4741,309,40
4741,313,21
4741,322,27
4741,351,11
4741,360,12
4741,365,46
4741,376,18
4741,379,15
4741,382,10
4741,416,25
4741,423,14
4741,432,22
4741,437,64
4741,444,13
4741,448,18
4741,449,11
4741,458,23
4741,459,12
4741,463,28
4741,471,12
4741,472,11
4741,475,23
4741,499,12
4741,507,12
4741,508,25
4741,522,21
4741,525,44
4741,531,24
4741,568,22
4741,570,14
4741,573,12
4741,583,14
4741,645,11
4741,673,13
4741,712,20
4741,741,11
4741,789,17
4741,814,26
4741,829,10
4741,928,14
4741,957,22
4741,1004,17
4741,1049,13
4741,1054,11
4741,1131,10
4741,1152,15
4741,1188,71
4741,1210,20
4741,1211,10
4741,1270,34
4741,1313,11
4741,1314,12
4741,1355,46
4741,1372,12
4741,1440,14
4741,1441,15
4741,1448,10
4741,1478,11
4741,1489,19
4741,1494,10
4741,1589,19
4741,1601,50
4741,1641,13
4741,1673,13
4741,1721,11
4741,1799,11
4741,1811,28
4741,1871,18
4741,2128,11
4741,2288,28
4741,2436,16
4741,2657,24
4741,2670,16
4741,2676,10
4741,2905,11
4741,3242,10
4741,3410,10
4741,3584,10
4741,3604,12
4741,3620,11
4741,3669,13
4741,3755,15
4741,3930,10
4741,3988,10
4741,4233,13
4741,4741,57
4741,4783,12
4741,4799,23
4741,5034,11
4741,5129,31
4741,5141,10
4741,5150,12
4741,5179,14
4741,5265,13
4741,5435,10
4741,5845,17
4741,5847,11
4741,5914,10
4741,5926,13
4741,5927,99
4741,5951,30
4741,5977,13
4741,5979,11
4741,5988,11
4741,6023,19
4741,6100,13
4741,6158,11
4741,6230,10
4741,6241,13
4741,8039,15
4742,68,20
4742,245,24
4742,322,14
4760,4007,12
4760,4629,10
4760,4762,11
4762,7,23
4762,55,19
4762,109,13
4762,235,12
4762,236,12
4762,336,25
4762,533,17
4762,885,11
4762,957,24
4762,1251,13
4762,1581,11
4762,3988,17
4762,4629,12
4762,4762,14
4762,7779,17
4762,8594,10
4762,8599,11
4762,8607,10
4766,6318,10
4767,4740,15
4769,67,13
4769,109,12
4769,245,10
4769,278,10
4769,533,10
4774,475,18
4774,533,15
4774,1523,15
4774,4780,13
4780,74,15
4780,99,13
4780,105,10
4780,186,10
4780,253,16
4780,263,10
4780,278,18
4780,322,15
4780,410,10
4780,437,17
4780,458,10
4780,477,14
4780,505,17
4780,581,14
4780,583,11
4780,605,20
4780,624,17
4780,644,13
4780,789,13
4780,823,78
4780,957,35
4780,1004,10
4780,1589,11
4780,1763,10
4780,3115,20
4780,3250,10
4780,3331,10
4780,3363,31
4780,3517,10
4780,3555,35
4780,3747,10
4780,4739,12
4780,4741,15
4780,4780,28
4780,4784,10
4780,4790,13
4780,4796,76
4780,4799,23
4780,4803,17
4780,4892,15
4780,5003,11
4780,5141,15
4780,5192,11
4780,6267,21
4780,7125,30
4780,8607,39
4780,8630,13
4780,8631,11
4780,8633,12
4780,8635,13
4780,8734,10
4780,8802,10
4782,235,14
4782,236,12
4784,581,14
4790,7,22
4790,508,10
4790,823,36
4790,1102,18
4790,4796,21
4790,5003,10
4791,7,16
4791,471,12
4791,525,11
4791,590,29
4791,605,63
4791,1289,10
4791,1386,11
4791,4741,12
4791,4791,11
4795,533,11
4796,7,114
4796,12,39
4796,30,18
4796,31,22
4796,57,12
4796,74,23
4796,99,44
4796,103,27
4796,111,29
4796,122,135
4796,161,22
4796,185,23
4796,189,30
4796,197,23
4796,253,19
4796,254,10
4796,263,16
4796,275,26
4796,278,10
4796,300,10
4796,322,149
4796,323,16
4796,360,18
4796,375,12
4796,382,20
4796,397,22
4796,407,38
4796,410,11
4796,423,16
4796,428,23
4796,437,33
4796,472,16
4796,477,28
4796,504,11
4796,505,47
4796,522,36
4796,524,10
4796,533,177
4796,568,16
4796,583,10
4796,590,11
4796,624,18
4796,660,10
4796,676,14
4796,823,461
4796,832,24
4796,987,20
4796,1004,24
4796,1040,11
4796,1049,39
4796,1055,12
4796,1132,26
4796,1156,12
4796,1210,12
4796,1277,28
4796,1488,13
4796,1510,31
4796,1523,19
4796,1589,21
4796,1763,18
4796,1871,13
4796,2032,15
4796,2093,11
4796,2113,18
4796,2236,19
4796,2423,14
4796,2436,17
4796,2661,13
4796,2696,39
4796,2817,19
4796,2819,30
4796,2961,11
4796,2996,10
4796,3115,32
4796,3238,10
4796,3242,12
4796,3250,45
4796,3264,14
4796,3363,154
4796,3410,11
4796,3517,17
4796,3589,12
4796,3607,12
4796,3747,16
4796,3755,16
4796,3762,13
4796,3830,11
4796,3844,10
4796,3953,19
4796,4705,13
4796,4739,17
4796,4741,16
4796,4796,179
4796,4799,56
4796,4803,21
4796,4892,38
4796,4953,10
4796,5003,22
4796,5097,27
4796,5099,11
4796,5114,12
4796,5141,46
4796,5145,12
4796,5147,11
4796,5150,22
4796,5192,16
4796,5206,10
4796,5301,18
4796,5366,30
4796,5737,12
4796,5945,11
4796,6267,84
4796,6494,15
4796,7125,108
4796,7839,14
4796,8096,12
4796,8210,15
4796,8211,14
4796,8212,14
4796,8446,20
4796,8623,60
4796,8625,44
4796,8628,40
4796,8629,32
4796,8630,35
4796,8631,38
4796,8632,32
4796,8633,25
4796,8634,26
4796,8635,23
4796,8734,44
4796,8785,14
4796,8786,44
4796,8787,42
4796,8792,10
4796,8794,22
4796,8795,12
4796,8796,20
4796,8802,16
4796,8809,12
4796,8810,14
4796,8922,20
4799,7,81
4799,12,25
4799,57,30
4799,74,15
4799,85,21
4799,105,11
4799,145,95
4799,153,10
4799,154,39
4799,185,13
4799,186,14
4799,276,10
4799,278,26
4799,322,13
4799,375,16
4799,397,46
4799,419,11
4799,432,12
4799,438,13
4799,449,11
4799,508,10
4799,525,23
4799,585,13
4799,589,15
4799,597,10
4799,602,11
4799,617,22
4799,626,14
4799,644,88
4799,676,12
4799,741,10
4799,789,42
4799,803,73
4799,953,30
4799,957,17
4799,1049,45
4799,1094,10
4799,1102,54
4799,1117,32
4799,1166,13
4799,1253,12
4799,1277,28
4799,1300,14
4799,1510,18
4799,1645,36
4799,2661,10
4799,2696,13
4799,2949,10
4799,3049,16
4799,3156,14
4799,3250,14
4799,3280,18
4799,3327,15
4799,3331,10
4799,3363,12
4799,3473,14
4799,3492,12
4799,3503,10
4799,3526,15
4799,3555,23
4799,3604,10
4799,3607,12
4799,3711,21
4799,3769,11
4799,4187,12
4799,4705,13
4799,4720,12
4799,4799,58
4799,4803,16
4799,4900,12
4799,4919,14
4799,4928,11
4799,4949,11
4799,4953,12
4799,5001,10
4799,5007,16
4799,5032,10
4799,5107,12
4799,5114,22
4799,5115,11
4799,5192,14
4799,6289,18
4799,8128,34
4799,8129,28
4799,8130,37
4799,10086,13
4799,10171,13
4803,7,34
4803,99,13
4803,186,15
4803,278,12
4803,448,14
4803,957,21
4803,1102,18
4803,1589,22
4803,1646,13
4803,2125,20
4803,3324,17
4803,3363,21
4803,3503,17
4803,3555,10
4803,3566,17
4803,3747,20
4803,5991,16
4803,6111,11
4803,6289,17
4803,8635,15
4803,10086,16
4803,10171,17
4813,6776,14
4814,581,10
4817,475,10
4833,235,27
4833,236,28
4834,68,18
4846,1251,18
4846,1904,11
4858,1251,10
4862,57,10
4862,1801,13
4863,68,13
4865,68,10
4867,533,15
4890,951,13
4891,109,11
4891,278,17
4891,475,10
4891,951,14
4892,7,19
4892,122,17
4892,154,12
4892,186,10
4892,475,53
4892,508,11
4892,533,19
4892,570,16
4892,789,17
4892,803,30
4892,1102,39
4892,3363,21
4892,3555,12
4892,3711,15
4892,5228,12
4892,6267,18
4892,7125,13
4913,68,13
4913,235,14
4913,236,14
4913,533,23
4913,789,10
4913,803,12
4913,7125,11
4919,7,78
4919,85,66
4919,99,11
4919,122,30
4919,127,20
4919,154,10
4919,370,13
4919,397,14
4919,449,10
4919,566,10
4919,624,10
4919,751,89
4919,803,53
4919,814,24
4919,953,12
4919,957,86
4919,1113,13
4919,1915,22
4919,2696,12
4919,2817,10
4919,3101,56
4919,3324,18
4919,3327,120
4919,3363,93
4919,4720,73
4919,4791,10
4919,4919,47
4919,5589,15
4919,5927,16
4919,6340,71
4919,8129,40
4919,8130,48
4919,8131,44
4919,8607,17
4920,35,10
4920,416,10
4920,644,15
4920,1801,36
4920,1904,15
4931,533,15
4931,605,12
4931,644,10
4937,68,15
4943,92,10
4949,253,14
4949,322,13
4949,475,29
4949,533,14
4949,605,18
4949,1102,14
4949,2661,10
4949,4796,29
4951,533,27
4951,605,14
4952,533,11
4958,1801,13
4958,8607,11
4965,533,28
4974,128,12
4974,278,17
4974,370,11
4974,475,26
4974,609,11
4974,4813,11
4974,5973,10
4974,6435,11
4974,6776,27
4974,6778,10
4974,6779,14
4974,6784,14
4974,6786,11
4975,245,15
4979,7,10
4979,1052,11
4983,7,10
4983,5003,11
4986,4299,11
5003,68,42
5003,99,10
5003,122,20
5003,153,13
5003,245,31
5003,445,18
5003,508,15
5003,570,20
5003,611,26
5003,622,12
5003,644,13
5003,1102,25
5003,1166,15
5003,1277,12
5003,1912,39
5003,1929,37
5003,2288,23
5003,2853,12
5003,2966,24
5003,3324,25
5003,3503,17
5003,3555,11
5003,3566,16
5003,3746,14
5003,3747,20
5003,3748,10
5003,4720,24
5003,4799,29
5003,4803,15
5003,5003,69
5003,5007,13
5003,5144,12
5003,5690,24
5003,6123,13
5003,6168,12
5003,6169,15
5003,6170,13
5003,6289,12
5003,6978,12
5003,8206,12
5003,8635,10
5003,8802,35
5003,8835,28
5003,10086,11
5003,10171,15
5003,10279,13
5004,156,10
5004,644,31
5004,656,13
5004,917,20
5004,926,10
5004,966,10
5004,5004,11
5007,585,14
5007,1052,16
5007,4919,13
5007,4983,11
5032,570,12
5034,295,10
5034,597,10
5034,644,14
5055,1801,10
5056,5058,10
5056,5927,20
5059,533,12
5066,1102,10
5066,5220,10
5068,7,12
5091,7,10
5091,1270,10
5092,245,10
5095,68,13
5095,4799,16
5097,57,10
5097,68,41
5097,245,14
5097,300,12
5097,397,10
5097,605,19
5097,617,19
5097,823,13
5097,953,18
5097,1004,10
5097,4705,12
5097,4740,32
5097,4799,35
5097,5097,12
5097,5099,15
5097,5114,16
5099,68,28
5099,245,16
5099,300,12
5099,605,11
5099,4740,25
5101,68,11
5101,644,10
5105,145,12
5107,533,10
5111,533,12
5112,533,10
5114,533,28
5114,570,16
5114,617,12
5114,953,10
5114,3555,10
5115,165,11
5115,533,15
5128,68,10
5129,35,15
5129,36,29
5129,74,71
5129,82,10
5129,86,19
5129,92,31
5129,94,10
5129,96,40
5129,99,139
5129,103,25
5129,105,11
5129,108,14
5129,109,27
5129,111,19
5129,118,13
5129,119,17
5129,127,23
5129,136,42
5129,146,29
5129,151,10
5129,155,11
5129,175,61
5129,177,17
5129,184,19
5129,186,20
5129,189,20
5129,197,20
5129,200,13
5129,202,15
5129,204,28
5129,215,11
5129,229,13
5129,251,35
5129,254,13
5129,276,13
5129,278,31
5129,281,21
5129,289,57
5129,295,25
5129,297,15
5129,309,44
5129,322,12
5129,350,11
5129,360,12
5129,373,13
5129,375,33
5129,376,27
5129,382,19
5129,401,12
5129,407,20
5129,409,13
5129,416,20
5129,437,45
5129,443,13
5129,446,24
5129,449,16
5129,461,13
5129,462,12
5129,469,13
5129,474,11
5129,477,17
5129,479,33
5129,502,11
5129,509,10
5129,515,19
5129,522,61
5129,531,10
5129,535,28
5129,546,13
5129,557,14
5129,626,14
5129,646,13
5129,813,12
5129,928,12
5129,932,13
5129,1093,18
5129,1163,22
5129,1210,20
5129,1226,12
5129,1367,19
5129,1440,32
5129,1447,14
5129,1461,12
5129,1478,22
5129,1489,32
5129,1589,12
5129,1641,17
5129,1684,13
5129,1729,16
5129,1801,17
5129,1829,13
5129,1871,64
5129,1895,18
5129,1904,11
5129,2074,16
5129,2128,11
5129,2436,10
5129,2454,10
5129,2875,14
5129,3033,10
5129,3053,13
5129,3065,13
5129,3193,10
5129,3270,31
5129,3828,14
5129,3835,16
5129,3876,10
5129,3889,25
5129,3895,12
5129,4639,10
5129,5129,64
5129,5395,11
5129,5513,22
5129,5514,21
5129,6043,15
5129,6573,10
5129,9297,20
5129,9353,26
5129,9415,11
5129,9417,13
5129,9432,10
5129,9480,17
5132,154,11
5132,823,28
5132,4740,10
5132,4796,10
5140,122,20
5140,1113,12
5140,4796,10
5141,127,11
5141,300,14
5141,475,49
5141,611,10
5141,761,11
5141,823,105
5141,957,26
5141,1049,11
5141,3331,15
5141,3363,25
5141,3752,10
5141,4799,19
5141,4949,11
5141,5150,11
5141,8633,14
5141,8634,14
5141,8635,12
5144,5145,12
5144,5192,22
5145,58,10
5145,73,46
5145,74,53
5145,135,20
5145,517,10
5145,644,16
5145,845,17
5145,942,11
5145,998,10
5145,1052,30
5145,1207,11
5145,1233,34
5145,1244,10
5145,1626,10
5145,2463,12
5145,2842,12
5145,3107,10
5145,3529,35
5145,3963,11
5145,4095,11
5145,5145,99
5145,5715,11
5145,5716,12
5145,6161,12
5145,6997,17
5145,6999,11
5145,7002,84
5145,7004,10
5145,7008,10
5145,7010,11
5145,7035,199
5145,7048,10
5145,7049,10
5145,7053,10
5145,7054,11
5145,7055,11
5145,7056,11
5145,7057,11
5145,7058,12
5145,7059,12
5145,7060,12
5145,7061,12
5145,7062,11
5145,7063,23
5145,7064,12
5145,7065,12
5145,7066,12
5145,7067,12
5145,7068,11
5145,7069,11
5145,7070,12
5145,7071,12
5145,7072,12
5145,7073,12
5145,7074,12
5145,7075,12
5145,7076,12
5145,7077,12
5145,7078,12
5145,7079,12
5145,7080,11
5145,7081,11
5145,7082,11
5145,7083,11
5145,7084,10
5145,7085,10
5145,7086,10
5147,351,11
5147,428,11
5147,1188,11
5150,12,13
5150,85,11
5150,99,16
5150,122,16
5150,127,10
5150,154,26
5150,186,13
5150,524,16
5150,533,22
5150,644,14
5150,789,29
5150,803,40
5150,814,41
5150,957,21
5150,1049,13
5150,1510,10
5150,3331,11
5150,3363,21
5150,4799,15
5150,6340,17
5150,8130,11
5162,122,12
5162,235,19
5162,236,19
5162,5168,14
5168,31,21
5168,154,27
5168,204,12
5168,235,33
5168,236,36
5168,245,17
5168,253,12
5168,322,28
5168,323,10
5168,407,20
5168,416,13
5168,458,15
5168,485,10
5168,533,71
5168,656,11
5168,792,12
5168,928,14
5168,961,17
5168,987,35
5168,1188,17
5168,1313,15
5168,1372,10
5168,1510,15
5168,1645,11
5168,2334,10
5168,2949,15
5168,3196,13
5168,3324,16
5168,3560,24
5168,3702,12
5168,3844,12
5168,4305,14
5168,5168,43
5168,5821,11
5168,5849,13
5168,5991,21
5168,7813,10
5168,10086,15
5179,68,12
5179,245,26
5179,533,30
5179,535,15
5190,1589,10
5190,5192,11
5191,1589,11
5191,5003,12
5191,5192,11
5192,2,10
5192,3,10
5192,74,22
5192,109,11
5192,110,11
5192,235,11
5192,236,11
5192,605,10
5192,624,11
5192,644,21
5192,823,33
5192,845,11
5192,1411,11
5192,1589,121
5192,1809,11
5192,1904,11
5192,2008,11
5192,2135,11
5192,2136,11
5192,4406,10
5192,4432,11
5192,4770,11
5192,4807,11
5192,5145,55
5192,5166,11
5192,5172,11
5192,5174,11
5192,5192,55
5192,5193,11
5203,67,18
5203,278,14
5203,951,11
5203,4187,12
5220,1102,10
5222,7,11
5222,137,11
5222,235,20
5222,236,21
5222,532,12
5222,533,39
5222,535,19
5222,605,10
5222,644,13
5222,957,12
5222,1102,20
5222,4796,17
5228,7,86
5228,36,13
5228,85,13
5228,88,15
5228,99,20
5228,109,120
5228,127,27
5228,145,137
5228,146,15
5228,154,20
5228,155,23
5228,186,29
5228,204,10
5228,263,12
5228,278,12
5228,370,79
5228,397,24
5228,407,16
5228,531,18
5228,566,99
5228,570,26
5228,583,20
5228,586,27
5228,605,47
5228,624,18
5228,626,10
5228,644,33
5228,656,19
5228,789,54
5228,803,34
5228,823,45
5228,832,11
5228,953,32
5228,1015,26
5228,1049,17
5228,1052,44
5228,1073,21
5228,1102,10
5228,1144,30
5228,1266,16
5228,1448,12
5228,1490,16
5228,1509,31
5228,1510,10
5228,1589,39
5228,1645,15
5228,1801,26
5228,1912,16
5228,2125,17
5228,2829,11
5228,2830,18
5228,3003,12
5228,3115,14
5228,3177,15
5228,3227,11
5228,3239,35
5228,3280,17
5228,3327,12
5228,3362,14
5228,3363,13
5228,3486,14
5228,3533,11
5228,3605,11
5228,3748,16
5228,3759,12
5228,3858,17
5228,3861,15
5228,4007,14
5228,4629,25
5228,4741,10
5228,4760,14
5228,4762,15
5228,4791,12
5228,4799,15
5228,4867,10
5228,4919,43
5228,4980,10
5228,5034,24
5228,5228,185
5228,5310,12
5228,5589,80
5228,6267,11
5228,6318,25
5228,6340,17
5228,6876,24
5228,6879,46
5228,6895,87
5228,6951,17
5228,7125,36
5228,7740,11
5228,7776,14
5228,7788,113
5228,7789,111
5228,7791,14
5228,7823,16
5228,7824,17
5228,7825,59
5228,7832,16
5228,7837,12
5228,7838,14
5228,7839,15
5228,7840,15
5228,7841,14
5228,7842,14
5228,7843,27
5228,7847,15
5228,7853,21
5228,7854,10
5228,8128,20
5228,8129,20
5228,8130,20
5228,8131,18
5236,1251,10
5247,68,16
5247,245,10
5248,7,33
5248,5949,16
5249,185,10
5249,5253,11
5249,5258,16
5249,5259,11
5253,185,10
5253,278,12
5253,5258,14
5258,185,16
5258,531,10
5258,5259,14
5258,5263,10
5261,68,21
5261,245,11
5261,7865,12
5265,105,10
5265,295,10
5265,524,55
5265,531,11
5265,789,38
5265,1113,22
5265,2696,14
5265,6267,22
5265,7125,30
5265,8130,17
5265,8131,10
5279,6318,13
5282,68,15
5282,178,13
5282,245,16
5301,7,12
5301,161,11
5301,215,16
5301,288,18
5301,322,32
5301,533,17
5301,1241,10
5301,1488,10
5301,1489,14
5301,2819,10
5301,3876,13
5301,8623,14
5303,533,12
5319,7,12
5357,475,12
5357,5319,10
5364,245,16
5364,533,20
5366,58,11
5366,186,24
5366,245,36
5366,278,10
5366,508,27
5366,522,18
5366,533,38
5366,803,35
5366,823,40
5366,951,12
5366,1489,14
5366,1801,11
5366,6241,10
5366,7125,16
5366,8629,20
5366,8630,22
5366,8631,24
5366,8632,21
5366,8635,15
5371,1801,14
5380,235,10
5380,236,10
5395,235,27
5395,236,27
5395,253,10
5410,437,10
5416,154,13
5416,789,13
5416,1490,10
5416,4741,11
5419,814,18
5419,1102,13
5419,4780,12
5419,4796,16
5419,6267,10
5419,8607,13
5428,1904,10
5465,278,10
5467,7,11
5499,57,11
5502,57,15
5502,109,25
5502,137,10
5502,278,32
5502,533,15
5502,951,24
5502,1252,13
5502,1801,42
5502,1893,10
5513,122,14
5513,136,11
5513,522,10
5513,5514,15
5514,122,14
5514,136,12
5518,336,24
5518,951,11
5518,4005,11
5518,8000,10
5518,8002,11
5518,8003,10
5518,8007,20
5518,8014,14
5518,8015,14
5518,8018,12
5518,8019,12
5532,31,16
5532,145,10
5532,656,11
5532,917,19
5532,932,10
5532,955,11
5532,1052,10
5532,5004,20
5532,8169,10
5532,10124,11
5532,10215,11
5548,1801,14
5557,4741,12
5589,7,18
5589,68,16
5589,235,18
5589,236,18
5589,370,22
5589,475,28
5589,568,33
5589,5589,15
5589,6318,11
5589,6895,20
5589,7788,14
5589,7789,13
5590,253,10
5590,6181,10
5602,58,10
5614,951,11
5614,1251,10
5614,2108,10
5634,957,11
5642,3840,10
5643,951,12
5658,6400,10
5701,36,10
5701,245,16
5701,951,12
5701,987,12
5702,336,10
5702,951,16
5702,4762,12
5709,57,10
5709,74,11
5709,99,13
5709,109,10
5709,235,22
5709,236,22
5709,278,10
5709,376,11
5710,1893,11
5728,566,10
5734,644,10
5788,57,13
5788,245,15
5788,533,13
5793,1801,12
5793,4187,10
5826,57,13
5832,245,11
5845,31,12
5845,36,17
5845,68,31
5845,99,19
5845,379,13
5845,1188,10
5845,5973,10
5848,1210,10
5849,122,17
5849,278,10
5849,1188,10
5849,2288,18
5849,10171,13
5855,765,12
5859,7,13
5859,35,18
5859,36,13
5859,245,21
5859,278,17
5859,566,16
5859,611,12
5859,2670,23
5859,4812,11
5859,5859,11
5859,6764,20
5859,6793,12
5897,68,17
5897,245,17
5897,533,15
5897,4741,10
5902,31,12
5902,99,12
5902,957,14
5902,1102,18
5902,2288,20
5902,3363,14
5902,3560,11
5902,4796,17
5906,68,11
5919,6318,11
5926,68,13
5926,92,11
5926,99,16
5926,245,32
5926,253,12
5926,278,10
5926,1270,14
5926,5129,14
5926,5927,11
5927,1,12
5927,7,26
5927,36,63
5927,55,18
5927,68,16
5927,77,10
5927,85,21
5927,87,25
5927,92,35
5927,99,51
5927,109,28
5927,110,11
5927,111,20
5927,127,19
5927,145,20
5927,186,14
5927,200,18
5927,204,10
5927,247,12
5927,253,43
5927,278,40
5927,289,29
5927,300,17
5927,305,10
5927,309,23
5927,313,51
5927,338,26
5927,345,19
5927,366,31
5927,376,55
5927,398,14
5927,416,33
5927,458,13
5927,463,11
5927,471,48
5927,508,34
5927,529,11
5927,533,54
5927,588,27
5927,599,16
5927,604,21
5927,609,29
5927,712,20
5927,765,17
5927,953,63
5927,987,15
5927,1084,14
5927,1357,24
5927,1445,11
5927,1446,14
5927,1478,10
5927,1550,13
5927,1556,14
5927,1601,69
5927,1755,10
5927,1801,25
5927,1811,29
5927,1889,11
5927,2076,56
5927,2125,24
5927,2811,16
5927,2844,16
5927,2904,26
5927,2905,10
5927,2915,14
5927,3298,44
5927,3616,36
5927,3671,17
5927,3800,13
5927,3860,28
5927,4084,20
5927,4085,19
5927,4311,21
5927,4432,277
5927,4702,10
5927,4786,15
5927,4975,14
5927,5085,40
5927,5179,18
5927,5263,10
5927,5590,55
5927,5927,1195
5927,5974,19
5927,6103,64
5927,6123,296
5927,6124,111
5927,6125,40
5927,6126,42
5927,6127,44
5927,6128,44
5927,6129,40
5927,6130,36
5927,6131,63
5927,6132,32
5927,6133,48
5927,6134,24
5927,6135,20
5927,6136,20
5927,6137,17
5927,6138,14
5927,6139,10
5927,6140,17
5927,6141,14
5927,6142,10
5927,6146,14
5927,6150,10
5927,6166,12
5927,6167,14
5927,6168,122
5927,6169,37
5927,6170,37
5927,6171,81
5927,6172,18
5927,6173,23
5927,6174,44
5927,6175,58
5927,6176,58
5927,6177,92
5927,6178,58
5927,6179,55
5927,6180,47
5927,6181,76
5927,6182,23
5927,6183,17
5927,6184,17
5927,6185,17
5927,6186,14
5927,6187,26
5927,6188,11
5927,6189,11
5927,6190,11
5927,6191,11
5927,6192,11
5927,6193,10
5927,6399,11
5927,6400,12
5944,5927,10
5945,7,12
5945,99,12
5945,245,16
5945,533,11
5948,535,17
5949,7,28
5949,99,10
5949,3324,19
5951,7,16
5951,94,11
5951,98,11
5951,99,40
5951,146,11
5951,253,33
5951,288,11
5951,382,10
5951,446,20
5951,448,28
5951,449,12
5951,479,11
5951,508,12
5951,525,19
5951,533,63
5951,581,28
5951,811,12
5951,953,15
5951,1188,11
5951,1270,38
5951,1355,13
5951,1372,10
5951,1443,10
5951,1478,14
5951,2339,11
5951,3324,14
5951,5129,32
5951,5590,16
5951,5927,181
5951,5951,37
5951,6001,10
5951,6169,14
5951,6170,14
5951,6171,30
5951,6174,15
5951,6175,17
5951,6176,16
5951,6177,27
5951,6178,16
5951,6179,16
5951,6180,15
5951,6181,23
5962,145,12
5962,278,11
5962,533,12
5962,568,17
5962,583,12
5962,5228,28
5972,77,11
5972,765,19
5972,5973,10
5972,6051,11
5973,31,18
5973,136,27
5973,245,28
5973,617,11
5973,712,11
5973,729,11
5973,788,13
5973,951,34
5973,1093,36
5973,1540,14
5973,6784,23
5973,6785,10
5973,6786,40
5973,6941,14
5974,55,10
5974,338,11
5974,1811,11
5974,4084,10
5974,4085,10
5975,77,11
5975,765,16
5975,6051,11
5977,99,16
5977,5927,10
5979,7,26
5979,31,38
5979,74,19
5979,99,30
5979,122,46
5979,154,14
5979,235,18
5979,236,18
5979,444,11
5979,449,10
5979,471,10
5979,524,19
5979,533,27
5979,605,26
5979,1270,10
5979,1289,13
5979,4791,10
5979,4931,10
5979,5927,12
5979,5951,12
5988,74,15
5988,236,10
5991,7,21
5991,31,13
5991,68,23
5991,127,23
5991,147,10
5991,154,14
5991,276,14
5991,278,11
5991,397,25
5991,407,10
5991,448,45
5991,458,11
5991,508,14
5991,525,13
5991,581,27
5991,617,13
5991,622,14
5991,761,11
5991,803,11
5991,811,10
5991,823,31
5991,961,16
5991,987,29
5991,1132,31
5991,1313,11
5991,1510,10
5991,1589,29
5991,1645,14
5991,2125,12
5991,2288,68
5991,3236,11
5991,3324,42
5991,3466,10
5991,3560,12
5991,3669,19
5991,5991,10
5991,6111,16
5991,6275,10
5991,6289,25
5991,7813,10
5991,8635,13
5991,10086,41
5991,10087,23
5991,10088,14
5992,533,11
5993,2288,10
5996,5927,132
6001,245,25
6001,416,10
6001,443,12
6001,444,12
6001,533,21
6001,1270,16
6001,2074,11
6001,5129,17
6014,5927,24
6021,814,10
6021,5927,43
6023,74,11
6023,235,10
6023,3324,26
6023,5927,22
6040,111,10
6040,1240,10
6043,127,10
6043,437,11
6043,765,10
6046,5927,24
6047,77,11
6047,765,16
6047,6051,11
6049,765,12
6050,77,12
6050,164,10
6050,166,24
6050,765,32
6050,6051,13
6051,164,10
6051,166,25
6051,765,21
6052,166,10
6053,166,10
6054,166,10
6103,253,13
6103,1589,17
6103,2076,11
6103,5590,10
6103,5951,20
6103,6123,14
6103,6168,17
6103,6171,13
6103,6175,14
6103,6176,14
6103,6177,28
6103,6178,25
6103,6179,14
6103,6180,10
6103,6181,17
6103,6199,10
6111,31,10
6111,68,14
6111,102,12
6111,154,11
6111,475,10
6111,522,11
6111,836,16
6111,961,12
6111,1132,14
6111,1277,11
6111,2125,14
6111,3669,11
6111,3748,10
6111,3873,35
6111,5003,20
6111,5168,13
6111,6275,10
6111,7251,11
6111,8635,13
6114,814,11
6119,5927,10
6120,5927,20
6121,5927,21
6122,376,12
6122,1601,12
6122,2842,25
6122,2869,21
6122,4432,50
6122,5927,393
6122,5996,25
6122,6122,35
6122,6123,42
6122,6124,21
6122,6131,16
6122,6133,12
6123,1601,11
6123,2288,17
6123,2842,11
6123,5590,10
6123,5951,38
6123,5996,12
6123,6123,17
6123,6168,34
6123,6169,12
6123,6170,12
6123,6171,19
6123,6174,10
6123,6175,12
6123,6176,12
6123,6177,17
6123,6178,13
6123,6179,11
6123,6180,10
6123,6181,15
6124,2842,10
6140,2288,11
6145,99,13
6146,533,11
6150,533,10
6168,3324,12
6168,5590,13
6168,5951,45
6168,6168,16
6168,6169,15
6168,6170,15
6168,6171,25
6168,6174,13
6168,6175,14
6168,6176,14
6168,6177,21
6168,6178,14
6168,6179,14
6168,6180,13
6168,6181,20
6171,5590,11
6171,6174,10
6171,6175,14
6171,6176,14
6171,6177,21
6171,6178,15
6171,6179,14
6171,6180,12
6171,6181,17
6175,253,11
6175,6176,10
6175,6177,22
6175,6178,16
6175,6181,12
6176,253,11
6176,6177,22
6176,6178,16
6176,6179,10
6176,6181,12
6177,253,25
6177,4311,14
6177,5590,15
6177,6177,20
6177,6178,37
6177,6179,22
6177,6180,16
6177,6181,25
6177,6187,14
6177,6199,15
6178,253,22
6178,4311,12
6178,5590,11
6178,6178,12
6178,6179,16
6178,6180,11
6178,6181,18
6178,6187,10
6178,6199,15
6179,253,11
6179,6181,12
6180,6181,10
6181,253,14
6181,6187,11
6201,85,35
6201,145,50
6201,185,24
6201,533,11
6201,644,37
6201,751,56
6201,803,29
6201,957,51
6201,3101,35
6201,3363,48
6201,4629,56
6201,4919,72
6201,6201,18
6201,6340,35
6201,8129,19
6201,8130,25
6201,8131,21
6207,245,12
6210,535,17
6210,1188,12
6210,4741,10
6230,245,10
6230,533,12
6232,245,11
6232,533,11
6235,533,16
6241,86,10
6241,122,13
6241,236,38
6241,475,21
6241,1102,11
6241,2371,12
6241,4796,12
6250,99,13
6250,122,11
6267,7,85
6267,31,50
6267,85,19
6267,122,100
6267,185,10
6267,186,29
6267,220,11
6267,263,14
6267,397,25
6267,407,23
6267,419,11
6267,449,13
6267,475,109
6267,477,18
6267,533,42
6267,605,32
6267,611,16
6267,622,13
6267,656,12
6267,751,10
6267,789,89
6267,814,118
6267,957,50
6267,1050,12
6267,1113,29
6267,1166,27
6267,1277,28
6267,1289,16
6267,1386,14
6267,2125,14
6267,3115,24
6267,3116,12
6267,3250,14
6267,3327,25
6267,3363,50
6267,3517,13
6267,3526,25
6267,3629,17
6267,3747,25
6267,3752,22
6267,3759,26
6267,4629,10
6267,4790,11
6267,4799,11
6267,4803,26
6267,4919,25
6267,4931,18
6267,5003,11
6267,5141,22
6267,5366,11
6267,5979,24
6267,6267,28
6267,6340,16
6267,6958,10
6267,7125,88
6267,8225,11
6267,8226,10
6267,8227,10
6267,8228,10
6267,8623,16
6267,8625,11
6267,8628,10
6267,8629,15
6267,8630,18
6267,8631,20
6267,8632,17
6267,8633,14
6267,8634,16
6267,8734,12
6267,8802,11
6269,68,10
6269,278,10
6269,338,13
6269,379,10
6269,533,14
6269,6760,11
6275,987,13
6275,6277,10
6289,7,51
6289,68,18
6289,153,13
6289,204,13
6289,276,14
6289,278,15
6289,397,32
6289,471,15
6289,508,14
6289,522,18
6289,597,13
6289,617,11
6289,622,11
6289,803,22
6289,823,43
6289,836,30
6289,964,12
6289,987,21
6289,1132,42
6289,1152,10
6289,2334,27
6289,3115,10
6289,3204,12
6289,3280,67
6289,3748,10
6289,3873,35
6289,5168,21
6289,5849,10
6289,6111,21
6289,6289,14
6289,8635,11
6289,8835,70
6303,245,13
6303,535,15
6318,187,10
6318,235,50
6318,236,50
6318,459,18
6318,475,11
6318,522,11
6318,533,16
6318,534,48
6318,1188,12
6318,2670,15
6318,3702,15
6318,4596,11
6318,4974,10
6318,5261,26
6318,6318,27
6318,6535,15
6318,7748,11
6318,7865,17
6318,7867,10
6337,235,10
6337,236,10
6337,475,11
6337,566,11
6337,5228,10
6340,12,21
6340,63,12
6340,68,47
6340,74,14
6340,85,85
6340,91,15
6340,122,45
6340,127,11
6340,154,35
6340,161,10
6340,185,33
6340,186,17
6340,204,20
6340,216,23
6340,235,24
6340,236,25
6340,275,10
6340,432,21
6340,446,11
6340,449,26
6340,524,66
6340,531,12
6340,803,45
6340,811,13
6340,814,19
6340,953,14
6340,1049,18
6340,1152,19
6340,1355,14
6340,1490,21
6340,1915,11
6340,2696,13
6340,3003,11
6340,3344,14
6340,3408,15
6340,3410,12
6340,3526,12
6340,3669,11
6340,3759,28
6340,3828,15
6340,3858,12
6340,3875,10
6340,4694,10
6340,4741,34
6340,4791,10
6340,4799,32
6340,4957,12
6340,5141,13
6340,5248,28
6340,5265,20
6340,5416,10
6340,5949,25
6340,6100,10
6340,6340,47
6340,7125,58
6340,7935,15
6340,8032,10
6340,8098,10
6340,8130,42
6340,8131,40
6384,58,15
6384,136,12
6384,644,12
6384,957,11
6384,6384,16
6384,6860,14
6384,7597,14
6384,7647,14
6386,644,10
6386,1251,12
6398,34,11
6398,35,46
6398,36,45
6398,57,18
6398,74,12
6398,105,16
6398,109,21
6398,202,13
6398,245,42
6398,278,14
6398,437,12
6398,443,10
6398,509,38
6398,533,27
6398,581,11
6398,765,11
6398,951,22
6398,957,15
6398,1252,16
6398,1355,13
6398,1591,10
6398,1799,10
6398,1801,29
6398,1879,21
6398,1889,20
6398,2099,18
6398,2166,11
6398,2167,15
6398,2961,11
6398,4233,12
6398,4296,15
6398,4386,16
6398,4390,10
6398,4392,10
6398,5658,14
6398,6398,21
6398,6399,25
6398,6400,43
6398,6455,10
6398,6456,14
6398,6484,16
6399,34,12
6399,35,36
6399,36,35
6399,57,17
6399,68,10
6399,105,12
6399,245,23
6399,278,10
6399,437,13
6399,509,27
6399,533,10
6399,673,15
6399,765,10
6399,1799,12
6399,1879,14
6399,2166,10
6399,2167,10
6399,2239,11
6399,4741,16
6399,6400,31
6400,57,15
6400,68,13
6400,74,12
6400,105,12
6400,245,30
6400,278,11
6400,437,14
6400,533,15
6400,673,11
6400,765,12
6400,951,19
6400,957,10
6400,1252,14
6400,1799,13
6400,1801,30
6400,1851,10
6400,1879,17
6400,2099,12
6400,2166,12
6400,2167,13
6400,4386,11
6400,4741,16
6400,6400,10
6400,6484,11
6404,6417,12
6417,1811,12
6420,68,21
6420,122,10
6420,245,21
6428,35,22
6428,36,21
6428,57,12
6428,278,16
6428,1801,25
6435,7,17
6435,31,19
6435,35,15
6435,36,25
6435,68,93
6435,136,29
6435,218,18
6435,235,12
6435,278,37
6435,525,10
6435,617,16
6435,626,11
6435,729,10
6435,788,15
6435,820,10
6435,951,20
6435,1004,12
6435,1093,22
6435,5973,20
6435,6784,26
6435,6786,18
6435,6921,18
6435,6941,10
6448,7,11
6448,68,23
6455,245,11
6456,245,16
6456,533,12
6481,58,14
6481,122,11
6481,245,22
6481,1805,17
6481,1811,14
6481,4297,12
6484,35,11
6484,36,11
6486,57,10
6486,1801,10
6487,1801,10
6489,245,14
6489,533,15
6489,951,11
6492,68,11
6492,109,12
6492,245,16
6492,644,11
6494,987,13
6495,278,12
6496,35,13
6496,36,12
6496,278,16
6496,1801,14
6497,35,13
6497,36,13
6497,278,19
6497,644,11
6497,957,13
6497,1801,18
6498,278,11
6501,99,12
6501,4741,11
6547,1801,11
6547,6548,13
6548,253,11
6557,235,10
6557,236,10
6570,99,10
6572,322,15
6573,31,11
6573,99,21
6573,122,24
6575,7,12
6575,99,26
6575,136,12
6575,218,14
6575,477,11
6575,6435,10
6575,6921,11
6577,99,10
6577,533,10
6602,1801,11
6607,99,11
6607,245,21
6607,533,17
6637,278,12
6637,1801,10
6638,278,11
6638,1801,10
6643,68,10
6643,4974,10
6671,1251,10
6695,951,12
6695,1801,11
6759,7,14
6759,23,11
6759,68,11
6759,338,11
6759,345,11
6759,351,11
6759,352,11
6759,379,10
6759,2680,11
6759,6269,11
6759,6760,10
6760,7,14
6760,68,10
6760,278,10
6762,7,23
6762,35,17
6762,36,22
6762,68,69
6762,128,21
6762,136,28
6762,218,11
6762,245,32
6762,278,26
6762,295,11
6762,533,30
6762,624,16
6762,646,24
6762,841,10
6762,1220,11
6762,1950,15
6762,2670,12
6762,4974,11
6762,5973,19
6762,6435,11
6762,6763,13
6762,6764,10
6762,6776,24
6762,6783,14
6762,6784,12
6762,6786,20
6763,68,20
6763,533,17
6763,6776,12
6764,35,11
6764,36,17
6764,68,21
6764,147,10
6764,245,15
6764,278,15
6764,379,13
6764,533,28
6764,1179,10
6764,2670,21
6764,4812,11
6764,4974,16
6764,6776,14
6764,6778,11
6764,6779,16
6764,6788,10
6776,31,14
6776,128,40
6776,136,25
6776,140,11
6776,278,27
6776,295,12
6776,475,17
6776,617,13
6776,646,27
6776,823,10
6776,867,10
6776,951,22
6776,1093,24
6776,1220,10
6776,1939,10
6776,1950,21
6776,2676,10
6776,5973,29
6776,6435,23
6776,6575,13
6776,6776,15
6776,6779,14
6776,6783,11
6776,6784,27
6776,6786,27
6776,6921,15
6781,31,10
6781,4617,10
6783,7,12
6783,31,16
6783,68,48
6783,136,21
6783,379,14
6783,788,10
6783,1093,11
6783,1540,10
6783,5973,14
6783,6435,12
6783,6786,13
6783,6941,13
6784,7,15
6784,31,16
6784,35,13
6784,136,28
6784,617,11
6784,660,10
6784,951,25
6784,1093,21
6784,6786,21
6784,6787,10
6785,951,12
6785,6786,11
6786,7,30
6786,23,10
6786,31,17
6786,136,34
6786,218,16
6786,245,29
6786,404,11
6786,533,14
6786,617,11
6786,644,15
6786,712,14
6786,729,16
6786,788,14
6786,811,13
6786,820,14
6786,951,46
6786,957,13
6786,1004,10
6786,1093,40
6786,1251,10
6786,1540,15
6786,5845,10
6786,6384,13
6786,6786,11
6786,6921,17
6786,6941,14
6787,7,10
6787,35,15
6787,245,15
6787,379,15
6787,533,21
6787,5859,11
6787,6762,10
6788,5859,10
6789,533,17
6793,6443,10
6823,68,10
6845,3988,14
6845,6846,18
6846,3988,14
6867,36,10
6867,278,11
6867,951,15
6869,278,11
6876,7,10
6876,611,10
6876,823,14
6876,6879,13
6879,7,11
6879,5859,10
6879,6895,15
6879,7825,10
6879,7826,10
6895,109,23
6895,370,24
6895,609,10
6895,7788,22
6895,7789,25
6895,7826,11
6896,68,12
6915,235,11
6915,236,11
6919,218,10
6921,7,17
6921,31,26
6921,36,17
6921,128,21
6921,133,10
6921,139,15
6921,218,28
6921,533,11
6921,624,17
6921,626,11
6921,788,15
6921,1093,11
6921,5973,16
6921,6762,15
6921,6783,20
6921,6784,10
6921,6921,15
6921,6941,19
6941,646,11
6941,788,24
6941,1004,11
6941,1540,13
6941,1950,11
6941,6762,14
6951,533,10
6958,85,11
6958,122,27
6958,154,11
6958,295,13
6958,570,12
6958,605,15
6958,644,20
6958,803,10
6958,4791,10
6958,6340,12
6958,7125,25
6958,8129,12
6958,8131,14
6960,74,12
6960,99,18
6977,617,11
6977,852,10
6991,797,10
6991,6995,10
6991,6996,10
6995,797,20
6995,814,11
6995,6996,22
6996,31,19
6996,797,20
6996,814,11
6996,5145,10
6997,31,17
6997,36,11
6997,74,17
6997,145,10
6997,245,17
6997,278,16
6997,533,10
6997,617,15
6997,6762,10
6997,6997,11
6997,7002,11
7002,1233,17
7002,3529,14
7002,7002,16
7002,7063,10
7007,68,11
7018,852,10
7027,814,10
7032,5145,17
7032,7035,17
7034,5145,14
7034,7035,14
7035,58,10
7035,73,45
7035,74,43
7035,103,18
7035,135,20
7035,517,11
7035,845,12
7035,942,12
7035,998,10
7035,999,10
7035,1052,32
7035,1207,11
7035,1233,34
7035,1244,10
7035,1626,10
7035,2463,12
7035,2842,12
7035,3529,35
7035,3963,11
7035,4095,11
7035,4441,10
7035,5715,11
7035,5716,12
7035,6161,12
7035,6997,17
7035,6999,11
7035,7001,10
7035,7002,83
7035,7004,10
7035,7010,11
7035,7035,89
7035,7049,10
7035,7053,10
7035,7054,11
7035,7055,10
7035,7056,11
7035,7057,11
7035,7058,11
7035,7059,12
7035,7060,11
7035,7061,12
7035,7062,11
7035,7063,22
7035,7064,12
7035,7065,12
7035,7066,12
7035,7067,12
7035,7068,11
7035,7069,11
7035,7070,12
7035,7071,12
7035,7072,12
7035,7073,12
7035,7074,12
7035,7075,12
7035,7076,12
7035,7077,12
7035,7078,12
7035,7079,12
7035,7080,12
7035,7081,11
7035,7082,11
7035,7083,11
7035,7084,10
7035,7085,10
7035,7086,10
7059,475,17
7059,1102,13
7059,4796,13
7094,278,13
7094,1540,10
7096,68,11
7096,145,12
7096,151,12
7096,245,14
7096,7097,18
7097,68,12
7097,145,12
7097,151,12
7097,245,23
7097,533,15
7097,3889,17
7098,145,12
7115,814,10
7125,68,37
7125,74,11
7125,91,10
7125,99,56
7125,105,11
7125,122,231
7125,127,40
7125,145,17
7125,147,12
7125,154,102
7125,185,13
7125,186,52
7125,245,10
7125,263,15
7125,278,10
7125,295,92
7125,322,32
7125,397,70
7125,407,17
7125,432,10
7125,437,11
7125,463,13
7125,466,12
7125,471,26
7125,472,26
7125,475,151
7125,477,34
7125,525,18
7125,586,11
7125,590,60
7125,605,123
7125,611,17
7125,624,13
7125,660,14
7125,751,12
7125,789,242
7125,803,280
7125,809,11
7125,814,217
7125,957,88
7125,1113,80
7125,1114,10
7125,1117,25
7125,1132,21
7125,1152,11
7125,1156,22
7125,1166,35
7125,1189,13
7125,1277,38
7125,1289,25
7125,1300,14
7125,1386,26
7125,1490,13
7125,1510,18
7125,1525,12
7125,1579,11
7125,1645,31
7125,1763,15
7125,1767,11
7125,1768,11
7125,3115,29
7125,3116,15
7125,3250,16
7125,3327,39
7125,3331,28
7125,3363,90
7125,3410,15
7125,3458,10
7125,3503,11
7125,3517,16
7125,3526,58
7125,3629,21
7125,3747,20
7125,3858,13
7125,4070,11
7125,4302,12
7125,4629,14
7125,4741,12
7125,4790,16
7125,4791,68
7125,4799,63
7125,4803,20
7125,4919,36
7125,4931,13
7125,4951,12
7125,5003,20
7125,5034,10
7125,5140,18
7125,5141,39
7125,5150,28
7125,5902,10
7125,5979,27
7125,6094,10
7125,7125,110
7125,8039,25
7125,8128,126
7125,8129,101
7125,8130,117
7125,8235,12
7125,8238,12
7125,8255,11
7125,8628,18
7125,8802,16
7139,2288,11
7251,68,31
7251,503,10
7251,622,11
7251,867,10
7251,1929,10
7251,3280,11
7251,3324,11
7251,5003,32
7251,10247,10
7478,331,10
7478,951,10
7508,917,10
7508,10174,11
7531,235,11
7531,236,12
7546,1904,12
7597,644,13
7654,58,10
7654,951,11
7654,1251,14
7697,645,10
7697,7698,18
7697,7706,14
7698,645,10
7698,7706,15
7706,3733,12
7736,533,10
7740,68,11
7740,534,13
7740,6318,12
7745,235,11
7745,236,12
7748,235,10
7748,236,10
7768,4762,11
7768,7769,11
7769,4762,12
7776,4629,10
7779,338,13
7779,3988,11
7779,8594,12
7788,7,11
7788,475,10
7788,1052,11
7788,1589,12
7788,6879,12
7788,7788,12
7788,7789,33
7788,7825,15
7789,7,17
7789,475,10
7789,867,10
7789,1052,15
7789,1138,11
7789,1589,12
7789,6879,12
7789,7789,12
7789,7825,17
7789,7843,10
7801,5228,13
7813,127,14
7813,823,70
7813,961,36
7813,1589,53
7813,3321,10
7813,3873,18
7813,4070,10
7813,4803,14
7813,5003,12
7813,6111,12
7813,6289,19
7813,7813,11
7813,8635,12
7813,10171,46
7813,10274,26
7825,568,26
7825,6895,13
7825,7826,10
7826,370,10
7826,566,11
7826,568,14
7826,5228,24
7826,5589,12
7827,5228,15
7828,5228,14
7829,5228,13
7832,370,15
7839,127,15
7839,533,25
7839,1589,15
7839,10171,10
7844,533,24
7860,235,11
7860,236,11
7866,68,12
7866,99,10
7866,533,15
7866,2288,15
7867,68,11
7874,475,12
7935,5248,10
7948,67,11
7948,951,11
7999,8000,10
8000,7,14
8000,336,20
8000,533,14
8000,568,11
8000,951,12
8000,1251,10
8000,8002,11
8000,8003,11
8000,8007,18
8000,8018,13
8000,8019,13
8001,336,10
8002,336,21
8002,8003,11
8002,8007,21
8002,8014,12
8002,8015,12
8002,8018,15
8002,8019,15
8003,336,20
8003,8007,21
8003,8014,12
8003,8015,12
8003,8018,15
8003,8019,15
8007,951,11
8007,1251,12
8007,4683,11
8007,7479,12
8007,8007,16
8007,8013,12
8007,8014,23
8007,8015,23
8007,8016,12
8007,8018,25
8007,8019,25
8011,297,10
8011,1589,10
8014,8015,16
8014,8018,16
8014,8019,16
8015,8018,16
8015,8019,16
8018,8019,16
8032,524,11
8039,7,18
8039,12,11
8039,397,10
8039,432,10
8039,449,10
8039,463,10
8039,1049,10
8039,1113,15
8039,1490,11
8039,4799,16
8039,6340,24
8049,1307,11
8094,31,11
8127,85,18
8127,145,31
8127,185,13
8127,419,12
8127,644,20
8127,751,32
8127,803,16
8127,957,29
8127,3101,19
8127,3327,38
8127,3363,30
8127,4629,32
8127,4720,26
8127,4919,38
8127,6201,26
8127,6340,19
8127,8127,12
8127,8128,10
8127,8129,11
8127,8130,15
8127,8131,13
8128,12,10
8128,31,69
8128,85,40
8128,99,17
8128,122,76
8128,145,26
8128,154,37
8128,185,20
8128,419,14
8128,449,15
8128,471,16
8128,525,19
8128,590,36
8128,605,72
8128,656,14
8128,751,28
8128,957,24
8128,1152,11
8128,1277,22
8128,1289,16
8128,1386,19
8128,2032,10
8128,2125,64
8128,2696,20
8128,3101,15
8128,3327,47
8128,3363,24
8128,3410,12
8128,3526,27
8128,4629,28
8128,4720,24
8128,4791,46
8128,4919,46
8128,4951,10
8128,5141,10
8128,5265,15
8128,5979,14
8128,6201,25
8128,6267,34
8128,6340,41
8128,6958,17
8128,8039,18
8128,8128,39
8128,8129,78
8128,8130,100
8128,8131,85
8128,8238,10
8129,31,52
8129,85,46
8129,99,14
8129,122,60
8129,145,21
8129,154,35
8129,185,17
8129,463,10
8129,471,15
8129,590,22
8129,751,25
8129,803,85
8129,1152,15
8129,1289,14
8129,1386,14
8129,2032,11
8129,3101,15
8129,3410,11
8129,3526,20
8129,4629,24
8129,4741,11
8129,4791,28
8129,5140,13
8129,5141,12
8129,5265,13
8129,5979,15
8129,6267,35
8129,6340,48
8129,8039,15
8129,8129,17
8129,8130,77
8129,8131,65
8129,8210,11
8129,8211,11
8129,8212,11
8130,12,13
8130,31,72
8130,99,17
8130,122,73
8130,127,15
8130,154,32
8130,185,22
8130,186,11
8130,397,38
8130,471,13
8130,590,27
8130,605,63
8130,644,165
8130,803,125
8130,814,58
8130,1113,52
8130,1152,11
8130,1166,11
8130,1277,28
8130,1289,13
8130,1386,14
8130,1645,23
8130,2032,11
8130,2125,52
8130,3526,24
8130,4791,36
8130,4803,10
8130,5141,14
8130,5979,20
8130,6267,34
8130,6958,15
8130,8039,14
8130,8130,33
8130,8131,78
8130,8210,11
8130,8211,11
8130,8212,11
8131,31,59
8131,99,13
8131,122,68
8131,154,33
8131,397,22
8131,471,16
8131,590,29
8131,644,129
8131,803,84
8131,814,26
8131,1113,23
8131,1289,15
8131,1386,16
8131,2032,10
8131,2125,56
8131,3526,19
8131,4791,38
8131,4799,19
8131,5979,14
8131,6267,31
8131,7125,91
8131,8039,13
8131,8131,22
8131,8210,10
8131,8211,10
8131,8212,10
8137,7,11
8169,31,14
8169,10174,10
8210,475,19
8210,823,31
8210,4780,10
8210,6267,11
8210,7125,23
8210,8211,11
8210,8212,11
8211,99,10
8211,475,19
8211,823,30
8211,4780,10
8211,6267,11
8211,7125,24
8211,8212,11
8212,99,10
8212,475,18
8212,823,30
8212,4780,10
8212,6267,11
8212,7125,24
8218,957,10
8219,4919,10
8230,533,18
8230,803,11
8230,7125,11
8235,524,10
8245,533,14
8270,245,10
8277,1251,10
8301,1,30
8301,27,31
8301,30,13
8301,31,27
8301,34,41
8301,35,157
8301,36,134
8301,39,13
8301,51,16
8301,55,10
8301,57,203
8301,58,157
8301,59,14
8301,67,121
8301,68,78
8301,71,21
8301,81,14
8301,99,23
8301,122,29
8301,137,108
8301,155,19
8301,199,11
8301,227,15
8301,229,30
8301,245,104
8301,251,11
8301,297,36
8301,331,126
8301,375,15
8301,416,11
8301,428,20
8301,446,14
8301,475,11
8301,508,38
8301,509,26
8301,522,13
8301,533,58
8301,544,15
8301,566,14
8301,568,17
8301,604,26
8301,611,20
8301,644,184
8301,673,16
8301,762,16
8301,763,15
8301,765,20
8301,799,10
8301,803,89
8301,808,80
8301,880,33
8301,932,13
8301,987,31
8301,1028,26
8301,1093,111
8301,1211,11
8301,1244,18
8301,1251,109
8301,1252,124
8301,1365,13
8301,1371,10
8301,1417,19
8301,1488,15
8301,1581,118
8301,1589,130
8301,1619,15
8301,1732,13
8301,1799,93
8301,1801,401
8301,1805,57
8301,1811,57
8301,1812,28
8301,1813,38
8301,1814,63
8301,1816,10
8301,1820,20
8301,1825,12
8301,1828,25
8301,1833,74
8301,1851,21
8301,1852,15
8301,1853,15
8301,1877,14
8301,1878,18
8301,1879,14
8301,1889,18
8301,1892,52
8301,1893,65
8301,1894,30
8301,1904,99
8301,1916,35
8301,1929,22
8301,1938,67
8301,1960,16
8301,1973,16
8301,2007,26
8301,2008,26
8301,2027,22
8301,2065,27
8301,2068,69
8301,2077,14
8301,2092,12
8301,2099,28
8301,2166,17
8301,2204,10
8301,2239,10
8301,2245,13
8301,2313,12
8301,2432,18
8301,2440,14
8301,2480,15
8301,2491,13
8301,2581,10
8301,2583,17
8301,2632,14
8301,2648,10
8301,2657,11
8301,2670,16
8301,2677,13
8301,2696,42
8301,2707,11
8301,2817,10
8301,2853,18
8301,2900,11
8301,2901,37
8301,2961,50
8301,2992,13
8301,3205,22
8301,3238,13
8301,3609,23
8301,4050,13
8301,4054,10
8301,4113,17
8301,4168,11
8301,4187,82
8301,4194,42
8301,4207,10
8301,4247,10
8301,4432,12
8301,4433,11
8301,4462,17
8301,4521,20
8301,4702,18
8301,4703,12
8301,4769,14
8301,4891,12
8301,5203,18
8301,5465,12
8301,5502,22
8301,5734,14
8301,5793,13
8301,5945,18
8301,6103,15
8301,6207,11
8301,6386,13
8301,6428,21
8301,6497,12
8301,7546,17
8301,7839,11
8301,8262,10
8301,8301,182
8301,8308,12
8301,8310,16
8301,8311,10
8301,8315,111
8301,8347,11
8301,8361,11
8301,8362,24
8301,8483,11
8301,8521,11
8301,8570,15
8301,8572,10
8301,8607,17
8301,8707,25
8301,8708,10
8301,8836,24
8301,8912,10
8301,8969,14
8301,8987,11
8301,8990,13
8301,8991,12
8301,8996,10
8301,9114,22
8301,9218,10
8308,644,16
8308,1801,14
8308,1904,11
8310,644,18
8310,4187,10
8315,7,11
8315,34,11
8315,58,31
8315,331,21
8315,509,10
8315,808,15
8315,880,12
8315,1251,24
8315,1799,21
8315,1805,16
8315,1814,15
8315,1833,14
8315,1892,10
8315,1893,19
8315,2007,10
8315,2068,13
8315,8315,12
8377,3104,10
8446,322,11
8446,803,13
8521,109,11
8521,475,10
8521,1102,10
8521,4796,10
8570,35,10
8570,109,12
8570,1251,12
8570,1801,19
8570,1891,12
8570,1893,13
8571,1801,11
8572,99,11
8572,186,16
8572,322,22
8572,472,11
8572,508,21
8572,570,19
8572,789,19
8572,803,72
8572,1102,53
8572,2696,13
8572,3331,11
8572,3752,11
8572,4780,15
8572,4796,51
8572,4892,15
8572,5141,12
8572,5366,11
8572,6267,29
8572,7125,31
8572,8607,43
8572,8629,14
8572,8630,17
8572,8631,18
8572,8632,15
8572,8634,12
8572,8635,18
8572,8734,11
8586,336,12
8588,336,32
8588,338,17
8588,885,14
8588,951,12
8588,957,11
8588,1251,15
8588,1581,14
8588,1801,13
8588,1891,13
8588,1938,11
8588,3988,18
8588,4545,10
8588,4683,22
8588,4762,28
8588,7779,17
8588,8588,13
8588,8589,19
8588,8590,15
8588,8594,16
8588,8599,14
8589,336,18
8589,4762,12
8589,7779,10
8590,336,22
8590,338,10
8590,885,11
8590,4762,10
8590,7779,13
8590,8594,10
8590,8599,11
8594,338,16
8607,7,99
8607,30,19
8607,31,19
8607,36,13
8607,81,32
8607,99,42
8607,109,22
8607,111,16
8607,122,114
8607,127,68
8607,147,24
8607,154,74
8607,161,10
8607,185,18
8607,186,40
8607,189,16
8607,193,14
8607,197,19
8607,213,12
8607,214,19
8607,216,13
8607,217,10
8607,219,17
8607,254,15
8607,256,24
8607,263,19
8607,275,36
8607,278,21
8607,288,32
8607,295,39
8607,322,119
8607,323,17
8607,360,18
8607,398,26
8607,407,35
8607,409,13
8607,416,25
8607,419,22
8607,420,14
8607,423,24
8607,428,19
8607,437,22
8607,472,12
8607,475,445
8607,477,27
8607,479,11
8607,484,23
8607,505,40
8607,508,97
8607,522,21
8607,524,12
8607,525,16
8607,533,76
8607,534,11
8607,535,13
8607,563,11
8607,568,17
8607,570,77
8607,573,24
8607,574,12
8607,583,29
8607,586,12
8607,597,17
8607,605,28
8607,611,21
8607,644,15
8607,660,15
8607,789,94
8607,803,156
8607,811,27
8607,823,255
8607,832,11
8607,836,14
8607,957,155
8607,987,31
8607,1006,18
8607,1094,19
8607,1102,248
8607,1122,14
8607,1132,20
8607,1150,12
8607,1156,10
8607,1188,48
8607,1277,23
8607,1290,20
8607,1300,15
8607,1361,11
8607,1371,18
8607,1418,10
8607,1488,21
8607,1489,53
8607,1498,16
8607,1510,23
8607,1684,19
8607,1763,14
8607,1801,22
8607,2076,12
8607,2113,12
8607,2262,13
8607,2371,53
8607,2436,24
8607,2463,23
8607,2649,10
8607,2696,44
8607,2819,40
8607,2904,11
8607,2961,30
8607,3089,11
8607,3115,29
8607,3116,19
8607,3227,16
8607,3250,46
8607,3264,12
8607,3280,14
8607,3331,53
8607,3517,14
8607,3537,16
8607,3555,61
8607,3669,20
8607,3671,12
8607,3711,83
8607,3747,14
8607,3752,42
8607,3762,20
8607,3801,10
8607,3830,19
8607,3872,12
8607,3881,13
8607,3953,18
8607,4435,11
8607,4723,28
8607,4740,43
8607,4790,15
8607,4796,259
8607,4799,16
8607,4803,17
8607,4892,32
8607,4949,10
8607,5003,15
8607,5141,28
8607,5150,16
8607,5206,10
8607,5301,20
8607,5366,35
8607,5589,20
8607,5737,13
8607,5902,12
8607,5945,11
8607,6267,59
8607,6289,12
8607,6494,17
8607,6572,13
8607,7125,87
8607,7839,11
8607,8446,10
8607,8607,114
8607,8623,67
8607,8625,27
8607,8626,10
8607,8628,29
8607,8629,27
8607,8630,29
8607,8631,31
8607,8632,29
8607,8633,25
8607,8634,28
8607,8635,35
8607,8729,12
8607,8734,37
8607,8786,14
8607,8787,12
8607,8794,13
8607,8796,10
8607,8802,14
8607,8828,11
8607,8829,10
8607,8830,10
8607,8831,10
8607,8847,12
8607,8922,12
8623,30,13
8623,111,10
8623,154,19
8623,215,17
8623,216,10
8623,275,11
8623,288,16
8623,295,16
8623,324,12
8623,360,17
8623,407,11
8623,437,10
8623,789,23
8623,803,30
8623,1102,58
8623,1290,17
8623,1489,14
8623,1510,12
8623,2819,29
8623,3331,18
8623,3752,12
8623,6572,11
8623,8623,18
8625,154,16
8625,437,13
8625,789,23
8625,803,26
8625,823,45
8625,1102,44
8625,7125,11
8625,8572,18
8625,8628,21
8628,12,10
8628,154,16
8628,437,13
8628,789,15
8628,1102,39
8628,1489,13
8628,6494,10
8629,99,27
8629,127,11
8629,472,10
8629,761,15
8629,803,59
8629,823,66
8629,1102,31
8629,1156,11
8629,1168,18
8629,7125,35
8629,8630,44
8629,8631,45
8629,8632,38
8630,99,28
8630,127,14
8630,472,12
8630,476,14
8630,522,10
8630,761,19
8630,803,88
8630,810,10
8630,823,101
8630,1102,34
8630,1156,11
8630,1168,20
8630,5902,10
8630,7125,41
8630,8630,18
8630,8631,63
8630,8632,48
8631,7,15
8631,99,30
8631,127,13
8631,189,11
8631,472,16
8631,476,16
8631,522,10
8631,761,22
8631,803,93
8631,823,106
8631,1102,37
8631,1156,15
8631,1168,25
8631,1579,11
8631,5902,12
8631,7125,52
8631,8255,12
8631,8631,25
8631,8632,53
8632,7,13
8632,99,28
8632,127,12
8632,472,14
8632,476,11
8632,522,10
8632,761,16
8632,803,68
8632,823,76
8632,1102,31
8632,1156,13
8632,1168,16
8632,7125,38
8632,8632,11
8633,7,14
8633,127,12
8633,154,22
8633,472,13
8633,533,10
8633,803,51
8633,823,86
8633,1102,24
8633,1166,13
8633,7125,20
8633,8633,10
8633,8634,34
8633,8635,32
8634,7,13
8634,154,21
8634,472,13
8634,803,55
8634,823,94
8634,1102,25
8634,1166,13
8634,7125,20
8634,8634,10
8634,8635,34
8635,7,35
8635,127,27
8635,154,31
8635,204,10
8635,295,10
8635,444,22
8635,445,22
8635,471,15
8635,472,12
8635,533,76
8635,617,16
8635,803,68
8635,823,153
8635,964,15
8635,1004,11
8635,1102,22
8635,1132,21
8635,1152,10
8635,1156,10
8635,1166,20
8635,1489,12
8635,1510,11
8635,2288,35
8635,3324,14
8635,3669,17
8635,3675,11
8635,6267,14
8635,7125,16
8635,8635,28
8635,8835,34
8635,9633,13
8635,10086,14
8659,475,13
8659,8607,11
8660,31,11
8660,313,12
8660,8660,15
8660,8765,12
8667,533,10
8669,8607,16
8691,475,10
8707,7,12
8707,68,13
8707,245,19
8707,278,15
8707,475,15
8707,951,18
8707,1811,10
8707,1814,15
8707,2677,13
8707,5945,12
8707,9114,10
8723,8607,10
8734,570,21
8734,803,24
8734,814,37
8734,823,68
8734,3711,12
8734,7125,12
8760,8660,11
8761,8660,11
8762,8660,12
8777,811,12
8777,814,10
8781,475,19
8781,814,10
8781,823,23
8781,1102,19
8781,3711,11
8781,4796,19
8782,475,19
8782,823,22
8782,1102,20
8782,3711,11
8782,4796,19
8783,475,10
8783,1102,10
8783,4796,10
8784,475,10
8784,1102,10
8784,4796,10
8786,814,20
8786,823,57
8786,8787,18
8787,814,20
8792,4780,11
8794,803,17
8794,823,49
8796,322,12
8796,803,12
8802,7,12
8802,99,11
8802,122,20
8802,508,12
8802,3503,10
8802,3566,10
8802,3747,10
8802,4803,15
8804,823,12
8805,823,11
8806,322,11
8806,475,14
8806,823,10
8835,12,12
8835,31,18
8835,68,43
8835,74,10
8835,102,15
8835,127,41
8835,153,18
8835,154,22
8835,156,12
8835,215,17
8835,276,17
8835,397,50
8835,407,17
8835,428,13
8835,444,69
8835,445,78
8835,448,63
8835,471,31
8835,474,17
8835,479,19
8835,508,19
8835,525,15
8835,533,162
8835,570,20
8835,581,37
8835,589,18
8835,597,23
8835,617,23
8835,622,24
8835,624,17
8835,654,13
8835,761,12
8835,792,12
8835,803,28
8835,811,23
8835,823,93
8835,836,68
8835,867,11
8835,953,13
8835,957,10
8835,961,33
8835,987,34
8835,1004,31
8835,1100,12
8835,1117,32
8835,1132,68
8835,1277,15
8835,1510,13
8835,1684,13
8835,1725,13
8835,1730,11
8835,1912,10
8835,2334,40
8835,2949,15
8835,3204,18
8835,3236,12
8835,3324,70
8835,3466,11
8835,3560,17
8835,3669,25
8835,3673,19
8835,3748,13
8835,3873,70
8835,4799,24
8835,4803,21
8835,5168,39
8835,5849,14
8835,5991,53
8835,6111,30
8835,6168,10
8835,6275,10
8835,7251,16
8835,7813,27
8835,8835,38
8835,9633,69
8835,10086,64
8835,10087,34
8835,10088,20
8835,10104,12
8835,10168,11
8835,10171,77
8836,35,11
8836,36,10
8836,644,19
8836,1252,11
8857,475,17
8922,1188,17
8922,1489,13
8930,245,12
8930,533,13
8930,3889,11
8969,245,13
8987,644,12
8990,278,10
9014,3104,10
9094,533,10
9114,68,12
9114,245,10
9114,1814,10
9290,230,10
9290,1641,11
9290,9290,10
9297,1871,12
9353,175,12
9353,245,32
9353,533,29
9353,1959,15
9353,9353,13
9358,245,10
9358,533,13
9370,68,18
9370,122,10
9370,589,11
9370,1188,10
9370,2288,15
9370,3275,31
9397,99,10
9400,235,12
9400,236,12
9421,444,14
9421,2339,10
9421,5951,14
9432,68,10
9432,99,27
9432,245,29
9433,245,17
9450,3873,10
9480,245,18
9565,245,10
9565,533,10
9633,31,18
9633,68,19
9633,122,75
9633,127,27
9633,147,12
9633,245,33
9633,276,14
9633,278,12
9633,397,34
9633,508,13
9633,522,22
9633,525,11
9633,597,13
9633,617,11
9633,622,12
9633,624,17
9633,761,11
9633,803,13
9633,811,16
9633,823,43
9633,961,10
9633,964,14
9633,971,14
9633,987,22
9633,1132,43
9633,1277,14
9633,1589,36
9633,1684,11
9633,2288,79
9633,2334,21
9633,3236,11
9633,3324,43
9633,3560,14
9633,3669,21
9633,4799,13
9633,4803,12
9633,5168,24
9633,5991,41
9633,6111,20
9633,6275,11
9633,6289,36
9633,9633,16
9633,9635,10
9633,9636,10
9633,10086,42
9633,10087,25
9633,10088,15
9692,99,18
9694,375,11
9694,376,12
9694,1893,15
10086,7,29
10086,68,25
10086,122,61
10086,127,23
10086,154,13
10086,276,11
10086,278,10
10086,397,29
10086,416,21
10086,471,15
10086,508,11
10086,522,12
10086,581,21
10086,597,10
10086,617,15
10086,622,11
10086,761,10
10086,803,14
10086,823,32
10086,961,17
10086,987,19
10086,1132,35
10086,1589,31
10086,1645,12
10086,2125,10
10086,2334,18
10086,3324,47
10086,3669,18
10086,3748,10
10086,6111,17
10086,6289,30
10086,7813,11
10086,10087,22
10086,10088,14
10087,7,30
10087,68,12
10087,122,22
10087,416,19
10087,581,31
10087,622,10
10087,2334,13
10087,3104,11
10087,3280,10
10087,3466,14
10087,6289,23
10087,10087,13
10087,10088,18
10088,7,10
10088,122,13
10088,416,11
10088,581,15
10088,2334,10
10088,6289,13
10104,122,13
10104,3280,20
10168,7,16
10168,145,11
10168,611,11
10168,1589,10
10168,3280,24
10168,4803,14
10168,5003,22
10168,6289,11
10168,7251,10
10168,7813,10
10168,10171,13
10171,68,25
10171,122,125
10171,127,33
10171,154,20
10171,397,74
10171,407,17
10171,444,40
10171,445,47
10171,448,25
10171,581,14
10171,617,36
10171,803,44
10171,823,152
10171,953,12
10171,964,24
10171,987,17
10171,1004,18
10171,1015,12
10171,1132,83
10171,1510,11
10171,1589,107
10171,3104,12
10171,3280,114
10171,3324,38
10171,3669,14
10171,3673,40
10171,3828,13
10171,3873,56
10171,5168,37
10171,5991,26
10171,6111,20
10171,6289,38
10171,7251,14
10171,8635,35
10171,9633,32
10171,10086,34
10171,10087,15
10171,10171,45
10171,10274,62
10174,917,19
10174,936,11
10174,955,12
10174,5532,19
10174,10215,12
10215,644,14
10215,5004,14
10247,1912,15
10247,1929,14
10247,3024,16
10247,3280,11
10247,5003,57
10257,823,10
10274,7,13
10274,145,10
10274,154,12
10274,407,10
10274,444,20
10274,445,21
10274,448,12
10274,522,12
10274,617,24
10274,964,24
10274,2288,40
10274,3324,11
10274,3873,36
10274,5168,30
10274,5991,10
10274,6111,12
10274,6289,12
10274,7839,10
10274,8635,25
10274,8835,35
10274,9633,16
10274,10086,10
10274,10274,23
10278,5003,12
10294,245,10
10348,122,10
